TranspositionTable constructor called with size_mb = 700
num_entries = 18350080
table pointer = 140540148445200
TranspositionTable::clear() called.
TranspositionTable constructor finished.
Engine starting...
Engine finished.
TranspositionTable constructor called with size_mb = 700
num_entries = 18350080
table pointer = 140107447267344
TranspositionTable::clear() called.
TranspositionTable constructor finished.
Engine starting...
TranspositionTable constructor called with size_mb = 700
num_entries = 18350080
table pointer = 140206189572112
TranspositionTable::clear() called.
TranspositionTable constructor finished.
Engine starting...
TranspositionTable constructor called with size_mb = 700
num_entries = 18350080
table pointer = 140681821548560
TranspositionTable::clear() called.
TranspositionTable constructor finished.
Engine starting...
TranspositionTable constructor called with size_mb = 700
num_entries = 18350080
table pointer = 139718366851088
TranspositionTable::clear() called.
TranspositionTable constructor finished.
Engine starting...
Enter search
Starting search for depth 1, searching is true
Enter alpha_beta_search
Entering alpha_beta_search function (current_depth 1, max_depth 2)
tt.probe called with key = 14183000919105160113, num_entries = 18350080
calculated index = 1917873
Accessing table[index].key
get_bishop_attacks for square 2
occupancy after mask: 2560
occupancy after magic mul: 1175443006172430336
occupancy after shift: 2
attacks: 2560
get_bishop_attacks for square 5
occupancy after mask: 20480
occupancy after magic mul: 2930165545624227840
occupancy after shift: 5
attacks: 20480
get_rook_attacks for square 0
occupancy after mask: 281474976711038
occupancy after magic mul: 3108638780263706560
occupancy after shift: 690
attacks: 258
get_rook_attacks for square 7
occupancy after mask: 36028797018996862
occupancy after magic mul: 3391263708255633152
occupancy after shift: 753
attacks: 32832
get_rook_attacks for square 3
occupancy after mask: 2251799813687414
occupancy after magic mul: 1381021119838140534
occupancy after shift: 153
attacks: 2068
get_bishop_attacks for square 3
occupancy after mask: 5120
occupancy after magic mul: 11585556781402726400
occupancy after shift: 20
attacks: 5120
get_bishop_attacks for square 2
occupancy after mask: 2560
occupancy after magic mul: 1175443006172430336
occupancy after shift: 2
attacks: 2560
get_bishop_attacks for square 5
occupancy after mask: 20480
occupancy after magic mul: 2930165545624227840
occupancy after shift: 5
attacks: 20480
get_rook_attacks for square 0
occupancy after mask: 281474976711038
occupancy after magic mul: 3108638780263706560
occupancy after shift: 690
attacks: 258
get_rook_attacks for square 7
occupancy after mask: 36028797018996862
occupancy after magic mul: 3391263708255633152
occupancy after shift: 753
attacks: 32832
get_rook_attacks for square 3
occupancy after mask: 2251799813687414
occupancy after magic mul: 1381021119838140534
occupancy after shift: 153
attacks: 2068
get_bishop_attacks for square 3
occupancy after mask: 5120
occupancy after magic mul: 11585556781402726400
occupancy after shift: 20
attacks: 5120
get_bishop_attacks for square 11
occupancy after mask: 0
occupancy after magic mul: 0
occupancy after shift: 0
attacks: 141017232965652
get_rook_attacks for square 11
occupancy after mask: 2251799813715456
occupancy after magic mul: 15494069400667865088
occupancy after shift: 860
attacks: 2260630401192968
get_bishop_attacks for square 11
occupancy after mask: 0
occupancy after magic mul: 0
occupancy after shift: 0
attacks: 141017232965652
get_rook_attacks for square 11
occupancy after mask: 2251799813715456
occupancy after magic mul: 15494069400667865088
occupancy after shift: 860
attacks: 2260630401192968
get_bishop_attacks for square 12
occupancy after mask: 0
occupancy after magic mul: 0
occupancy after shift: 0
attacks: 1659000848424
get_rook_attacks for square 12
occupancy after mask: 4503599627398656
occupancy after magic mul: 1946522616642076672
occupancy after shift: 108
attacks: 4521260802385936
get_bishop_attacks for square 12
occupancy after mask: 0
occupancy after magic mul: 0
occupancy after shift: 0
attacks: 1659000848424
get_rook_attacks for square 12
occupancy after mask: 4503599627398656
occupancy after magic mul: 1946522616642076672
occupancy after shift: 108
attacks: 4521260802385936
get_bishop_attacks for square 9
occupancy after mask: 18014398509481984
occupancy after magic mul: 2377900603251621888
occupancy after shift: 4
attacks: 18049651735592965
get_rook_attacks for square 9
occupancy after mask: 562949953453056
occupancy after magic mul: 12555489854105845760
occupancy after shift: 696
attacks: 565157600298242
get_bishop_attacks for square 9
occupancy after mask: 18014398509481984
occupancy after magic mul: 2377900603251621888
occupancy after shift: 4
attacks: 18049651735592965
get_rook_attacks for square 9
occupancy after mask: 562949953453056
occupancy after magic mul: 12555489854105845760
occupancy after shift: 696
attacks: 565157600298242
get_bishop_attacks for square 11
occupancy after mask: 0
occupancy after magic mul: 0
occupancy after shift: 0
attacks: 141017232965652
get_rook_attacks for square 11
occupancy after mask: 2251799813715456
occupancy after magic mul: 15494069400667865088
occupancy after shift: 860
attacks: 2260630401192968
get_bishop_attacks for square 11
occupancy after mask: 0
occupancy after magic mul: 0
occupancy after shift: 0
attacks: 141017232965652
get_rook_attacks for square 11
occupancy after mask: 2251799813715456
occupancy after magic mul: 15494069400667865088
occupancy after shift: 860
attacks: 2260630401192968
get_bishop_attacks for square 12
occupancy after mask: 0
occupancy after magic mul: 0
occupancy after shift: 0
attacks: 1659000848424
get_rook_attacks for square 12
occupancy after mask: 4503599627398656
occupancy after magic mul: 1946522616642076672
occupancy after shift: 108
attacks: 4521260802385936
get_bishop_attacks for square 12
occupancy after mask: 0
occupancy after magic mul: 0
occupancy after shift: 0
attacks: 1659000848424
get_rook_attacks for square 12
occupancy after mask: 4503599627398656
occupancy after magic mul: 1946522616642076672
occupancy after shift: 108
attacks: 4521260802385936
get_bishop_attacks for square 14
occupancy after mask: 562949953421312
occupancy after magic mul: 1154047404513689600
occupancy after shift: 2
attacks: 567382638592160
get_rook_attacks for square 14
occupancy after mask: 18014398509497856
occupancy after magic mul: 12538089536489259008
occupancy after shift: 696
attacks: 18085043209543744
get_bishop_attacks for square 14
occupancy after mask: 562949953421312
occupancy after magic mul: 1154047404513689600
occupancy after shift: 2
attacks: 567382638592160
get_rook_attacks for square 14
occupancy after mask: 18014398509497856
occupancy after magic mul: 12538089536489259008
occupancy after shift: 696
attacks: 18085043209543744
get_bishop_attacks for square 1
occupancy after mask: 1024
occupancy after magic mul: 1301856986027016192
occupancy after shift: 2
attacks: 1280
get_rook_attacks for square 1
occupancy after mask: 562949953421948
occupancy after magic mul: 361052204864340604
occupancy after shift: 40
attacks: 517
get_bishop_attacks for square 8
occupancy after mask: 9007199254740992
occupancy after magic mul: 2305843009213693952
occupancy after shift: 4
attacks: 9024825867763714
get_rook_attacks for square 8
occupancy after mask: 281474976742912
occupancy after magic mul: 4554334527704111104
occupancy after shift: 505
attacks: 282578800148993
get_bishop_attacks for square 8
occupancy after mask: 9007199254740992
occupancy after magic mul: 2305843009213693952
occupancy after shift: 4
attacks: 9024825867763714
get_rook_attacks for square 8
occupancy after mask: 281474976742912
occupancy after magic mul: 4554334527704111104
occupancy after shift: 505
attacks: 282578800148993
get_bishop_attacks for square 6
occupancy after mask: 8192
occupancy after magic mul: 9837062262538452992
occupancy after shift: 17
attacks: 40960
get_rook_attacks for square 6
occupancy after mask: 18014398509498430
occupancy after magic mul: 13510935497540894464
occupancy after shift: 1500
attacks: 16544
get_bishop_attacks for square 15
occupancy after mask: 1125899906842624
occupancy after magic mul: 2594073385365405696
occupancy after shift: 4
attacks: 1134765260406848
get_rook_attacks for square 15
occupancy after mask: 36028797018996224
occupancy after magic mul: 13767572231125203968
occupancy after shift: 1528
attacks: 36170086419021952
get_bishop_attacks for square 15
occupancy after mask: 1125899906842624
occupancy after magic mul: 2594073385365405696
occupancy after shift: 4
attacks: 1134765260406848
get_rook_attacks for square 15
occupancy after mask: 36028797018996224
occupancy after magic mul: 13767572231125203968
occupancy after shift: 1528
attacks: 36170086419021952
get_bishop_attacks for square 2
occupancy after mask: 2560
occupancy after magic mul: 1175443006172430336
occupancy after shift: 2
attacks: 2560
get_rook_attacks for square 2
occupancy after mask: 1125899906843762
occupancy after magic mul: 8326663435949644928
occupancy after shift: 924
attacks: 1050
get_bishop_attacks for square 4
occupancy after mask: 10240
occupancy after magic mul: 11575659104420495360
occupancy after shift: 20
attacks: 10240
get_rook_attacks for square 4
occupancy after mask: 4503599627374694
occupancy after magic mul: 9162854099081965568
occupancy after shift: 1017
attacks: 4140
get_bishop_attacks for square 10
occupancy after mask: 0
occupancy after magic mul: 0
occupancy after shift: 0
attacks: 36099303487963146
get_rook_attacks for square 10
occupancy after mask: 1125899906873856
occupancy after magic mul: 2093965078559719424
occupancy after shift: 116
attacks: 1130315200596484
get_bishop_attacks for square 10
occupancy after mask: 0
occupancy after magic mul: 0
occupancy after shift: 0
attacks: 36099303487963146
get_rook_attacks for square 10
occupancy after mask: 1125899906873856
occupancy after magic mul: 2093965078559719424
occupancy after shift: 116
attacks: 1130315200596484
get_bishop_attacks for square 11
occupancy after mask: 0
occupancy after magic mul: 0
occupancy after shift: 0
attacks: 141017232965652
get_rook_attacks for square 11
occupancy after mask: 2251799813715456
occupancy after magic mul: 15494069400667865088
occupancy after shift: 860
attacks: 2260630401192968
get_bishop_attacks for square 11
occupancy after mask: 0
occupancy after magic mul: 0
occupancy after shift: 0
attacks: 141017232965652
get_rook_attacks for square 11
occupancy after mask: 2251799813715456
occupancy after magic mul: 15494069400667865088
occupancy after shift: 860
attacks: 2260630401192968
get_bishop_attacks for square 12
occupancy after mask: 0
occupancy after magic mul: 0
occupancy after shift: 0
attacks: 1659000848424
get_rook_attacks for square 12
occupancy after mask: 4503599627398656
occupancy after magic mul: 1946522616642076672
occupancy after shift: 108
attacks: 4521260802385936
get_bishop_attacks for square 12
occupancy after mask: 0
occupancy after magic mul: 0
occupancy after shift: 0
attacks: 1659000848424
get_rook_attacks for square 12
occupancy after mask: 4503599627398656
occupancy after magic mul: 1946522616642076672
occupancy after shift: 108
attacks: 4521260802385936
Searching move 1: d1e1
Enter makemove
get_bishop_attacks for square 4
occupancy after mask: 10240
occupancy after magic mul: 11575659104420495360
occupancy after shift: 20
attacks: 10240
get_rook_attacks for square 4
occupancy after mask: 4503599627374694
occupancy after magic mul: 9162854099081965568
occupancy after shift: 1017
attacks: 4140
Enter alpha_beta_search
Entering alpha_beta_search function (current_depth 0, max_depth 2)
tt.probe called with key = 15686248262970809751, num_entries = 18350080
calculated index = 10395031
Accessing table[index].key
get_bishop_attacks for square 2
occupancy after mask: 2560
occupancy after magic mul: 1175443006172430336
occupancy after shift: 2
attacks: 2560
get_bishop_attacks for square 5
occupancy after mask: 20480
occupancy after magic mul: 2930165545624227840
occupancy after shift: 5
attacks: 20480
get_rook_attacks for square 0
occupancy after mask: 281474976711030
occupancy after magic mul: 15502520765522849472
occupancy after shift: 3442
attacks: 258
get_rook_attacks for square 7
occupancy after mask: 36028797018996854
occupancy after magic mul: 16938090279150304000
occupancy after shift: 3761
attacks: 32832
get_bishop_attacks for square 4
occupancy after mask: 10240
occupancy after magic mul: 11575659104420495360
occupancy after shift: 20
attacks: 10240
get_rook_attacks for square 4
occupancy after mask: 4503599627374694
occupancy after magic mul: 9162854099081965568
occupancy after shift: 1017
attacks: 4140
get_bishop_attacks for square 58
occupancy after mask: 2814749767106560
occupancy after magic mul: 2328361007350546432
occupancy after shift: 4
attacks: 2814749767106560
get_bishop_attacks for square 61
occupancy after mask: 22517998136852480
occupancy after magic mul: 2305843009213693952
occupancy after shift: 4
attacks: 22517998136852480
get_rook_attacks for square 56
occupancy after mask: 9079538323755630848
occupancy after magic mul: 2234207902789337344
occupancy after shift: 496
attacks: 144396663052566528
get_rook_attacks for square 63
occupancy after mask: 9115285645797916672
occupancy after magic mul: 11317697608000012288
occupancy after shift: 2513
attacks: 4647714815446351872
get_bishop_attacks for square 59
occupancy after mask: 5629499534213120
occupancy after magic mul: 15078051552436420608
occupancy after shift: 26
attacks: 5629499534213120
get_rook_attacks for square 59
occupancy after mask: 8505047896289183744
occupancy after magic mul: 15929372902967808000
occupancy after shift: 1768
attacks: 1443403680572243968
get_bishop_attacks for square 58
occupancy after mask: 2814749767106560
occupancy after magic mul: 2328361007350546432
occupancy after shift: 4
attacks: 2814749767106560
get_bishop_attacks for square 61
occupancy after mask: 22517998136852480
occupancy after magic mul: 2305843009213693952
occupancy after shift: 4
attacks: 22517998136852480
get_rook_attacks for square 56
occupancy after mask: 9079538323755630848
occupancy after magic mul: 2234207902789337344
occupancy after shift: 496
attacks: 144396663052566528
get_rook_attacks for square 63
occupancy after mask: 9115285645797916672
occupancy after magic mul: 11317697608000012288
occupancy after shift: 2513
attacks: 4647714815446351872
get_rook_attacks for square 59
occupancy after mask: 8505047896289183744
occupancy after magic mul: 15929372902967808000
occupancy after shift: 1768
attacks: 1443403680572243968
get_bishop_attacks for square 59
occupancy after mask: 5629499534213120
occupancy after magic mul: 15078051552436420608
occupancy after shift: 26
attacks: 5629499534213120
Undoing move: d1e1
Searching move 2: d1c1
Enter makemove
get_bishop_attacks for square 4
occupancy after mask: 10240
occupancy after magic mul: 11575659104420495360
occupancy after shift: 20
attacks: 10240
get_rook_attacks for square 4
occupancy after mask: 4503599627374694
occupancy after magic mul: 9162854099081965568
occupancy after shift: 1017
attacks: 4140
Enter alpha_beta_search
Entering alpha_beta_search function (current_depth 0, max_depth 2)
tt.probe called with key = 17800513714886067506, num_entries = 18350080
calculated index = 14730546
Accessing table[index].key
get_bishop_attacks for square 2
occupancy after mask: 2560
occupancy after magic mul: 1175443006172430336
occupancy after shift: 2
attacks: 2560
get_bishop_attacks for square 5
occupancy after mask: 20480
occupancy after magic mul: 2930165545624227840
occupancy after shift: 5
attacks: 20480
get_rook_attacks for square 0
occupancy after mask: 281474976711030
occupancy after magic mul: 15502520765522849472
occupancy after shift: 3442
attacks: 258
get_rook_attacks for square 7
occupancy after mask: 36028797018996854
occupancy after magic mul: 16938090279150304000
occupancy after shift: 3761
attacks: 32832
get_bishop_attacks for square 2
occupancy after mask: 2560
occupancy after magic mul: 1175443006172430336
occupancy after shift: 2
attacks: 2560
get_rook_attacks for square 2
occupancy after mask: 1125899906843762
occupancy after magic mul: 8326663435949644928
occupancy after shift: 924
attacks: 1050
get_bishop_attacks for square 58
occupancy after mask: 2814749767106560
occupancy after magic mul: 2328361007350546432
occupancy after shift: 4
attacks: 2814749767106560
get_bishop_attacks for square 61
occupancy after mask: 22517998136852480
occupancy after magic mul: 2305843009213693952
occupancy after shift: 4
attacks: 22517998136852480
get_rook_attacks for square 56
occupancy after mask: 9079538323755630848
occupancy after magic mul: 2234207902789337344
occupancy after shift: 496
attacks: 144396663052566528
get_rook_attacks for square 63
occupancy after mask: 9115285645797916672
occupancy after magic mul: 11317697608000012288
occupancy after shift: 2513
attacks: 4647714815446351872
get_bishop_attacks for square 59
occupancy after mask: 5629499534213120
occupancy after magic mul: 15078051552436420608
occupancy after shift: 26
attacks: 5629499534213120
get_rook_attacks for square 59
occupancy after mask: 8505047896289183744
occupancy after magic mul: 15929372902967808000
occupancy after shift: 1768
attacks: 1443403680572243968
get_bishop_attacks for square 58
occupancy after mask: 2814749767106560
occupancy after magic mul: 2328361007350546432
occupancy after shift: 4
attacks: 2814749767106560
get_bishop_attacks for square 61
occupancy after mask: 22517998136852480
occupancy after magic mul: 2305843009213693952
occupancy after shift: 4
attacks: 22517998136852480
get_rook_attacks for square 56
occupancy after mask: 9079538323755630848
occupancy after magic mul: 2234207902789337344
occupancy after shift: 496
attacks: 144396663052566528
get_rook_attacks for square 63
occupancy after mask: 9115285645797916672
occupancy after magic mul: 11317697608000012288
occupancy after shift: 2513
attacks: 4647714815446351872
get_rook_attacks for square 59
occupancy after mask: 8505047896289183744
occupancy after magic mul: 15929372902967808000
occupancy after shift: 1768
attacks: 1443403680572243968
get_bishop_attacks for square 59
occupancy after mask: 5629499534213120
occupancy after magic mul: 15078051552436420608
occupancy after shift: 26
attacks: 5629499534213120
Undoing move: d1c1
Searching move 3: a1b1
Enter makemove
get_bishop_attacks for square 4
occupancy after mask: 10240
occupancy after magic mul: 11575659104420495360
occupancy after shift: 20
attacks: 10240
get_rook_attacks for square 4
occupancy after mask: 4503599627374702
occupancy after magic mul: 10604027970609967104
occupancy after shift: 1177
attacks: 4136
Enter alpha_beta_search
Entering alpha_beta_search function (current_depth 0, max_depth 2)
tt.probe called with key = 11491898755659630304, num_entries = 18350080
calculated index = 8947424
Accessing table[index].key
get_bishop_attacks for square 2
occupancy after mask: 2560
occupancy after magic mul: 1175443006172430336
occupancy after shift: 2
attacks: 2560
get_bishop_attacks for square 5
occupancy after mask: 20480
occupancy after magic mul: 2930165545624227840
occupancy after shift: 5
attacks: 20480
get_rook_attacks for square 1
occupancy after mask: 562949953421948
occupancy after magic mul: 361052204864340604
occupancy after shift: 40
attacks: 517
get_rook_attacks for square 7
occupancy after mask: 36028797018996862
occupancy after magic mul: 3391263708255633152
occupancy after shift: 753
attacks: 32832
get_bishop_attacks for square 3
occupancy after mask: 5120
occupancy after magic mul: 11585556781402726400
occupancy after shift: 20
attacks: 5120
get_rook_attacks for square 3
occupancy after mask: 2251799813687414
occupancy after magic mul: 1381021119838140534
occupancy after shift: 153
attacks: 2068
get_bishop_attacks for square 58
occupancy after mask: 2814749767106560
occupancy after magic mul: 2328361007350546432
occupancy after shift: 4
attacks: 2814749767106560
get_bishop_attacks for square 61
occupancy after mask: 22517998136852480
occupancy after magic mul: 2305843009213693952
occupancy after shift: 4
attacks: 22517998136852480
get_rook_attacks for square 56
occupancy after mask: 9079538323755630848
occupancy after magic mul: 2234207902789337344
occupancy after shift: 496
attacks: 144396663052566528
get_rook_attacks for square 63
occupancy after mask: 9115285645797916672
occupancy after magic mul: 11317697608000012288
occupancy after shift: 2513
attacks: 4647714815446351872
get_bishop_attacks for square 59
occupancy after mask: 5629499534213120
occupancy after magic mul: 15078051552436420608
occupancy after shift: 26
attacks: 5629499534213120
get_rook_attacks for square 59
occupancy after mask: 8505047896289183744
occupancy after magic mul: 15929372902967808000
occupancy after shift: 1768
attacks: 1443403680572243968
get_bishop_attacks for square 58
occupancy after mask: 2814749767106560
occupancy after magic mul: 2328361007350546432
occupancy after shift: 4
attacks: 2814749767106560
get_bishop_attacks for square 61
occupancy after mask: 22517998136852480
occupancy after magic mul: 2305843009213693952
occupancy after shift: 4
attacks: 22517998136852480
get_rook_attacks for square 56
occupancy after mask: 9079538323755630848
occupancy after magic mul: 2234207902789337344
occupancy after shift: 496
attacks: 144396663052566528
get_rook_attacks for square 63
occupancy after mask: 9115285645797916672
occupancy after magic mul: 11317697608000012288
occupancy after shift: 2513
attacks: 4647714815446351872
get_rook_attacks for square 59
occupancy after mask: 8505047896289183744
occupancy after magic mul: 15929372902967808000
occupancy after shift: 1768
attacks: 1443403680572243968
get_bishop_attacks for square 59
occupancy after mask: 5629499534213120
occupancy after magic mul: 15078051552436420608
occupancy after shift: 26
attacks: 5629499534213120
Undoing move: a1b1
Searching move 4: h1g1
Enter makemove
get_bishop_attacks for square 4
occupancy after mask: 10240
occupancy after magic mul: 11575659104420495360
occupancy after shift: 20
attacks: 10240
get_rook_attacks for square 4
occupancy after mask: 4503599627374702
occupancy after magic mul: 10604027970609967104
occupancy after shift: 1177
attacks: 4136
Enter alpha_beta_search
Entering alpha_beta_search function (current_depth 0, max_depth 2)
tt.probe called with key = 3447222790029302751, num_entries = 18350080
calculated index = 9165791
Accessing table[index].key
get_bishop_attacks for square 2
occupancy after mask: 2560
occupancy after magic mul: 1175443006172430336
occupancy after shift: 2
attacks: 2560
get_bishop_attacks for square 5
occupancy after mask: 20480
occupancy after magic mul: 2930165545624227840
occupancy after shift: 5
attacks: 20480
get_rook_attacks for square 0
occupancy after mask: 281474976711038
occupancy after magic mul: 3108638780263706560
occupancy after shift: 690
attacks: 258
get_rook_attacks for square 6
occupancy after mask: 18014398509498430
occupancy after magic mul: 13510935497540894464
occupancy after shift: 1500
attacks: 16544
get_bishop_attacks for square 3
occupancy after mask: 5120
occupancy after magic mul: 11585556781402726400
occupancy after shift: 20
attacks: 5120
get_rook_attacks for square 3
occupancy after mask: 2251799813687414
occupancy after magic mul: 1381021119838140534
occupancy after shift: 153
attacks: 2068
get_bishop_attacks for square 58
occupancy after mask: 2814749767106560
occupancy after magic mul: 2328361007350546432
occupancy after shift: 4
attacks: 2814749767106560
get_bishop_attacks for square 61
occupancy after mask: 22517998136852480
occupancy after magic mul: 2305843009213693952
occupancy after shift: 4
attacks: 22517998136852480
get_rook_attacks for square 56
occupancy after mask: 9079538323755630848
occupancy after magic mul: 2234207902789337344
occupancy after shift: 496
attacks: 144396663052566528
get_rook_attacks for square 63
occupancy after mask: 9115285645797916672
occupancy after magic mul: 11317697608000012288
occupancy after shift: 2513
attacks: 4647714815446351872
get_bishop_attacks for square 59
occupancy after mask: 5629499534213120
occupancy after magic mul: 15078051552436420608
occupancy after shift: 26
attacks: 5629499534213120
get_rook_attacks for square 59
occupancy after mask: 8505047896289183744
occupancy after magic mul: 15929372902967808000
occupancy after shift: 1768
attacks: 1443403680572243968
Undoing move: h1g1
Searching move 5: b1d2
Enter makemove
get_bishop_attacks for square 4
occupancy after mask: 10240
occupancy after magic mul: 11575659104420495360
occupancy after shift: 20
attacks: 10240
get_rook_attacks for square 4
occupancy after mask: 4503599627374702
occupancy after magic mul: 10604027970609967104
occupancy after shift: 1177
attacks: 4136
Enter alpha_beta_search
Entering alpha_beta_search function (current_depth 0, max_depth 2)
tt.probe called with key = 11211749935420644992, num_entries = 18350080
calculated index = 10591872
Accessing table[index].key
get_bishop_attacks for square 2
occupancy after mask: 2560
occupancy after magic mul: 1175443006172430336
occupancy after shift: 2
attacks: 2560
get_bishop_attacks for square 5
occupancy after mask: 20480
occupancy after magic mul: 2930165545624227840
occupancy after shift: 5
attacks: 20480
get_rook_attacks for square 0
occupancy after mask: 281474976711038
occupancy after magic mul: 3108638780263706560
occupancy after shift: 690
attacks: 258
get_rook_attacks for square 7
occupancy after mask: 36028797018996862
occupancy after magic mul: 3391263708255633152
occupancy after shift: 753
attacks: 32832
get_bishop_attacks for square 3
occupancy after mask: 5120
occupancy after magic mul: 11585556781402726400
occupancy after shift: 20
attacks: 5120
get_rook_attacks for square 3
occupancy after mask: 2251799813687414
occupancy after magic mul: 1381021119838140534
occupancy after shift: 153
attacks: 2068
get_bishop_attacks for square 58
occupancy after mask: 2814749767106560
occupancy after magic mul: 2328361007350546432
occupancy after shift: 4
attacks: 2814749767106560
get_bishop_attacks for square 61
occupancy after mask: 22517998136852480
occupancy after magic mul: 2305843009213693952
occupancy after shift: 4
attacks: 22517998136852480
get_rook_attacks for square 56
occupancy after mask: 9079538323755630848
occupancy after magic mul: 2234207902789337344
occupancy after shift: 496
attacks: 144396663052566528
get_rook_attacks for square 63
occupancy after mask: 9115285645797916672
occupancy after magic mul: 11317697608000012288
occupancy after shift: 2513
attacks: 4647714815446351872
get_bishop_attacks for square 59
occupancy after mask: 5629499534213120
occupancy after magic mul: 15078051552436420608
occupancy after shift: 26
attacks: 5629499534213120
get_rook_attacks for square 59
occupancy after mask: 8505047896289183744
occupancy after magic mul: 15929372902967808000
occupancy after shift: 1768
attacks: 1443403680572243968
Undoing move: b1d2
Searching move 6: g1e2
Enter makemove
get_bishop_attacks for square 4
occupancy after mask: 10240
occupancy after magic mul: 11575659104420495360
occupancy after shift: 20
attacks: 10240
get_rook_attacks for square 4
occupancy after mask: 4503599627374702
occupancy after magic mul: 10604027970609967104
occupancy after shift: 1177
attacks: 4136
Enter alpha_beta_search
Entering alpha_beta_search function (current_depth 0, max_depth 2)
tt.probe called with key = 17387340595811553743, num_entries = 18350080
calculated index = 13865423
Accessing table[index].key
get_bishop_attacks for square 2
occupancy after mask: 2560
occupancy after magic mul: 1175443006172430336
occupancy after shift: 2
attacks: 2560
get_bishop_attacks for square 5
occupancy after mask: 20480
occupancy after magic mul: 2930165545624227840
occupancy after shift: 5
attacks: 20480
get_rook_attacks for square 0
occupancy after mask: 281474976711038
occupancy after magic mul: 3108638780263706560
occupancy after shift: 690
attacks: 258
get_rook_attacks for square 7
occupancy after mask: 36028797018996862
occupancy after magic mul: 3391263708255633152
occupancy after shift: 753
attacks: 32832
get_bishop_attacks for square 3
occupancy after mask: 5120
occupancy after magic mul: 11585556781402726400
occupancy after shift: 20
attacks: 5120
get_rook_attacks for square 3
occupancy after mask: 2251799813687414
occupancy after magic mul: 1381021119838140534
occupancy after shift: 153
attacks: 2068
get_bishop_attacks for square 58
occupancy after mask: 2814749767106560
occupancy after magic mul: 2328361007350546432
occupancy after shift: 4
attacks: 2814749767106560
get_bishop_attacks for square 61
occupancy after mask: 22517998136852480
occupancy after magic mul: 2305843009213693952
occupancy after shift: 4
attacks: 22517998136852480
get_rook_attacks for square 56
occupancy after mask: 9079538323755630848
occupancy after magic mul: 2234207902789337344
occupancy after shift: 496
attacks: 144396663052566528
get_rook_attacks for square 63
occupancy after mask: 9115285645797916672
occupancy after magic mul: 11317697608000012288
occupancy after shift: 2513
attacks: 4647714815446351872
get_bishop_attacks for square 59
occupancy after mask: 5629499534213120
occupancy after magic mul: 15078051552436420608
occupancy after shift: 26
attacks: 5629499534213120
get_rook_attacks for square 59
occupancy after mask: 8505047896289183744
occupancy after magic mul: 15929372902967808000
occupancy after shift: 1768
attacks: 1443403680572243968
Undoing move: g1e2
Searching move 7: c1d2
Enter makemove
get_bishop_attacks for square 4
occupancy after mask: 10240
occupancy after magic mul: 11575659104420495360
occupancy after shift: 20
attacks: 10240
get_rook_attacks for square 4
occupancy after mask: 4503599627374702
occupancy after magic mul: 10604027970609967104
occupancy after shift: 1177
attacks: 4136
Enter alpha_beta_search
Entering alpha_beta_search function (current_depth 0, max_depth 2)
tt.probe called with key = 14119246451819918178, num_entries = 18350080
calculated index = 16495458
Accessing table[index].key
get_bishop_attacks for square 2
occupancy after mask: 2560
occupancy after magic mul: 1175443006172430336
occupancy after shift: 2
attacks: 2560
get_bishop_attacks for square 5
occupancy after mask: 20480
occupancy after magic mul: 2930165545624227840
occupancy after shift: 5
attacks: 20480
get_rook_attacks for square 0
occupancy after mask: 281474976711038
occupancy after magic mul: 3108638780263706560
occupancy after shift: 690
attacks: 258
get_rook_attacks for square 7
occupancy after mask: 36028797018996862
occupancy after magic mul: 3391263708255633152
occupancy after shift: 753
attacks: 32832
get_bishop_attacks for square 3
occupancy after mask: 5120
occupancy after magic mul: 11585556781402726400
occupancy after shift: 20
attacks: 5120
get_rook_attacks for square 3
occupancy after mask: 2251799813687414
occupancy after magic mul: 1381021119838140534
occupancy after shift: 153
attacks: 2068
get_bishop_attacks for square 58
occupancy after mask: 2814749767106560
occupancy after magic mul: 2328361007350546432
occupancy after shift: 4
attacks: 2814749767106560
get_bishop_attacks for square 61
occupancy after mask: 22517998136852480
occupancy after magic mul: 2305843009213693952
occupancy after shift: 4
attacks: 22517998136852480
get_rook_attacks for square 56
occupancy after mask: 9079538323755630848
occupancy after magic mul: 2234207902789337344
occupancy after shift: 496
attacks: 144396663052566528
get_rook_attacks for square 63
occupancy after mask: 9115285645797916672
occupancy after magic mul: 11317697608000012288
occupancy after shift: 2513
attacks: 4647714815446351872
get_bishop_attacks for square 59
occupancy after mask: 5629499534213120
occupancy after magic mul: 15078051552436420608
occupancy after shift: 26
attacks: 5629499534213120
get_rook_attacks for square 59
occupancy after mask: 8505047896289183744
occupancy after magic mul: 15929372902967808000
occupancy after shift: 1768
attacks: 1443403680572243968
Undoing move: c1d2
Searching move 8: f1e2
Enter makemove
get_bishop_attacks for square 4
occupancy after mask: 10240
occupancy after magic mul: 11575659104420495360
occupancy after shift: 20
attacks: 10240
get_rook_attacks for square 4
occupancy after mask: 4503599627374670
occupancy after magic mul: 4839332484497960960
occupancy after shift: 537
attacks: 4200
Enter alpha_beta_search
Entering alpha_beta_search function (current_depth 0, max_depth 2)
tt.probe called with key = 3691054965459161437, num_entries = 18350080
calculated index = 12751197
Accessing table[index].key
get_bishop_attacks for square 2
occupancy after mask: 2560
occupancy after magic mul: 1175443006172430336
occupancy after shift: 2
attacks: 2560
get_bishop_attacks for square 12
occupancy after mask: 0
occupancy after magic mul: 0
occupancy after shift: 0
attacks: 1659000848424
get_rook_attacks for square 0
occupancy after mask: 281474976711006
occupancy after magic mul: 15790678573881174976
occupancy after shift: 3506
attacks: 258
get_rook_attacks for square 7
occupancy after mask: 36028797018996830
occupancy after magic mul: 2238337770705661696
occupancy after shift: 497
attacks: 32832
get_bishop_attacks for square 3
occupancy after mask: 5120
occupancy after magic mul: 11585556781402726400
occupancy after shift: 20
attacks: 5120
get_rook_attacks for square 3
occupancy after mask: 2251799813687382
occupancy after magic mul: 9451328715305957462
occupancy after shift: 1049
attacks: 2068
get_bishop_attacks for square 58
occupancy after mask: 2814749767106560
occupancy after magic mul: 2328361007350546432
occupancy after shift: 4
attacks: 2814749767106560
get_bishop_attacks for square 61
occupancy after mask: 22517998136852480
occupancy after magic mul: 2305843009213693952
occupancy after shift: 4
attacks: 22517998136852480
get_rook_attacks for square 56
occupancy after mask: 9079538323755630848
occupancy after magic mul: 2234207902789337344
occupancy after shift: 496
attacks: 144396663052566528
get_rook_attacks for square 63
occupancy after mask: 9115285645797916672
occupancy after magic mul: 11317697608000012288
occupancy after shift: 2513
attacks: 4647714815446351872
get_bishop_attacks for square 59
occupancy after mask: 5629499534213120
occupancy after magic mul: 15078051552436420608
occupancy after shift: 26
attacks: 5629499534213120
get_rook_attacks for square 59
occupancy after mask: 8505047896289183744
occupancy after magic mul: 15929372902967808000
occupancy after shift: 1768
attacks: 1443403680572243968
Undoing move: f1e2
Searching move 9: d1d2
Enter makemove
get_bishop_attacks for square 4
occupancy after mask: 10240
occupancy after magic mul: 11575659104420495360
occupancy after shift: 20
attacks: 10240
get_rook_attacks for square 4
occupancy after mask: 4503599627374694
occupancy after magic mul: 9162854099081965568
occupancy after shift: 1017
attacks: 4140
Enter alpha_beta_search
Entering alpha_beta_search function (current_depth 0, max_depth 2)
tt.probe called with key = 160000324580983278, num_entries = 18350080
calculated index = 17875438
Accessing table[index].key
get_bishop_attacks for square 2
occupancy after mask: 2560
occupancy after magic mul: 1175443006172430336
occupancy after shift: 2
attacks: 2560
get_bishop_attacks for square 5
occupancy after mask: 20480
occupancy after magic mul: 2930165545624227840
occupancy after shift: 5
attacks: 20480
get_rook_attacks for square 0
occupancy after mask: 281474976711030
occupancy after magic mul: 15502520765522849472
occupancy after shift: 3442
attacks: 258
get_rook_attacks for square 7
occupancy after mask: 36028797018996854
occupancy after magic mul: 16938090279150304000
occupancy after shift: 3761
attacks: 32832
get_bishop_attacks for square 11
occupancy after mask: 0
occupancy after magic mul: 0
occupancy after shift: 0
attacks: 141017232965652
get_rook_attacks for square 11
occupancy after mask: 2251799813715456
occupancy after magic mul: 15494069400667865088
occupancy after shift: 860
attacks: 2260630401192968
get_bishop_attacks for square 58
occupancy after mask: 2814749767106560
occupancy after magic mul: 2328361007350546432
occupancy after shift: 4
attacks: 2814749767106560
get_bishop_attacks for square 61
occupancy after mask: 22517998136852480
occupancy after magic mul: 2305843009213693952
occupancy after shift: 4
attacks: 22517998136852480
get_rook_attacks for square 56
occupancy after mask: 9079538323755630848
occupancy after magic mul: 2234207902789337344
occupancy after shift: 496
attacks: 144396663052566528
get_rook_attacks for square 63
occupancy after mask: 9115285645797916672
occupancy after magic mul: 11317697608000012288
occupancy after shift: 2513
attacks: 4647714815446351872
get_bishop_attacks for square 59
occupancy after mask: 5629499534213120
occupancy after magic mul: 15078051552436420608
occupancy after shift: 26
attacks: 5629499534213120
get_rook_attacks for square 59
occupancy after mask: 8505047896289183744
occupancy after magic mul: 15929372902967808000
occupancy after shift: 1768
attacks: 1443403680572243968
Undoing move: d1d2
Searching move 10: d1e2
Enter makemove
get_bishop_attacks for square 4
occupancy after mask: 10240
occupancy after magic mul: 11575659104420495360
occupancy after shift: 20
attacks: 10240
get_rook_attacks for square 4
occupancy after mask: 4503599627374694
occupancy after magic mul: 9162854099081965568
occupancy after shift: 1017
attacks: 4140
Enter alpha_beta_search
Entering alpha_beta_search function (current_depth 0, max_depth 2)
tt.probe called with key = 5847290783412217334, num_entries = 18350080
calculated index = 9659894
Accessing table[index].key
get_bishop_attacks for square 2
occupancy after mask: 2560
occupancy after magic mul: 1175443006172430336
occupancy after shift: 2
attacks: 2560
get_bishop_attacks for square 5
occupancy after mask: 20480
occupancy after magic mul: 2930165545624227840
occupancy after shift: 5
attacks: 20480
get_rook_attacks for square 0
occupancy after mask: 281474976711030
occupancy after magic mul: 15502520765522849472
occupancy after shift: 3442
attacks: 258
get_rook_attacks for square 7
occupancy after mask: 36028797018996854
occupancy after magic mul: 16938090279150304000
occupancy after shift: 3761
attacks: 32832
get_bishop_attacks for square 12
occupancy after mask: 0
occupancy after magic mul: 0
occupancy after shift: 0
attacks: 1659000848424
get_rook_attacks for square 12
occupancy after mask: 4503599627398656
occupancy after magic mul: 1946522616642076672
occupancy after shift: 108
attacks: 4521260802385936
get_bishop_attacks for square 58
occupancy after mask: 2814749767106560
occupancy after magic mul: 2328361007350546432
occupancy after shift: 4
attacks: 2814749767106560
get_bishop_attacks for square 61
occupancy after mask: 22517998136852480
occupancy after magic mul: 2305843009213693952
occupancy after shift: 4
attacks: 22517998136852480
get_rook_attacks for square 56
occupancy after mask: 9079538323755630848
occupancy after magic mul: 2234207902789337344
occupancy after shift: 496
attacks: 144396663052566528
get_rook_attacks for square 63
occupancy after mask: 9115285645797916672
occupancy after magic mul: 11317697608000012288
occupancy after shift: 2513
attacks: 4647714815446351872
get_bishop_attacks for square 59
occupancy after mask: 5629499534213120
occupancy after magic mul: 15078051552436420608
occupancy after shift: 26
attacks: 5629499534213120
get_rook_attacks for square 59
occupancy after mask: 8505047896289183744
occupancy after magic mul: 15929372902967808000
occupancy after shift: 1768
attacks: 1443403680572243968
Undoing move: d1e2
Searching move 11: c1b2
Enter makemove
get_bishop_attacks for square 4
occupancy after mask: 10240
occupancy after magic mul: 11575659104420495360
occupancy after shift: 20
attacks: 10240
get_rook_attacks for square 4
occupancy after mask: 4503599627374702
occupancy after magic mul: 10604027970609967104
occupancy after shift: 1177
attacks: 4136
Enter alpha_beta_search
Entering alpha_beta_search function (current_depth 0, max_depth 2)
tt.probe called with key = 8857008710090342010, num_entries = 18350080
calculated index = 4832890
Accessing table[index].key
get_bishop_attacks for square 2
occupancy after mask: 2560
occupancy after magic mul: 1175443006172430336
occupancy after shift: 2
attacks: 2560
get_bishop_attacks for square 5
occupancy after mask: 20480
occupancy after magic mul: 2930165545624227840
occupancy after shift: 5
attacks: 20480
get_rook_attacks for square 0
occupancy after mask: 281474976711038
occupancy after magic mul: 3108638780263706560
occupancy after shift: 690
attacks: 258
get_rook_attacks for square 7
occupancy after mask: 36028797018996862
occupancy after magic mul: 3391263708255633152
occupancy after shift: 753
attacks: 32832
get_bishop_attacks for square 3
occupancy after mask: 5120
occupancy after magic mul: 11585556781402726400
occupancy after shift: 20
attacks: 5120
get_rook_attacks for square 3
occupancy after mask: 2251799813687414
occupancy after magic mul: 1381021119838140534
occupancy after shift: 153
attacks: 2068
get_bishop_attacks for square 58
occupancy after mask: 2814749767106560
occupancy after magic mul: 2328361007350546432
occupancy after shift: 4
attacks: 2814749767106560
get_bishop_attacks for square 61
occupancy after mask: 22517998136852480
occupancy after magic mul: 2305843009213693952
occupancy after shift: 4
attacks: 22517998136852480
get_rook_attacks for square 56
occupancy after mask: 9079538323755630848
occupancy after magic mul: 2234207902789337344
occupancy after shift: 496
attacks: 144396663052566528
get_rook_attacks for square 63
occupancy after mask: 9115285645797916672
occupancy after magic mul: 11317697608000012288
occupancy after shift: 2513
attacks: 4647714815446351872
get_bishop_attacks for square 59
occupancy after mask: 5629499534213120
occupancy after magic mul: 15078051552436420608
occupancy after shift: 26
attacks: 5629499534213120
get_rook_attacks for square 59
occupancy after mask: 8505047896289183744
occupancy after magic mul: 15929372902967808000
occupancy after shift: 1768
attacks: 1443403680572243968
Undoing move: c1b2
Searching move 12: f1g2
Enter makemove
get_bishop_attacks for square 4
occupancy after mask: 10240
occupancy after magic mul: 11575659104420495360
occupancy after shift: 20
attacks: 10240
get_rook_attacks for square 4
occupancy after mask: 4503599627374670
occupancy after magic mul: 4839332484497960960
occupancy after shift: 537
attacks: 4200
Enter alpha_beta_search
Entering alpha_beta_search function (current_depth 0, max_depth 2)
tt.probe called with key = 6827528872969229399, num_entries = 18350080
calculated index = 8246359
Accessing table[index].key
get_bishop_attacks for square 2
occupancy after mask: 2560
occupancy after magic mul: 1175443006172430336
occupancy after shift: 2
attacks: 2560
get_bishop_attacks for square 14
occupancy after mask: 562949953421312
occupancy after magic mul: 1154047404513689600
occupancy after shift: 2
attacks: 567382638592160
get_rook_attacks for square 0
occupancy after mask: 281474976711006
occupancy after magic mul: 15790678573881174976
occupancy after shift: 3506
attacks: 258
get_rook_attacks for square 7
occupancy after mask: 36028797018996830
occupancy after magic mul: 2238337770705661696
occupancy after shift: 497
attacks: 32832
get_bishop_attacks for square 3
occupancy after mask: 5120
occupancy after magic mul: 11585556781402726400
occupancy after shift: 20
attacks: 5120
get_rook_attacks for square 3
occupancy after mask: 2251799813687382
occupancy after magic mul: 9451328715305957462
occupancy after shift: 1049
attacks: 2068
get_bishop_attacks for square 58
occupancy after mask: 2814749767106560
occupancy after magic mul: 2328361007350546432
occupancy after shift: 4
attacks: 2814749767106560
get_bishop_attacks for square 61
occupancy after mask: 22517998136852480
occupancy after magic mul: 2305843009213693952
occupancy after shift: 4
attacks: 22517998136852480
get_rook_attacks for square 56
occupancy after mask: 9079538323755630848
occupancy after magic mul: 2234207902789337344
occupancy after shift: 496
attacks: 144396663052566528
get_rook_attacks for square 63
occupancy after mask: 9115285645797916672
occupancy after magic mul: 11317697608000012288
occupancy after shift: 2513
attacks: 4647714815446351872
get_bishop_attacks for square 59
occupancy after mask: 5629499534213120
occupancy after magic mul: 15078051552436420608
occupancy after shift: 26
attacks: 5629499534213120
get_rook_attacks for square 59
occupancy after mask: 8505047896289183744
occupancy after magic mul: 15929372902967808000
occupancy after shift: 1768
attacks: 1443403680572243968
Undoing move: f1g2
Searching move 13: a1a2
Enter makemove
get_bishop_attacks for square 4
occupancy after mask: 10240
occupancy after magic mul: 11575659104420495360
occupancy after shift: 20
attacks: 10240
get_rook_attacks for square 4
occupancy after mask: 4503599627374702
occupancy after magic mul: 10604027970609967104
occupancy after shift: 1177
attacks: 4136
Enter alpha_beta_search
Entering alpha_beta_search function (current_depth 0, max_depth 2)
tt.probe called with key = 4763048872521078186, num_entries = 18350080
calculated index = 3773866
Accessing table[index].key
get_bishop_attacks for square 2
occupancy after mask: 2560
occupancy after magic mul: 1175443006172430336
occupancy after shift: 2
attacks: 2560
get_bishop_attacks for square 5
occupancy after mask: 20480
occupancy after magic mul: 2930165545624227840
occupancy after shift: 5
attacks: 20480
get_rook_attacks for square 7
occupancy after mask: 36028797018996862
occupancy after magic mul: 3391263708255633152
occupancy after shift: 753
attacks: 32832
get_rook_attacks for square 8
occupancy after mask: 281474976742912
occupancy after magic mul: 4554334527704111104
occupancy after shift: 505
attacks: 282578800148993
get_bishop_attacks for square 3
occupancy after mask: 5120
occupancy after magic mul: 11585556781402726400
occupancy after shift: 20
attacks: 5120
get_rook_attacks for square 3
occupancy after mask: 2251799813687414
occupancy after magic mul: 1381021119838140534
occupancy after shift: 153
attacks: 2068
get_bishop_attacks for square 58
occupancy after mask: 2814749767106560
occupancy after magic mul: 2328361007350546432
occupancy after shift: 4
attacks: 2814749767106560
get_bishop_attacks for square 61
occupancy after mask: 22517998136852480
occupancy after magic mul: 2305843009213693952
occupancy after shift: 4
attacks: 22517998136852480
get_rook_attacks for square 56
occupancy after mask: 9079538323755630848
occupancy after magic mul: 2234207902789337344
occupancy after shift: 496
attacks: 144396663052566528
get_rook_attacks for square 63
occupancy after mask: 9115285645797916672
occupancy after magic mul: 11317697608000012288
occupancy after shift: 2513
attacks: 4647714815446351872
get_bishop_attacks for square 59
occupancy after mask: 5629499534213120
occupancy after magic mul: 15078051552436420608
occupancy after shift: 26
attacks: 5629499534213120
get_rook_attacks for square 59
occupancy after mask: 8505047896289183744
occupancy after magic mul: 15929372902967808000
occupancy after shift: 1768
attacks: 1443403680572243968
Undoing move: a1a2
Searching move 14: h1h2
Enter makemove
get_bishop_attacks for square 4
occupancy after mask: 10240
occupancy after magic mul: 11575659104420495360
occupancy after shift: 20
attacks: 10240
get_rook_attacks for square 4
occupancy after mask: 4503599627374702
occupancy after magic mul: 10604027970609967104
occupancy after shift: 1177
attacks: 4136
Enter alpha_beta_search
Entering alpha_beta_search function (current_depth 0, max_depth 2)
tt.probe called with key = 610960788023354257, num_entries = 18350080
calculated index = 4400017
Accessing table[index].key
get_bishop_attacks for square 2
occupancy after mask: 2560
occupancy after magic mul: 1175443006172430336
occupancy after shift: 2
attacks: 2560
get_bishop_attacks for square 5
occupancy after mask: 20480
occupancy after magic mul: 2930165545624227840
occupancy after shift: 5
attacks: 20480
get_rook_attacks for square 0
occupancy after mask: 281474976711038
occupancy after magic mul: 3108638780263706560
occupancy after shift: 690
attacks: 258
get_rook_attacks for square 15
occupancy after mask: 36028797018996224
occupancy after magic mul: 13767572231125203968
occupancy after shift: 1528
attacks: 36170086419021952
get_bishop_attacks for square 3
occupancy after mask: 5120
occupancy after magic mul: 11585556781402726400
occupancy after shift: 20
attacks: 5120
get_rook_attacks for square 3
occupancy after mask: 2251799813687414
occupancy after magic mul: 1381021119838140534
occupancy after shift: 153
attacks: 2068
get_bishop_attacks for square 58
occupancy after mask: 2814749767106560
occupancy after magic mul: 2328361007350546432
occupancy after shift: 4
attacks: 2814749767106560
get_bishop_attacks for square 61
occupancy after mask: 22517998136852480
occupancy after magic mul: 2305843009213693952
occupancy after shift: 4
attacks: 22517998136852480
get_rook_attacks for square 56
occupancy after mask: 9079538323755630848
occupancy after magic mul: 2234207902789337344
occupancy after shift: 496
attacks: 144396663052566528
get_rook_attacks for square 63
occupancy after mask: 9115285645797916672
occupancy after magic mul: 11317697608000012288
occupancy after shift: 2513
attacks: 4647714815446351872
get_bishop_attacks for square 59
occupancy after mask: 5629499534213120
occupancy after magic mul: 15078051552436420608
occupancy after shift: 26
attacks: 5629499534213120
get_rook_attacks for square 59
occupancy after mask: 8505047896289183744
occupancy after magic mul: 15929372902967808000
occupancy after shift: 1768
attacks: 1443403680572243968
Undoing move: h1h2
Searching move 15: d1c2
Enter makemove
get_bishop_attacks for square 4
occupancy after mask: 10240
occupancy after magic mul: 11575659104420495360
occupancy after shift: 20
attacks: 10240
get_rook_attacks for square 4
occupancy after mask: 4503599627374694
occupancy after magic mul: 9162854099081965568
occupancy after shift: 1017
attacks: 4140
Enter alpha_beta_search
Entering alpha_beta_search function (current_depth 0, max_depth 2)
tt.probe called with key = 14174397752788048257, num_entries = 18350080
calculated index = 10934657
Accessing table[index].key
get_bishop_attacks for square 2
occupancy after mask: 2560
occupancy after magic mul: 1175443006172430336
occupancy after shift: 2
attacks: 2560
get_bishop_attacks for square 5
occupancy after mask: 20480
occupancy after magic mul: 2930165545624227840
occupancy after shift: 5
attacks: 20480
get_rook_attacks for square 0
occupancy after mask: 281474976711030
occupancy after magic mul: 15502520765522849472
occupancy after shift: 3442
attacks: 258
get_rook_attacks for square 7
occupancy after mask: 36028797018996854
occupancy after magic mul: 16938090279150304000
occupancy after shift: 3761
attacks: 32832
get_bishop_attacks for square 10
occupancy after mask: 0
occupancy after magic mul: 0
occupancy after shift: 0
attacks: 36099303487963146
get_rook_attacks for square 10
occupancy after mask: 1125899906873856
occupancy after magic mul: 2093965078559719424
occupancy after shift: 116
attacks: 1130315200596484
get_bishop_attacks for square 58
occupancy after mask: 2814749767106560
occupancy after magic mul: 2328361007350546432
occupancy after shift: 4
attacks: 2814749767106560
get_bishop_attacks for square 61
occupancy after mask: 22517998136852480
occupancy after magic mul: 2305843009213693952
occupancy after shift: 4
attacks: 22517998136852480
get_rook_attacks for square 56
occupancy after mask: 9079538323755630848
occupancy after magic mul: 2234207902789337344
occupancy after shift: 496
attacks: 144396663052566528
get_rook_attacks for square 63
occupancy after mask: 9115285645797916672
occupancy after magic mul: 11317697608000012288
occupancy after shift: 2513
attacks: 4647714815446351872
get_bishop_attacks for square 59
occupancy after mask: 5629499534213120
occupancy after magic mul: 15078051552436420608
occupancy after shift: 26
attacks: 5629499534213120
get_rook_attacks for square 59
occupancy after mask: 8505047896289183744
occupancy after magic mul: 15929372902967808000
occupancy after shift: 1768
attacks: 1443403680572243968
Undoing move: d1c2
Searching move 16: h2h4
Enter makemove
get_bishop_attacks for square 4
occupancy after mask: 10240
occupancy after magic mul: 11575659104420495360
occupancy after shift: 20
attacks: 10240
get_rook_attacks for square 4
occupancy after mask: 4503599627374702
occupancy after magic mul: 10604027970609967104
occupancy after shift: 1177
attacks: 4136
Enter alpha_beta_search
Entering alpha_beta_search function (current_depth 0, max_depth 2)
tt.probe called with key = 10390559727499405244, num_entries = 18350080
calculated index = 3991484
Accessing table[index].key
get_bishop_attacks for square 2
occupancy after mask: 2560
occupancy after magic mul: 1175443006172430336
occupancy after shift: 2
attacks: 2560
get_bishop_attacks for square 5
occupancy after mask: 20480
occupancy after magic mul: 2930165545624227840
occupancy after shift: 5
attacks: 20480
get_rook_attacks for square 0
occupancy after mask: 281474976711038
occupancy after magic mul: 3108638780263706560
occupancy after shift: 690
attacks: 258
get_rook_attacks for square 7
occupancy after mask: 36028799166480510
occupancy after magic mul: 5733135789366198016
occupancy after shift: 1273
attacks: 32832
get_bishop_attacks for square 3
occupancy after mask: 5120
occupancy after magic mul: 11585556781402726400
occupancy after shift: 20
attacks: 5120
get_rook_attacks for square 3
occupancy after mask: 2251799813687414
occupancy after magic mul: 1381021119838140534
occupancy after shift: 153
attacks: 2068
get_bishop_attacks for square 58
occupancy after mask: 2814749767106560
occupancy after magic mul: 2328361007350546432
occupancy after shift: 4
attacks: 2814749767106560
get_bishop_attacks for square 61
occupancy after mask: 22517998136852480
occupancy after magic mul: 2305843009213693952
occupancy after shift: 4
attacks: 22517998136852480
get_rook_attacks for square 56
occupancy after mask: 9079538323755630848
occupancy after magic mul: 2234207902789337344
occupancy after shift: 496
attacks: 144396663052566528
get_rook_attacks for square 63
occupancy after mask: 9115285647945400320
occupancy after magic mul: 2815675709444390912
occupancy after shift: 625
attacks: 4647714815446351872
get_bishop_attacks for square 59
occupancy after mask: 5629499534213120
occupancy after magic mul: 15078051552436420608
occupancy after shift: 26
attacks: 5629499534213120
get_rook_attacks for square 59
occupancy after mask: 8505047896289183744
occupancy after magic mul: 15929372902967808000
occupancy after shift: 1768
attacks: 1443403680572243968
Undoing move: h2h4
Searching move 17: c2c3
Enter makemove
get_bishop_attacks for square 4
occupancy after mask: 272384
occupancy after magic mul: 12764626998232350720
occupancy after shift: 22
attacks: 10240
get_rook_attacks for square 4
occupancy after mask: 4503599627374702
occupancy after magic mul: 10604027970609967104
occupancy after shift: 1177
attacks: 4136
Enter alpha_beta_search
Entering alpha_beta_search function (current_depth 0, max_depth 2)
tt.probe called with key = 15878990919728728701, num_entries = 18350080
calculated index = 16616061
Accessing table[index].key
get_bishop_attacks for square 2
occupancy after mask: 2560
occupancy after magic mul: 1175443006172430336
occupancy after shift: 2
attacks: 2560
get_bishop_attacks for square 5
occupancy after mask: 20480
occupancy after magic mul: 2930165545624227840
occupancy after shift: 5
attacks: 20480
get_rook_attacks for square 0
occupancy after mask: 281474976711038
occupancy after magic mul: 3108638780263706560
occupancy after shift: 690
attacks: 258
get_rook_attacks for square 7
occupancy after mask: 36028797018996862
occupancy after magic mul: 3391263708255633152
occupancy after shift: 753
attacks: 32832
get_bishop_attacks for square 3
occupancy after mask: 5120
occupancy after magic mul: 11585556781402726400
occupancy after shift: 20
attacks: 5120
get_rook_attacks for square 3
occupancy after mask: 2251799813687414
occupancy after magic mul: 1381021119838140534
occupancy after shift: 153
attacks: 2068
get_bishop_attacks for square 58
occupancy after mask: 2814749767106560
occupancy after magic mul: 2328361007350546432
occupancy after shift: 4
attacks: 2814749767106560
get_bishop_attacks for square 61
occupancy after mask: 22517998136852480
occupancy after magic mul: 2305843009213693952
occupancy after shift: 4
attacks: 22517998136852480
get_rook_attacks for square 56
occupancy after mask: 9079538323755630848
occupancy after magic mul: 2234207902789337344
occupancy after shift: 496
attacks: 144396663052566528
get_rook_attacks for square 63
occupancy after mask: 9115285645797916672
occupancy after magic mul: 11317697608000012288
occupancy after shift: 2513
attacks: 4647714815446351872
get_bishop_attacks for square 59
occupancy after mask: 5629499534213120
occupancy after magic mul: 15078051552436420608
occupancy after shift: 26
attacks: 5629499534213120
get_rook_attacks for square 59
occupancy after mask: 8505047896289183744
occupancy after magic mul: 15929372902967808000
occupancy after shift: 1768
attacks: 1443403680572243968
Undoing move: c2c3
Searching move 18: b1a3
Enter makemove
get_bishop_attacks for square 4
occupancy after mask: 10240
occupancy after magic mul: 11575659104420495360
occupancy after shift: 20
attacks: 10240
get_rook_attacks for square 4
occupancy after mask: 4503599627374702
occupancy after magic mul: 10604027970609967104
occupancy after shift: 1177
attacks: 4136
Enter alpha_beta_search
Entering alpha_beta_search function (current_depth 0, max_depth 2)
tt.probe called with key = 18102703728684663126, num_entries = 18350080
calculated index = 8618326
Accessing table[index].key
get_bishop_attacks for square 2
occupancy after mask: 2560
occupancy after magic mul: 1175443006172430336
occupancy after shift: 2
attacks: 2560
get_bishop_attacks for square 5
occupancy after mask: 20480
occupancy after magic mul: 2930165545624227840
occupancy after shift: 5
attacks: 20480
get_rook_attacks for square 0
occupancy after mask: 281474976776574
occupancy after magic mul: 3306797234737065920
occupancy after shift: 734
attacks: 258
get_rook_attacks for square 7
occupancy after mask: 36028797018996862
occupancy after magic mul: 3391263708255633152
occupancy after shift: 753
attacks: 32832
get_bishop_attacks for square 3
occupancy after mask: 5120
occupancy after magic mul: 11585556781402726400
occupancy after shift: 20
attacks: 5120
get_rook_attacks for square 3
occupancy after mask: 2251799813687414
occupancy after magic mul: 1381021119838140534
occupancy after shift: 153
attacks: 2068
get_bishop_attacks for square 58
occupancy after mask: 2814749767106560
occupancy after magic mul: 2328361007350546432
occupancy after shift: 4
attacks: 2814749767106560
get_bishop_attacks for square 61
occupancy after mask: 22517998136852480
occupancy after magic mul: 2305843009213693952
occupancy after shift: 4
attacks: 22517998136852480
get_rook_attacks for square 56
occupancy after mask: 9079538323755696384
occupancy after magic mul: 2270307137825669376
occupancy after shift: 504
attacks: 144396663052566528
get_rook_attacks for square 63
occupancy after mask: 9115285645797916672
occupancy after magic mul: 11317697608000012288
occupancy after shift: 2513
attacks: 4647714815446351872
get_bishop_attacks for square 59
occupancy after mask: 5629499534213120
occupancy after magic mul: 15078051552436420608
occupancy after shift: 26
attacks: 5629499534213120
get_rook_attacks for square 59
occupancy after mask: 8505047896289183744
occupancy after magic mul: 15929372902967808000
occupancy after shift: 1768
attacks: 1443403680572243968
get_bishop_attacks for square 58
occupancy after mask: 2814749767106560
occupancy after magic mul: 2328361007350546432
occupancy after shift: 4
attacks: 2814749767106560
get_bishop_attacks for square 61
occupancy after mask: 22517998136852480
occupancy after magic mul: 2305843009213693952
occupancy after shift: 4
attacks: 22517998136852480
get_rook_attacks for square 56
occupancy after mask: 9079538323755696384
occupancy after magic mul: 2270307137825669376
occupancy after shift: 504
attacks: 144396663052566528
get_rook_attacks for square 63
occupancy after mask: 9115285645797916672
occupancy after magic mul: 11317697608000012288
occupancy after shift: 2513
attacks: 4647714815446351872
get_rook_attacks for square 59
occupancy after mask: 8505047896289183744
occupancy after magic mul: 15929372902967808000
occupancy after shift: 1768
attacks: 1443403680572243968
get_bishop_attacks for square 59
occupancy after mask: 5629499534213120
occupancy after magic mul: 15078051552436420608
occupancy after shift: 26
attacks: 5629499534213120
Undoing move: b1a3
Searching move 19: b1c3
Enter makemove
get_bishop_attacks for square 4
occupancy after mask: 272384
occupancy after magic mul: 12764626998232350720
occupancy after shift: 22
attacks: 10240
get_rook_attacks for square 4
occupancy after mask: 4503599627374702
occupancy after magic mul: 10604027970609967104
occupancy after shift: 1177
attacks: 4136
Enter alpha_beta_search
Entering alpha_beta_search function (current_depth 0, max_depth 2)
tt.probe called with key = 7644907215460202246, num_entries = 18350080
calculated index = 5994246
Accessing table[index].key
get_bishop_attacks for square 2
occupancy after mask: 2560
occupancy after magic mul: 1175443006172430336
occupancy after shift: 2
attacks: 2560
get_bishop_attacks for square 5
occupancy after mask: 20480
occupancy after magic mul: 2930165545624227840
occupancy after shift: 5
attacks: 20480
get_rook_attacks for square 0
occupancy after mask: 281474976711038
occupancy after magic mul: 3108638780263706560
occupancy after shift: 690
attacks: 258
get_rook_attacks for square 7
occupancy after mask: 36028797018996862
occupancy after magic mul: 3391263708255633152
occupancy after shift: 753
attacks: 32832
get_bishop_attacks for square 3
occupancy after mask: 5120
occupancy after magic mul: 11585556781402726400
occupancy after shift: 20
attacks: 5120
get_rook_attacks for square 3
occupancy after mask: 2251799813687414
occupancy after magic mul: 1381021119838140534
occupancy after shift: 153
attacks: 2068
get_bishop_attacks for square 58
occupancy after mask: 2814749767106560
occupancy after magic mul: 2328361007350546432
occupancy after shift: 4
attacks: 2814749767106560
get_bishop_attacks for square 61
occupancy after mask: 22517998136852480
occupancy after magic mul: 2305843009213693952
occupancy after shift: 4
attacks: 22517998136852480
get_rook_attacks for square 56
occupancy after mask: 9079538323755630848
occupancy after magic mul: 2234207902789337344
occupancy after shift: 496
attacks: 144396663052566528
get_rook_attacks for square 63
occupancy after mask: 9115285645797916672
occupancy after magic mul: 11317697608000012288
occupancy after shift: 2513
attacks: 4647714815446351872
get_bishop_attacks for square 59
occupancy after mask: 5629499534213120
occupancy after magic mul: 15078051552436420608
occupancy after shift: 26
attacks: 5629499534213120
get_rook_attacks for square 59
occupancy after mask: 8505047896289183744
occupancy after magic mul: 15929372902967808000
occupancy after shift: 1768
attacks: 1443403680572243968
get_bishop_attacks for square 58
occupancy after mask: 2814749767106560
occupancy after magic mul: 2328361007350546432
occupancy after shift: 4
attacks: 2814749767106560
get_bishop_attacks for square 61
occupancy after mask: 22517998136852480
occupancy after magic mul: 2305843009213693952
occupancy after shift: 4
attacks: 22517998136852480
get_rook_attacks for square 56
occupancy after mask: 9079538323755630848
occupancy after magic mul: 2234207902789337344
occupancy after shift: 496
attacks: 144396663052566528
get_rook_attacks for square 63
occupancy after mask: 9115285645797916672
occupancy after magic mul: 11317697608000012288
occupancy after shift: 2513
attacks: 4647714815446351872
get_rook_attacks for square 59
occupancy after mask: 8505047896289183744
occupancy after magic mul: 15929372902967808000
occupancy after shift: 1768
attacks: 1443403680572243968
get_bishop_attacks for square 59
occupancy after mask: 5629499534213120
occupancy after magic mul: 15078051552436420608
occupancy after shift: 26
attacks: 5629499534213120
Undoing move: b1c3
Searching move 20: c2c4
Enter makemove
get_bishop_attacks for square 4
occupancy after mask: 272384
occupancy after magic mul: 12764626998232350720
occupancy after shift: 22
attacks: 10240
get_rook_attacks for square 4
occupancy after mask: 4503599627374702
occupancy after magic mul: 10604027970609967104
occupancy after shift: 1177
attacks: 4136
Enter alpha_beta_search
Entering alpha_beta_search function (current_depth 0, max_depth 2)
tt.probe called with key = 13829030057040168009, num_entries = 18350080
calculated index = 9716809
Accessing table[index].key
get_bishop_attacks for square 2
occupancy after mask: 2560
occupancy after magic mul: 1175443006172430336
occupancy after shift: 2
attacks: 2560
get_bishop_attacks for square 5
occupancy after mask: 67129344
occupancy after magic mul: 12189707118127173632
occupancy after shift: 21
attacks: 20480
get_rook_attacks for square 0
occupancy after mask: 281474976711038
occupancy after magic mul: 3108638780263706560
occupancy after shift: 690
attacks: 258
get_rook_attacks for square 7
occupancy after mask: 36028797018996862
occupancy after magic mul: 3391263708255633152
occupancy after shift: 753
attacks: 32832
get_bishop_attacks for square 3
occupancy after mask: 5120
occupancy after magic mul: 11585556781402726400
occupancy after shift: 20
attacks: 5120
get_rook_attacks for square 3
occupancy after mask: 2251799813687414
occupancy after magic mul: 1381021119838140534
occupancy after shift: 153
attacks: 2068
get_bishop_attacks for square 58
occupancy after mask: 2814749767106560
occupancy after magic mul: 2328361007350546432
occupancy after shift: 4
attacks: 2814749767106560
get_bishop_attacks for square 61
occupancy after mask: 22517998136852480
occupancy after magic mul: 2305843009213693952
occupancy after shift: 4
attacks: 22517998136852480
get_rook_attacks for square 56
occupancy after mask: 9079538323755630848
occupancy after magic mul: 2234207902789337344
occupancy after shift: 496
attacks: 144396663052566528
get_rook_attacks for square 63
occupancy after mask: 9115285645797916672
occupancy after magic mul: 11317697608000012288
occupancy after shift: 2513
attacks: 4647714815446351872
get_bishop_attacks for square 59
occupancy after mask: 5629499534213120
occupancy after magic mul: 15078051552436420608
occupancy after shift: 26
attacks: 5629499534213120
get_rook_attacks for square 59
occupancy after mask: 8505047896289183744
occupancy after magic mul: 15929372902967808000
occupancy after shift: 1768
attacks: 1443403680572243968
get_bishop_attacks for square 58
occupancy after mask: 2814749767106560
occupancy after magic mul: 2328361007350546432
occupancy after shift: 4
attacks: 2814749767106560
get_bishop_attacks for square 61
occupancy after mask: 22517998136852480
occupancy after magic mul: 2305843009213693952
occupancy after shift: 4
attacks: 22517998136852480
get_rook_attacks for square 56
occupancy after mask: 9079538323755630848
occupancy after magic mul: 2234207902789337344
occupancy after shift: 496
attacks: 144396663052566528
get_rook_attacks for square 63
occupancy after mask: 9115285645797916672
occupancy after magic mul: 11317697608000012288
occupancy after shift: 2513
attacks: 4647714815446351872
get_rook_attacks for square 59
occupancy after mask: 8505047896289183744
occupancy after magic mul: 15929372902967808000
occupancy after shift: 1768
attacks: 1443403680572243968
get_bishop_attacks for square 59
occupancy after mask: 5629499534213120
occupancy after magic mul: 15078051552436420608
occupancy after shift: 26
attacks: 5629499534213120
Undoing move: c2c4
Searching move 21: g1f3
Enter makemove
get_bishop_attacks for square 4
occupancy after mask: 272384
occupancy after magic mul: 12764626998232350720
occupancy after shift: 22
attacks: 10240
get_rook_attacks for square 4
occupancy after mask: 4503599627374702
occupancy after magic mul: 10604027970609967104
occupancy after shift: 1177
attacks: 4136
Enter alpha_beta_search
Entering alpha_beta_search function (current_depth 0, max_depth 2)
tt.probe called with key = 16196585968730165573, num_entries = 18350080
calculated index = 14471493
Accessing table[index].key
get_bishop_attacks for square 2
occupancy after mask: 2560
occupancy after magic mul: 1175443006172430336
occupancy after shift: 2
attacks: 2560
get_bishop_attacks for square 5
occupancy after mask: 20480
occupancy after magic mul: 2930165545624227840
occupancy after shift: 5
attacks: 20480
get_rook_attacks for square 0
occupancy after mask: 281474976711038
occupancy after magic mul: 3108638780263706560
occupancy after shift: 690
attacks: 258
get_rook_attacks for square 7
occupancy after mask: 36028797018996862
occupancy after magic mul: 3391263708255633152
occupancy after shift: 753
attacks: 32832
get_bishop_attacks for square 3
occupancy after mask: 2102272
occupancy after magic mul: 16216387500604694528
occupancy after shift: 28
attacks: 5120
get_rook_attacks for square 3
occupancy after mask: 2251799813687414
occupancy after magic mul: 1381021119838140534
occupancy after shift: 153
attacks: 2068
get_bishop_attacks for square 58
occupancy after mask: 2814749767106560
occupancy after magic mul: 2328361007350546432
occupancy after shift: 4
attacks: 2814749767106560
get_bishop_attacks for square 61
occupancy after mask: 22517998136852480
occupancy after magic mul: 2305843009213693952
occupancy after shift: 4
attacks: 22517998136852480
get_rook_attacks for square 56
occupancy after mask: 9079538323755630848
occupancy after magic mul: 2234207902789337344
occupancy after shift: 496
attacks: 144396663052566528
get_rook_attacks for square 63
occupancy after mask: 9115285645797916672
occupancy after magic mul: 11317697608000012288
occupancy after shift: 2513
attacks: 4647714815446351872
get_bishop_attacks for square 59
occupancy after mask: 5629499534213120
occupancy after magic mul: 15078051552436420608
occupancy after shift: 26
attacks: 5629499534213120
get_rook_attacks for square 59
occupancy after mask: 8505047896289183744
occupancy after magic mul: 15929372902967808000
occupancy after shift: 1768
attacks: 1443403680572243968
get_bishop_attacks for square 58
occupancy after mask: 2814749767106560
occupancy after magic mul: 2328361007350546432
occupancy after shift: 4
attacks: 2814749767106560
get_bishop_attacks for square 61
occupancy after mask: 22517998136852480
occupancy after magic mul: 2305843009213693952
occupancy after shift: 4
attacks: 22517998136852480
get_rook_attacks for square 56
occupancy after mask: 9079538323755630848
occupancy after magic mul: 2234207902789337344
occupancy after shift: 496
attacks: 144396663052566528
get_rook_attacks for square 63
occupancy after mask: 9115285645797916672
occupancy after magic mul: 11317697608000012288
occupancy after shift: 2513
attacks: 4647714815446351872
get_rook_attacks for square 59
occupancy after mask: 8505047896289183744
occupancy after magic mul: 15929372902967808000
occupancy after shift: 1768
attacks: 1443403680572243968
get_bishop_attacks for square 59
occupancy after mask: 5629499534213120
occupancy after magic mul: 15078051552436420608
occupancy after shift: 26
attacks: 5629499534213120
Undoing move: g1f3
Searching move 22: g1h3
Enter makemove
get_bishop_attacks for square 4
occupancy after mask: 272384
occupancy after magic mul: 12764626998232350720
occupancy after shift: 22
attacks: 10240
get_rook_attacks for square 4
occupancy after mask: 4503599627374702
occupancy after magic mul: 10604027970609967104
occupancy after shift: 1177
attacks: 4136
Enter alpha_beta_search
Entering alpha_beta_search function (current_depth 0, max_depth 2)
tt.probe called with key = 9419721894523120334, num_entries = 18350080
calculated index = 17115854
Accessing table[index].key
get_bishop_attacks for square 2
occupancy after mask: 2560
occupancy after magic mul: 1175443006172430336
occupancy after shift: 2
attacks: 2560
get_bishop_attacks for square 5
occupancy after mask: 20480
occupancy after magic mul: 2930165545624227840
occupancy after shift: 5
attacks: 20480
get_rook_attacks for square 0
occupancy after mask: 281474976711038
occupancy after magic mul: 3108638780263706560
occupancy after shift: 690
attacks: 258
get_rook_attacks for square 7
occupancy after mask: 36028797027385470
occupancy after magic mul: 4553333150679318272
occupancy after shift: 1011
attacks: 32832
get_bishop_attacks for square 3
occupancy after mask: 5120
occupancy after magic mul: 11585556781402726400
occupancy after shift: 20
attacks: 5120
get_rook_attacks for square 3
occupancy after mask: 2251799813687414
occupancy after magic mul: 1381021119838140534
occupancy after shift: 153
attacks: 2068
get_bishop_attacks for square 58
occupancy after mask: 2814749767106560
occupancy after magic mul: 2328361007350546432
occupancy after shift: 4
attacks: 2814749767106560
get_bishop_attacks for square 61
occupancy after mask: 22517998136852480
occupancy after magic mul: 2305843009213693952
occupancy after shift: 4
attacks: 22517998136852480
get_rook_attacks for square 56
occupancy after mask: 9079538323755630848
occupancy after magic mul: 2234207902789337344
occupancy after shift: 496
attacks: 144396663052566528
get_rook_attacks for square 63
occupancy after mask: 9115285645806305280
occupancy after magic mul: 12509465683603554304
occupancy after shift: 2777
attacks: 4647714815446351872
get_bishop_attacks for square 59
occupancy after mask: 5629499534213120
occupancy after magic mul: 15078051552436420608
occupancy after shift: 26
attacks: 5629499534213120
get_rook_attacks for square 59
occupancy after mask: 8505047896289183744
occupancy after magic mul: 15929372902967808000
occupancy after shift: 1768
attacks: 1443403680572243968
get_bishop_attacks for square 58
occupancy after mask: 2814749767106560
occupancy after magic mul: 2328361007350546432
occupancy after shift: 4
attacks: 2814749767106560
get_bishop_attacks for square 61
occupancy after mask: 22517998136852480
occupancy after magic mul: 2305843009213693952
occupancy after shift: 4
attacks: 22517998136852480
get_rook_attacks for square 56
occupancy after mask: 9079538323755630848
occupancy after magic mul: 2234207902789337344
occupancy after shift: 496
attacks: 144396663052566528
get_rook_attacks for square 63
occupancy after mask: 9115285645806305280
occupancy after magic mul: 12509465683603554304
occupancy after shift: 2777
attacks: 4647714815446351872
get_rook_attacks for square 59
occupancy after mask: 8505047896289183744
occupancy after magic mul: 15929372902967808000
occupancy after shift: 1768
attacks: 1443403680572243968
get_bishop_attacks for square 59
occupancy after mask: 5629499534213120
occupancy after magic mul: 15078051552436420608
occupancy after shift: 26
attacks: 5629499534213120
Undoing move: g1h3
Searching move 23: f2f3
Enter makemove
get_bishop_attacks for square 4
occupancy after mask: 264192
occupancy after magic mul: 3504099714695954432
occupancy after shift: 6
attacks: 2151688192
get_rook_attacks for square 4
occupancy after mask: 4503599627374702
occupancy after magic mul: 10604027970609967104
occupancy after shift: 1177
attacks: 4136
Enter alpha_beta_search
Entering alpha_beta_search function (current_depth 0, max_depth 2)
tt.probe called with key = 5514554688775500900, num_entries = 18350080
calculated index = 2995300
Accessing table[index].key
get_bishop_attacks for square 2
occupancy after mask: 2560
occupancy after magic mul: 1175443006172430336
occupancy after shift: 2
attacks: 2560
get_bishop_attacks for square 5
occupancy after mask: 20480
occupancy after magic mul: 2930165545624227840
occupancy after shift: 5
attacks: 20480
get_rook_attacks for square 0
occupancy after mask: 281474976711038
occupancy after magic mul: 3108638780263706560
occupancy after shift: 690
attacks: 258
get_rook_attacks for square 7
occupancy after mask: 36028797018996862
occupancy after magic mul: 3391263708255633152
occupancy after shift: 753
attacks: 32832
get_bishop_attacks for square 3
occupancy after mask: 2102272
occupancy after magic mul: 16216387500604694528
occupancy after shift: 28
attacks: 5120
get_rook_attacks for square 3
occupancy after mask: 2251799813687414
occupancy after magic mul: 1381021119838140534
occupancy after shift: 153
attacks: 2068
get_bishop_attacks for square 58
occupancy after mask: 2814749767106560
occupancy after magic mul: 2328361007350546432
occupancy after shift: 4
attacks: 2814749767106560
get_bishop_attacks for square 61
occupancy after mask: 22517998136852480
occupancy after magic mul: 2305843009213693952
occupancy after shift: 4
attacks: 22517998136852480
get_rook_attacks for square 56
occupancy after mask: 9079538323755630848
occupancy after magic mul: 2234207902789337344
occupancy after shift: 496
attacks: 144396663052566528
get_rook_attacks for square 63
occupancy after mask: 9115285645797916672
occupancy after magic mul: 11317697608000012288
occupancy after shift: 2513
attacks: 4647714815446351872
get_bishop_attacks for square 59
occupancy after mask: 5629499534213120
occupancy after magic mul: 15078051552436420608
occupancy after shift: 26
attacks: 5629499534213120
get_rook_attacks for square 59
occupancy after mask: 8505047896289183744
occupancy after magic mul: 15929372902967808000
occupancy after shift: 1768
attacks: 1443403680572243968
get_bishop_attacks for square 58
occupancy after mask: 2814749767106560
occupancy after magic mul: 2328361007350546432
occupancy after shift: 4
attacks: 2814749767106560
get_bishop_attacks for square 61
occupancy after mask: 22517998136852480
occupancy after magic mul: 2305843009213693952
occupancy after shift: 4
attacks: 22517998136852480
get_rook_attacks for square 56
occupancy after mask: 9079538323755630848
occupancy after magic mul: 2234207902789337344
occupancy after shift: 496
attacks: 144396663052566528
get_rook_attacks for square 63
occupancy after mask: 9115285645797916672
occupancy after magic mul: 11317697608000012288
occupancy after shift: 2513
attacks: 4647714815446351872
get_rook_attacks for square 59
occupancy after mask: 8505047896289183744
occupancy after magic mul: 15929372902967808000
occupancy after shift: 1768
attacks: 1443403680572243968
get_bishop_attacks for square 59
occupancy after mask: 5629499534213120
occupancy after magic mul: 15078051552436420608
occupancy after shift: 26
attacks: 5629499534213120
Undoing move: f2f3
Searching move 24: d2d3
Enter makemove
get_bishop_attacks for square 4
occupancy after mask: 272384
occupancy after magic mul: 12764626998232350720
occupancy after shift: 22
attacks: 10240
get_rook_attacks for square 4
occupancy after mask: 4503599627374702
occupancy after magic mul: 10604027970609967104
occupancy after shift: 1177
attacks: 4136
Enter alpha_beta_search
Entering alpha_beta_search function (current_depth 0, max_depth 2)
tt.probe called with key = 7184682838404464521, num_entries = 18350080
calculated index = 9011081
Accessing table[index].key
get_bishop_attacks for square 2
occupancy after mask: 2560
occupancy after magic mul: 1175443006172430336
occupancy after shift: 2
attacks: 2560
get_bishop_attacks for square 5
occupancy after mask: 544768
occupancy after magic mul: 4155427218766254080
occupancy after shift: 7
attacks: 20480
get_rook_attacks for square 0
occupancy after mask: 281474976711038
occupancy after magic mul: 3108638780263706560
occupancy after shift: 690
attacks: 258
get_rook_attacks for square 7
occupancy after mask: 36028797018996862
occupancy after magic mul: 3391263708255633152
occupancy after shift: 753
attacks: 32832
get_bishop_attacks for square 3
occupancy after mask: 2102272
occupancy after magic mul: 16216387500604694528
occupancy after shift: 28
attacks: 5120
get_rook_attacks for square 3
occupancy after mask: 2251799814211702
occupancy after magic mul: 3722897325191575670
occupancy after shift: 413
attacks: 2068
get_bishop_attacks for square 58
occupancy after mask: 2814749767106560
occupancy after magic mul: 2328361007350546432
occupancy after shift: 4
attacks: 2814749767106560
get_bishop_attacks for square 61
occupancy after mask: 22517998136852480
occupancy after magic mul: 2305843009213693952
occupancy after shift: 4
attacks: 22517998136852480
get_rook_attacks for square 56
occupancy after mask: 9079538323755630848
occupancy after magic mul: 2234207902789337344
occupancy after shift: 496
attacks: 144396663052566528
get_rook_attacks for square 63
occupancy after mask: 9115285645797916672
occupancy after magic mul: 11317697608000012288
occupancy after shift: 2513
attacks: 4647714815446351872
get_bishop_attacks for square 59
occupancy after mask: 5629499534213120
occupancy after magic mul: 15078051552436420608
occupancy after shift: 26
attacks: 5629499534213120
get_rook_attacks for square 59
occupancy after mask: 8505047896289708032
occupancy after magic mul: 15965474268308901888
occupancy after shift: 1772
attacks: 1443403680572243968
get_bishop_attacks for square 58
occupancy after mask: 2814749767106560
occupancy after magic mul: 2328361007350546432
occupancy after shift: 4
attacks: 2814749767106560
get_bishop_attacks for square 61
occupancy after mask: 22517998136852480
occupancy after magic mul: 2305843009213693952
occupancy after shift: 4
attacks: 22517998136852480
get_rook_attacks for square 56
occupancy after mask: 9079538323755630848
occupancy after magic mul: 2234207902789337344
occupancy after shift: 496
attacks: 144396663052566528
get_rook_attacks for square 63
occupancy after mask: 9115285645797916672
occupancy after magic mul: 11317697608000012288
occupancy after shift: 2513
attacks: 4647714815446351872
get_rook_attacks for square 59
occupancy after mask: 8505047896289708032
occupancy after magic mul: 15965474268308901888
occupancy after shift: 1772
attacks: 1443403680572243968
get_bishop_attacks for square 59
occupancy after mask: 5629499534213120
occupancy after magic mul: 15078051552436420608
occupancy after shift: 26
attacks: 5629499534213120
Undoing move: d2d3
Searching move 25: d2d4
Enter makemove
get_bishop_attacks for square 4
occupancy after mask: 272384
occupancy after magic mul: 12764626998232350720
occupancy after shift: 22
attacks: 10240
get_rook_attacks for square 4
occupancy after mask: 4503599627374702
occupancy after magic mul: 10604027970609967104
occupancy after shift: 1177
attacks: 4136
Enter alpha_beta_search
Entering alpha_beta_search function (current_depth 0, max_depth 2)
tt.probe called with key = 18237826133587118342, num_entries = 18350080
calculated index = 7588102
Accessing table[index].key
get_bishop_attacks for square 2
occupancy after mask: 2560
occupancy after magic mul: 1175443006172430336
occupancy after shift: 2
attacks: 2560
get_bishop_attacks for square 5
occupancy after mask: 20480
occupancy after magic mul: 2930165545624227840
occupancy after shift: 5
attacks: 20480
get_rook_attacks for square 0
occupancy after mask: 281474976711038
occupancy after magic mul: 3108638780263706560
occupancy after shift: 690
attacks: 258
get_rook_attacks for square 7
occupancy after mask: 36028797018996862
occupancy after magic mul: 3391263708255633152
occupancy after shift: 753
attacks: 32832
get_bishop_attacks for square 3
occupancy after mask: 2102272
occupancy after magic mul: 16216387500604694528
occupancy after shift: 28
attacks: 5120
get_rook_attacks for square 3
occupancy after mask: 2251799947905142
occupancy after magic mul: 10605519331611883638
occupancy after shift: 1177
attacks: 2068
get_bishop_attacks for square 58
occupancy after mask: 2814749767106560
occupancy after magic mul: 2328361007350546432
occupancy after shift: 4
attacks: 2814749767106560
get_bishop_attacks for square 61
occupancy after mask: 22517998136852480
occupancy after magic mul: 2305843009213693952
occupancy after shift: 4
attacks: 22517998136852480
get_rook_attacks for square 56
occupancy after mask: 9079538323755630848
occupancy after magic mul: 2234207902789337344
occupancy after shift: 496
attacks: 144396663052566528
get_rook_attacks for square 63
occupancy after mask: 9115285645797916672
occupancy after magic mul: 11317697608000012288
occupancy after shift: 2513
attacks: 4647714815446351872
get_bishop_attacks for square 59
occupancy after mask: 5629499534213120
occupancy after magic mul: 15078051552436420608
occupancy after shift: 26
attacks: 5629499534213120
get_rook_attacks for square 59
occupancy after mask: 8505047896423401472
occupancy after magic mul: 6724578356578291712
occupancy after shift: 746
attacks: 1443403680572243968
get_bishop_attacks for square 58
occupancy after mask: 2814749767106560
occupancy after magic mul: 2328361007350546432
occupancy after shift: 4
attacks: 2814749767106560
get_bishop_attacks for square 61
occupancy after mask: 22517998136852480
occupancy after magic mul: 2305843009213693952
occupancy after shift: 4
attacks: 22517998136852480
get_rook_attacks for square 56
occupancy after mask: 9079538323755630848
occupancy after magic mul: 2234207902789337344
occupancy after shift: 496
attacks: 144396663052566528
get_rook_attacks for square 63
occupancy after mask: 9115285645797916672
occupancy after magic mul: 11317697608000012288
occupancy after shift: 2513
attacks: 4647714815446351872
get_rook_attacks for square 59
occupancy after mask: 8505047896423401472
occupancy after magic mul: 6724578356578291712
occupancy after shift: 746
attacks: 1443403680572243968
get_bishop_attacks for square 59
occupancy after mask: 5629499534213120
occupancy after magic mul: 15078051552436420608
occupancy after shift: 26
attacks: 5629499534213120
Undoing move: d2d4
Searching move 26: f2f4
Enter makemove
get_bishop_attacks for square 4
occupancy after mask: 264192
occupancy after magic mul: 3504099714695954432
occupancy after shift: 6
attacks: 2151688192
get_rook_attacks for square 4
occupancy after mask: 4503599627374702
occupancy after magic mul: 10604027970609967104
occupancy after shift: 1177
attacks: 4136
Enter alpha_beta_search
Entering alpha_beta_search function (current_depth 0, max_depth 2)
tt.probe called with key = 17617291444231779036, num_entries = 18350080
calculated index = 10400476
Accessing table[index].key
get_bishop_attacks for square 2
occupancy after mask: 536873472
occupancy after magic mul: 1910165263154675712
occupancy after shift: 3
attacks: 2560
get_bishop_attacks for square 5
occupancy after mask: 20480
occupancy after magic mul: 2930165545624227840
occupancy after shift: 5
attacks: 20480
get_rook_attacks for square 0
occupancy after mask: 281474976711038
occupancy after magic mul: 3108638780263706560
occupancy after shift: 690
attacks: 258
get_rook_attacks for square 7
occupancy after mask: 36028797018996862
occupancy after magic mul: 3391263708255633152
occupancy after shift: 753
attacks: 32832
get_bishop_attacks for square 3
occupancy after mask: 2102272
occupancy after magic mul: 16216387500604694528
occupancy after shift: 28
attacks: 5120
get_rook_attacks for square 3
occupancy after mask: 2251799813687414
occupancy after magic mul: 1381021119838140534
occupancy after shift: 153
attacks: 2068
get_bishop_attacks for square 58
occupancy after mask: 2814749767106560
occupancy after magic mul: 2328361007350546432
occupancy after shift: 4
attacks: 2814749767106560
get_bishop_attacks for square 61
occupancy after mask: 22517998136852480
occupancy after magic mul: 2305843009213693952
occupancy after shift: 4
attacks: 22517998136852480
get_rook_attacks for square 56
occupancy after mask: 9079538323755630848
occupancy after magic mul: 2234207902789337344
occupancy after shift: 496
attacks: 144396663052566528
get_rook_attacks for square 63
occupancy after mask: 9115285645797916672
occupancy after magic mul: 11317697608000012288
occupancy after shift: 2513
attacks: 4647714815446351872
get_bishop_attacks for square 59
occupancy after mask: 5629499534213120
occupancy after magic mul: 15078051552436420608
occupancy after shift: 26
attacks: 5629499534213120
get_rook_attacks for square 59
occupancy after mask: 8505047896289183744
occupancy after magic mul: 15929372902967808000
occupancy after shift: 1768
attacks: 1443403680572243968
get_bishop_attacks for square 58
occupancy after mask: 2814749767106560
occupancy after magic mul: 2328361007350546432
occupancy after shift: 4
attacks: 2814749767106560
get_bishop_attacks for square 61
occupancy after mask: 22517998136852480
occupancy after magic mul: 2305843009213693952
occupancy after shift: 4
attacks: 22517998136852480
get_rook_attacks for square 56
occupancy after mask: 9079538323755630848
occupancy after magic mul: 2234207902789337344
occupancy after shift: 496
attacks: 144396663052566528
get_rook_attacks for square 63
occupancy after mask: 9115285645797916672
occupancy after magic mul: 11317697608000012288
occupancy after shift: 2513
attacks: 4647714815446351872
get_rook_attacks for square 59
occupancy after mask: 8505047896289183744
occupancy after magic mul: 15929372902967808000
occupancy after shift: 1768
attacks: 1443403680572243968
get_bishop_attacks for square 59
occupancy after mask: 5629499534213120
occupancy after magic mul: 15078051552436420608
occupancy after shift: 26
attacks: 5629499534213120
Undoing move: f2f4
Searching move 27: b2b3
Enter makemove
get_bishop_attacks for square 4
occupancy after mask: 272384
occupancy after magic mul: 12764626998232350720
occupancy after shift: 22
attacks: 10240
get_rook_attacks for square 4
occupancy after mask: 4503599627374702
occupancy after magic mul: 10604027970609967104
occupancy after shift: 1177
attacks: 4136
Enter alpha_beta_search
Entering alpha_beta_search function (current_depth 0, max_depth 2)
tt.probe called with key = 17706024295302833053, num_entries = 18350080
calculated index = 3023773
Accessing table[index].key
get_bishop_attacks for square 2
occupancy after mask: 2560
occupancy after magic mul: 1175443006172430336
occupancy after shift: 2
attacks: 2560
get_bishop_attacks for square 5
occupancy after mask: 20480
occupancy after magic mul: 2930165545624227840
occupancy after shift: 5
attacks: 20480
get_rook_attacks for square 0
occupancy after mask: 281474976711038
occupancy after magic mul: 3108638780263706560
occupancy after shift: 690
attacks: 258
get_rook_attacks for square 7
occupancy after mask: 36028797018996862
occupancy after magic mul: 3391263708255633152
occupancy after shift: 753
attacks: 32832
get_bishop_attacks for square 3
occupancy after mask: 2233344
occupancy after magic mul: 17658735925161664512
occupancy after shift: 30
attacks: 5120
get_rook_attacks for square 3
occupancy after mask: 2251799813687414
occupancy after magic mul: 1381021119838140534
occupancy after shift: 153
attacks: 2068
get_bishop_attacks for square 58
occupancy after mask: 2814749767106560
occupancy after magic mul: 2328361007350546432
occupancy after shift: 4
attacks: 2814749767106560
get_bishop_attacks for square 61
occupancy after mask: 22517998136852480
occupancy after magic mul: 2305843009213693952
occupancy after shift: 4
attacks: 22517998136852480
get_rook_attacks for square 56
occupancy after mask: 9079538323755630848
occupancy after magic mul: 2234207902789337344
occupancy after shift: 496
attacks: 144396663052566528
get_rook_attacks for square 63
occupancy after mask: 9115285645797916672
occupancy after magic mul: 11317697608000012288
occupancy after shift: 2513
attacks: 4647714815446351872
get_bishop_attacks for square 59
occupancy after mask: 5629499534213120
occupancy after magic mul: 15078051552436420608
occupancy after shift: 26
attacks: 5629499534213120
get_rook_attacks for square 59
occupancy after mask: 8505047896289183744
occupancy after magic mul: 15929372902967808000
occupancy after shift: 1768
attacks: 1443403680572243968
get_bishop_attacks for square 58
occupancy after mask: 2814749767106560
occupancy after magic mul: 2328361007350546432
occupancy after shift: 4
attacks: 2814749767106560
get_bishop_attacks for square 61
occupancy after mask: 22517998136852480
occupancy after magic mul: 2305843009213693952
occupancy after shift: 4
attacks: 22517998136852480
get_rook_attacks for square 56
occupancy after mask: 9079538323755630848
occupancy after magic mul: 2234207902789337344
occupancy after shift: 496
attacks: 144396663052566528
get_rook_attacks for square 63
occupancy after mask: 9115285645797916672
occupancy after magic mul: 11317697608000012288
occupancy after shift: 2513
attacks: 4647714815446351872
get_rook_attacks for square 59
occupancy after mask: 8505047896289183744
occupancy after magic mul: 15929372902967808000
occupancy after shift: 1768
attacks: 1443403680572243968
get_bishop_attacks for square 59
occupancy after mask: 5629499534213120
occupancy after magic mul: 15078051552436420608
occupancy after shift: 26
attacks: 5629499534213120
Undoing move: b2b3
Searching move 28: g2g3
Enter makemove
get_bishop_attacks for square 4
occupancy after mask: 4466688
occupancy after magic mul: 13341369225512484864
occupancy after shift: 23
attacks: 10240
get_rook_attacks for square 4
occupancy after mask: 4503599627374702
occupancy after magic mul: 10604027970609967104
occupancy after shift: 1177
attacks: 4136
Enter alpha_beta_search
Entering alpha_beta_search function (current_depth 0, max_depth 2)
tt.probe called with key = 13915981669939849791, num_entries = 18350080
calculated index = 4500031
Accessing table[index].key
get_bishop_attacks for square 2
occupancy after mask: 2560
occupancy after magic mul: 1175443006172430336
occupancy after shift: 2
attacks: 2560
get_bishop_attacks for square 5
occupancy after mask: 20480
occupancy after magic mul: 2930165545624227840
occupancy after shift: 5
attacks: 20480
get_rook_attacks for square 0
occupancy after mask: 281474976711038
occupancy after magic mul: 3108638780263706560
occupancy after shift: 690
attacks: 258
get_rook_attacks for square 7
occupancy after mask: 36028797018996862
occupancy after magic mul: 3391263708255633152
occupancy after shift: 753
attacks: 32832
get_bishop_attacks for square 3
occupancy after mask: 2102272
occupancy after magic mul: 16216387500604694528
occupancy after shift: 28
attacks: 5120
get_rook_attacks for square 3
occupancy after mask: 2251799813687414
occupancy after magic mul: 1381021119838140534
occupancy after shift: 153
attacks: 2068
get_bishop_attacks for square 58
occupancy after mask: 2814749767106560
occupancy after magic mul: 2328361007350546432
occupancy after shift: 4
attacks: 2814749767106560
get_bishop_attacks for square 61
occupancy after mask: 22517998136852480
occupancy after magic mul: 2305843009213693952
occupancy after shift: 4
attacks: 22517998136852480
get_rook_attacks for square 56
occupancy after mask: 9079538323755630848
occupancy after magic mul: 2234207902789337344
occupancy after shift: 496
attacks: 144396663052566528
get_rook_attacks for square 63
occupancy after mask: 9115285645797916672
occupancy after magic mul: 11317697608000012288
occupancy after shift: 2513
attacks: 4647714815446351872
get_bishop_attacks for square 59
occupancy after mask: 5629499534213120
occupancy after magic mul: 15078051552436420608
occupancy after shift: 26
attacks: 5629499534213120
get_rook_attacks for square 59
occupancy after mask: 8505047896289183744
occupancy after magic mul: 15929372902967808000
occupancy after shift: 1768
attacks: 1443403680572243968
get_bishop_attacks for square 58
occupancy after mask: 2814749767106560
occupancy after magic mul: 2328361007350546432
occupancy after shift: 4
attacks: 2814749767106560
get_bishop_attacks for square 61
occupancy after mask: 22517998136852480
occupancy after magic mul: 2305843009213693952
occupancy after shift: 4
attacks: 22517998136852480
get_rook_attacks for square 56
occupancy after mask: 9079538323755630848
occupancy after magic mul: 2234207902789337344
occupancy after shift: 496
attacks: 144396663052566528
get_rook_attacks for square 63
occupancy after mask: 9115285645797916672
occupancy after magic mul: 11317697608000012288
occupancy after shift: 2513
attacks: 4647714815446351872
get_rook_attacks for square 59
occupancy after mask: 8505047896289183744
occupancy after magic mul: 15929372902967808000
occupancy after shift: 1768
attacks: 1443403680572243968
get_bishop_attacks for square 59
occupancy after mask: 5629499534213120
occupancy after magic mul: 15078051552436420608
occupancy after shift: 26
attacks: 5629499534213120
Undoing move: g2g3
Searching move 29: b2b4
Enter makemove
get_bishop_attacks for square 4
occupancy after mask: 33826816
occupancy after magic mul: 17378564816473423872
occupancy after shift: 30
attacks: 10240
get_rook_attacks for square 4
occupancy after mask: 4503599627374702
occupancy after magic mul: 10604027970609967104
occupancy after shift: 1177
attacks: 4136
Enter alpha_beta_search
Entering alpha_beta_search function (current_depth 0, max_depth 2)
tt.probe called with key = 17014054115899205267, num_entries = 18350080
calculated index = 4318867
Accessing table[index].key
get_bishop_attacks for square 2
occupancy after mask: 2560
occupancy after magic mul: 1175443006172430336
occupancy after shift: 2
attacks: 2560
get_bishop_attacks for square 5
occupancy after mask: 20480
occupancy after magic mul: 2930165545624227840
occupancy after shift: 5
attacks: 20480
get_rook_attacks for square 0
occupancy after mask: 281474976711038
occupancy after magic mul: 3108638780263706560
occupancy after shift: 690
attacks: 258
get_rook_attacks for square 7
occupancy after mask: 36028797018996862
occupancy after magic mul: 3391263708255633152
occupancy after shift: 753
attacks: 32832
get_bishop_attacks for square 3
occupancy after mask: 2102272
occupancy after magic mul: 16216387500604694528
occupancy after shift: 28
attacks: 5120
get_rook_attacks for square 3
occupancy after mask: 2251799813687414
occupancy after magic mul: 1381021119838140534
occupancy after shift: 153
attacks: 2068
get_bishop_attacks for square 58
occupancy after mask: 2814749767106560
occupancy after magic mul: 2328361007350546432
occupancy after shift: 4
attacks: 2814749767106560
get_bishop_attacks for square 61
occupancy after mask: 22517998170406912
occupancy after magic mul: 3485929408873627648
occupancy after shift: 6
attacks: 22517998136852480
get_rook_attacks for square 56
occupancy after mask: 9079538323755630848
occupancy after magic mul: 2234207902789337344
occupancy after shift: 496
attacks: 144396663052566528
get_rook_attacks for square 63
occupancy after mask: 9115285645797916672
occupancy after magic mul: 11317697608000012288
occupancy after shift: 2513
attacks: 4647714815446351872
get_bishop_attacks for square 59
occupancy after mask: 5629499534213120
occupancy after magic mul: 15078051552436420608
occupancy after shift: 26
attacks: 5629499534213120
get_rook_attacks for square 59
occupancy after mask: 8505047896289183744
occupancy after magic mul: 15929372902967808000
occupancy after shift: 1768
attacks: 1443403680572243968
get_bishop_attacks for square 58
occupancy after mask: 2814749767106560
occupancy after magic mul: 2328361007350546432
occupancy after shift: 4
attacks: 2814749767106560
get_bishop_attacks for square 61
occupancy after mask: 22517998170406912
occupancy after magic mul: 3485929408873627648
occupancy after shift: 6
attacks: 22517998136852480
get_rook_attacks for square 56
occupancy after mask: 9079538323755630848
occupancy after magic mul: 2234207902789337344
occupancy after shift: 496
attacks: 144396663052566528
get_rook_attacks for square 63
occupancy after mask: 9115285645797916672
occupancy after magic mul: 11317697608000012288
occupancy after shift: 2513
attacks: 4647714815446351872
get_rook_attacks for square 59
occupancy after mask: 8505047896289183744
occupancy after magic mul: 15929372902967808000
occupancy after shift: 1768
attacks: 1443403680572243968
get_bishop_attacks for square 59
occupancy after mask: 5629499534213120
occupancy after magic mul: 15078051552436420608
occupancy after shift: 26
attacks: 5629499534213120
Undoing move: b2b4
Searching move 30: g2g4
Enter makemove
get_bishop_attacks for square 4
occupancy after mask: 272384
occupancy after magic mul: 12764626998232350720
occupancy after shift: 22
attacks: 10240
get_rook_attacks for square 4
occupancy after mask: 4503599627374702
occupancy after magic mul: 10604027970609967104
occupancy after shift: 1177
attacks: 4136
Enter alpha_beta_search
Entering alpha_beta_search function (current_depth 0, max_depth 2)
tt.probe called with key = 11634489351489504944, num_entries = 18350080
calculated index = 13158064
Accessing table[index].key
get_bishop_attacks for square 2
occupancy after mask: 2560
occupancy after magic mul: 1175443006172430336
occupancy after shift: 2
attacks: 2560
get_bishop_attacks for square 5
occupancy after mask: 20480
occupancy after magic mul: 2930165545624227840
occupancy after shift: 5
attacks: 20480
get_rook_attacks for square 0
occupancy after mask: 281474976711038
occupancy after magic mul: 3108638780263706560
occupancy after shift: 690
attacks: 258
get_rook_attacks for square 7
occupancy after mask: 36028797018996862
occupancy after magic mul: 3391263708255633152
occupancy after shift: 753
attacks: 32832
get_bishop_attacks for square 3
occupancy after mask: 1075844096
occupancy after magic mul: 7571730223480217600
occupancy after shift: 13
attacks: 5120
get_rook_attacks for square 3
occupancy after mask: 2251799813687414
occupancy after magic mul: 1381021119838140534
occupancy after shift: 153
attacks: 2068
get_bishop_attacks for square 58
occupancy after mask: 2814750840848384
occupancy after magic mul: 2940942924239601664
occupancy after shift: 5
attacks: 2814749767106560
get_bishop_attacks for square 61
occupancy after mask: 22517998136852480
occupancy after magic mul: 2305843009213693952
occupancy after shift: 4
attacks: 22517998136852480
get_rook_attacks for square 56
occupancy after mask: 9079538323755630848
occupancy after magic mul: 2234207902789337344
occupancy after shift: 496
attacks: 144396663052566528
get_rook_attacks for square 63
occupancy after mask: 9115285645797916672
occupancy after magic mul: 11317697608000012288
occupancy after shift: 2513
attacks: 4647714815446351872
get_bishop_attacks for square 59
occupancy after mask: 5629499534213120
occupancy after magic mul: 15078051552436420608
occupancy after shift: 26
attacks: 5629499534213120
get_rook_attacks for square 59
occupancy after mask: 8505047896289183744
occupancy after magic mul: 15929372902967808000
occupancy after shift: 1768
attacks: 1443403680572243968
get_bishop_attacks for square 58
occupancy after mask: 2814750840848384
occupancy after magic mul: 2940942924239601664
occupancy after shift: 5
attacks: 2814749767106560
get_bishop_attacks for square 61
occupancy after mask: 22517998136852480
occupancy after magic mul: 2305843009213693952
occupancy after shift: 4
attacks: 22517998136852480
get_rook_attacks for square 56
occupancy after mask: 9079538323755630848
occupancy after magic mul: 2234207902789337344
occupancy after shift: 496
attacks: 144396663052566528
get_rook_attacks for square 63
occupancy after mask: 9115285645797916672
occupancy after magic mul: 11317697608000012288
occupancy after shift: 2513
attacks: 4647714815446351872
get_rook_attacks for square 59
occupancy after mask: 8505047896289183744
occupancy after magic mul: 15929372902967808000
occupancy after shift: 1768
attacks: 1443403680572243968
get_bishop_attacks for square 59
occupancy after mask: 5629499534213120
occupancy after magic mul: 15078051552436420608
occupancy after shift: 26
attacks: 5629499534213120
Undoing move: g2g4
Searching move 31: a2a4
Enter makemove
get_bishop_attacks for square 4
occupancy after mask: 272384
occupancy after magic mul: 12764626998232350720
occupancy after shift: 22
attacks: 10240
get_rook_attacks for square 4
occupancy after mask: 4503599627374702
occupancy after magic mul: 10604027970609967104
occupancy after shift: 1177
attacks: 4136
Enter alpha_beta_search
Entering alpha_beta_search function (current_depth 0, max_depth 2)
tt.probe called with key = 10439583429942493366, num_entries = 18350080
calculated index = 14598326
Accessing table[index].key
get_bishop_attacks for square 2
occupancy after mask: 2560
occupancy after magic mul: 1175443006172430336
occupancy after shift: 2
attacks: 2560
get_bishop_attacks for square 5
occupancy after mask: 20480
occupancy after magic mul: 2930165545624227840
occupancy after shift: 5
attacks: 20480
get_rook_attacks for square 0
occupancy after mask: 281474993488254
occupancy after magic mul: 16943714978024599488
occupancy after shift: 3762
attacks: 258
get_rook_attacks for square 7
occupancy after mask: 36028797018996862
occupancy after magic mul: 3391263708255633152
occupancy after shift: 753
attacks: 32832
get_bishop_attacks for square 3
occupancy after mask: 2102272
occupancy after magic mul: 16216387500604694528
occupancy after shift: 28
attacks: 5120
get_rook_attacks for square 3
occupancy after mask: 2251799813687414
occupancy after magic mul: 1381021119838140534
occupancy after shift: 153
attacks: 2068
get_bishop_attacks for square 58
occupancy after mask: 2814749767106560
occupancy after magic mul: 2328361007350546432
occupancy after shift: 4
attacks: 2814749767106560
get_bishop_attacks for square 61
occupancy after mask: 22517998136852480
occupancy after magic mul: 2305843009213693952
occupancy after shift: 4
attacks: 22517998136852480
get_rook_attacks for square 56
occupancy after mask: 9079538323772408064
occupancy after magic mul: 11475612072090337536
occupancy after shift: 2548
attacks: 144396663052566528
get_rook_attacks for square 63
occupancy after mask: 9115285645797916672
occupancy after magic mul: 11317697608000012288
occupancy after shift: 2513
attacks: 4647714815446351872
get_bishop_attacks for square 59
occupancy after mask: 5629499534213120
occupancy after magic mul: 15078051552436420608
occupancy after shift: 26
attacks: 5629499534213120
get_rook_attacks for square 59
occupancy after mask: 8505047896289183744
occupancy after magic mul: 15929372902967808000
occupancy after shift: 1768
attacks: 1443403680572243968
get_bishop_attacks for square 58
occupancy after mask: 2814749767106560
occupancy after magic mul: 2328361007350546432
occupancy after shift: 4
attacks: 2814749767106560
get_bishop_attacks for square 61
occupancy after mask: 22517998136852480
occupancy after magic mul: 2305843009213693952
occupancy after shift: 4
attacks: 22517998136852480
get_rook_attacks for square 56
occupancy after mask: 9079538323772408064
occupancy after magic mul: 11475612072090337536
occupancy after shift: 2548
attacks: 144396663052566528
get_rook_attacks for square 63
occupancy after mask: 9115285645797916672
occupancy after magic mul: 11317697608000012288
occupancy after shift: 2513
attacks: 4647714815446351872
get_rook_attacks for square 59
occupancy after mask: 8505047896289183744
occupancy after magic mul: 15929372902967808000
occupancy after shift: 1768
attacks: 1443403680572243968
get_bishop_attacks for square 59
occupancy after mask: 5629499534213120
occupancy after magic mul: 15078051552436420608
occupancy after shift: 26
attacks: 5629499534213120
Undoing move: a2a4
Searching move 32: a2a3
Enter makemove
get_bishop_attacks for square 4
occupancy after mask: 272384
occupancy after magic mul: 12764626998232350720
occupancy after shift: 22
attacks: 10240
get_rook_attacks for square 4
occupancy after mask: 4503599627374702
occupancy after magic mul: 10604027970609967104
occupancy after shift: 1177
attacks: 4136
Enter alpha_beta_search
Entering alpha_beta_search function (current_depth 0, max_depth 2)
tt.probe called with key = 13545112920994960138, num_entries = 18350080
calculated index = 5591818
Accessing table[index].key
get_bishop_attacks for square 2
occupancy after mask: 2560
occupancy after magic mul: 1175443006172430336
occupancy after shift: 2
attacks: 2560
get_bishop_attacks for square 5
occupancy after mask: 20480
occupancy after magic mul: 2930165545624227840
occupancy after shift: 5
attacks: 20480
get_rook_attacks for square 0
occupancy after mask: 281474976776574
occupancy after magic mul: 3306797234737065920
occupancy after shift: 734
attacks: 258
get_rook_attacks for square 7
occupancy after mask: 36028797018996862
occupancy after magic mul: 3391263708255633152
occupancy after shift: 753
attacks: 32832
get_bishop_attacks for square 3
occupancy after mask: 2102272
occupancy after magic mul: 16216387500604694528
occupancy after shift: 28
attacks: 5120
get_rook_attacks for square 3
occupancy after mask: 2251799813687414
occupancy after magic mul: 1381021119838140534
occupancy after shift: 153
attacks: 2068
get_bishop_attacks for square 58
occupancy after mask: 2814749767106560
occupancy after magic mul: 2328361007350546432
occupancy after shift: 4
attacks: 2814749767106560
get_bishop_attacks for square 61
occupancy after mask: 22517998136852480
occupancy after magic mul: 2305843009213693952
occupancy after shift: 4
attacks: 22517998136852480
get_rook_attacks for square 56
occupancy after mask: 9079538323755696384
occupancy after magic mul: 2270307137825669376
occupancy after shift: 504
attacks: 144396663052566528
get_rook_attacks for square 63
occupancy after mask: 9115285645797916672
occupancy after magic mul: 11317697608000012288
occupancy after shift: 2513
attacks: 4647714815446351872
get_bishop_attacks for square 59
occupancy after mask: 5629499534213120
occupancy after magic mul: 15078051552436420608
occupancy after shift: 26
attacks: 5629499534213120
get_rook_attacks for square 59
occupancy after mask: 8505047896289183744
occupancy after magic mul: 15929372902967808000
occupancy after shift: 1768
attacks: 1443403680572243968
Undoing move: a2a3
Searching move 33: h2h3
Enter makemove
get_bishop_attacks for square 4
occupancy after mask: 272384
occupancy after magic mul: 12764626998232350720
occupancy after shift: 22
attacks: 10240
get_rook_attacks for square 4
occupancy after mask: 4503599627374702
occupancy after magic mul: 10604027970609967104
occupancy after shift: 1177
attacks: 4136
Enter alpha_beta_search
Entering alpha_beta_search function (current_depth 0, max_depth 2)
tt.probe called with key = 9738868252941548407, num_entries = 18350080
calculated index = 17890167
Accessing table[index].key
get_bishop_attacks for square 2
occupancy after mask: 2560
occupancy after magic mul: 1175443006172430336
occupancy after shift: 2
attacks: 2560
get_bishop_attacks for square 5
occupancy after mask: 20480
occupancy after magic mul: 2930165545624227840
occupancy after shift: 5
attacks: 20480
get_rook_attacks for square 0
occupancy after mask: 281474976776574
occupancy after magic mul: 3306797234737065920
occupancy after shift: 734
attacks: 258
get_rook_attacks for square 7
occupancy after mask: 36028797027385470
occupancy after magic mul: 4553333150679318272
occupancy after shift: 1011
attacks: 32832
get_bishop_attacks for square 3
occupancy after mask: 2102272
occupancy after magic mul: 16216387500604694528
occupancy after shift: 28
attacks: 5120
get_rook_attacks for square 3
occupancy after mask: 2251799813687414
occupancy after magic mul: 1381021119838140534
occupancy after shift: 153
attacks: 2068
get_bishop_attacks for square 58
occupancy after mask: 2814749767106560
occupancy after magic mul: 2328361007350546432
occupancy after shift: 4
attacks: 2814749767106560
get_bishop_attacks for square 61
occupancy after mask: 22517998136852480
occupancy after magic mul: 2305843009213693952
occupancy after shift: 4
attacks: 22517998136852480
get_rook_attacks for square 56
occupancy after mask: 9079538323755696384
occupancy after magic mul: 2270307137825669376
occupancy after shift: 504
attacks: 144396663052566528
get_rook_attacks for square 63
occupancy after mask: 9115285645806305280
occupancy after magic mul: 12509465683603554304
occupancy after shift: 2777
attacks: 4647714815446351872
get_bishop_attacks for square 59
occupancy after mask: 5629499534213120
occupancy after magic mul: 15078051552436420608
occupancy after shift: 26
attacks: 5629499534213120
get_rook_attacks for square 59
occupancy after mask: 8505047896289183744
occupancy after magic mul: 15929372902967808000
occupancy after shift: 1768
attacks: 1443403680572243968
Undoing move: h2h3
Searching move 34: e2e3
Enter makemove
get_bishop_attacks for square 4
occupancy after mask: 272384
occupancy after magic mul: 12764626998232350720
occupancy after shift: 22
attacks: 10240
get_rook_attacks for square 4
occupancy after mask: 4503599628423278
occupancy after magic mul: 13486402103018745856
occupancy after shift: 1497
attacks: 4136
Enter alpha_beta_search
Entering alpha_beta_search function (current_depth 0, max_depth 2)
tt.probe called with key = 14399883409959862224, num_entries = 18350080
calculated index = 5947344
Accessing table[index].key
get_bishop_attacks for square 2
occupancy after mask: 1051136
occupancy after magic mul: 10400250047435374592
occupancy after shift: 18
attacks: 2560
get_bishop_attacks for square 5
occupancy after mask: 20480
occupancy after magic mul: 2930165545624227840
occupancy after shift: 5
attacks: 20480
get_rook_attacks for square 0
occupancy after mask: 281474976776574
occupancy after magic mul: 3306797234737065920
occupancy after shift: 734
attacks: 258
get_rook_attacks for square 7
occupancy after mask: 36028797027385470
occupancy after magic mul: 4553333150679318272
occupancy after shift: 1011
attacks: 32832
get_bishop_attacks for square 3
occupancy after mask: 2102272
occupancy after magic mul: 16216387500604694528
occupancy after shift: 28
attacks: 5120
get_rook_attacks for square 3
occupancy after mask: 2251799813687414
occupancy after magic mul: 1381021119838140534
occupancy after shift: 153
attacks: 2068
get_bishop_attacks for square 58
occupancy after mask: 2814749767106560
occupancy after magic mul: 2328361007350546432
occupancy after shift: 4
attacks: 2814749767106560
get_bishop_attacks for square 61
occupancy after mask: 22517998136852480
occupancy after magic mul: 2305843009213693952
occupancy after shift: 4
attacks: 22517998136852480
get_rook_attacks for square 56
occupancy after mask: 9079538323755696384
occupancy after magic mul: 2270307137825669376
occupancy after shift: 504
attacks: 144396663052566528
get_rook_attacks for square 63
occupancy after mask: 9115285645806305280
occupancy after magic mul: 12509465683603554304
occupancy after shift: 2777
attacks: 4647714815446351872
get_bishop_attacks for square 59
occupancy after mask: 5629499534213120
occupancy after magic mul: 15078051552436420608
occupancy after shift: 26
attacks: 5629499534213120
get_rook_attacks for square 59
occupancy after mask: 8505047896289183744
occupancy after magic mul: 15929372902967808000
occupancy after shift: 1768
attacks: 1443403680572243968
get_bishop_attacks for square 58
occupancy after mask: 2814749767106560
occupancy after magic mul: 2328361007350546432
occupancy after shift: 4
attacks: 2814749767106560
get_bishop_attacks for square 61
occupancy after mask: 22517998136852480
occupancy after magic mul: 2305843009213693952
occupancy after shift: 4
attacks: 22517998136852480
get_rook_attacks for square 56
occupancy after mask: 9079538323755696384
occupancy after magic mul: 2270307137825669376
occupancy after shift: 504
attacks: 144396663052566528
get_rook_attacks for square 63
occupancy after mask: 9115285645806305280
occupancy after magic mul: 12509465683603554304
occupancy after shift: 2777
attacks: 4647714815446351872
get_rook_attacks for square 59
occupancy after mask: 8505047896289183744
occupancy after magic mul: 15929372902967808000
occupancy after shift: 1768
attacks: 1443403680572243968
get_bishop_attacks for square 59
occupancy after mask: 5629499534213120
occupancy after magic mul: 15078051552436420608
occupancy after shift: 26
attacks: 5629499534213120
Undoing move: e2e3
Searching move 35: e2e4
Enter makemove
get_bishop_attacks for square 4
occupancy after mask: 272384
occupancy after magic mul: 12764626998232350720
occupancy after shift: 22
attacks: 10240
get_rook_attacks for square 4
occupancy after mask: 4503599895810158
occupancy after magic mul: 10622042918875262976
occupancy after shift: 1179
attacks: 4136
Enter alpha_beta_search
Entering alpha_beta_search function (current_depth 0, max_depth 2)
tt.probe called with key = 15966745168015117100, num_entries = 18350080
calculated index = 17943340
Accessing table[index].key
get_bishop_attacks for square 2
occupancy after mask: 2560
occupancy after magic mul: 1175443006172430336
occupancy after shift: 2
attacks: 2560
get_bishop_attacks for square 5
occupancy after mask: 20480
occupancy after magic mul: 2930165545624227840
occupancy after shift: 5
attacks: 20480
get_rook_attacks for square 0
occupancy after mask: 281474976776574
occupancy after magic mul: 3306797234737065920
occupancy after shift: 734
attacks: 258
get_rook_attacks for square 7
occupancy after mask: 36028797027385470
occupancy after magic mul: 4553333150679318272
occupancy after shift: 1011
attacks: 32832
get_bishop_attacks for square 3
occupancy after mask: 2102272
occupancy after magic mul: 16216387500604694528
occupancy after shift: 28
attacks: 5120
get_rook_attacks for square 3
occupancy after mask: 2251799813687414
occupancy after magic mul: 1381021119838140534
occupancy after shift: 153
attacks: 2068
get_bishop_attacks for square 58
occupancy after mask: 2814749767106560
occupancy after magic mul: 2328361007350546432
occupancy after shift: 4
attacks: 2814749767106560
get_bishop_attacks for square 61
occupancy after mask: 22517998136852480
occupancy after magic mul: 2305843009213693952
occupancy after shift: 4
attacks: 22517998136852480
get_rook_attacks for square 56
occupancy after mask: 9079538323755696384
occupancy after magic mul: 2270307137825669376
occupancy after shift: 504
attacks: 144396663052566528
get_rook_attacks for square 63
occupancy after mask: 9115285645806305280
occupancy after magic mul: 12509465683603554304
occupancy after shift: 2777
attacks: 4647714815446351872
get_bishop_attacks for square 59
occupancy after mask: 5629499534213120
occupancy after magic mul: 15078051552436420608
occupancy after shift: 26
attacks: 5629499534213120
get_rook_attacks for square 59
occupancy after mask: 8505047896289183744
occupancy after magic mul: 15929372902967808000
occupancy after shift: 1768
attacks: 1443403680572243968
get_bishop_attacks for square 58
occupancy after mask: 2814749767106560
occupancy after magic mul: 2328361007350546432
occupancy after shift: 4
attacks: 2814749767106560
get_bishop_attacks for square 61
occupancy after mask: 22517998136852480
occupancy after magic mul: 2305843009213693952
occupancy after shift: 4
attacks: 22517998136852480
get_rook_attacks for square 56
occupancy after mask: 9079538323755696384
occupancy after magic mul: 2270307137825669376
occupancy after shift: 504
attacks: 144396663052566528
get_rook_attacks for square 63
occupancy after mask: 9115285645806305280
occupancy after magic mul: 12509465683603554304
occupancy after shift: 2777
attacks: 4647714815446351872
get_rook_attacks for square 59
occupancy after mask: 8505047896289183744
occupancy after magic mul: 15929372902967808000
occupancy after shift: 1768
attacks: 1443403680572243968
get_bishop_attacks for square 59
occupancy after mask: 5629499534213120
occupancy after magic mul: 15078051552436420608
occupancy after shift: 26
attacks: 5629499534213120
Undoing move: e2e4
tt.probe called with key = 14183000919105160113, num_entries = 18350080
calculated index = 1917873
Accessing table[index].key
Enter makemove
Starting search for depth 2, searching is true
Enter alpha_beta_search
Entering alpha_beta_search function (current_depth 2, max_depth 2)
tt.probe called with key = 14183000919105160113, num_entries = 18350080
calculated index = 1917873
Accessing table[index].key
get_bishop_attacks for square 2
occupancy after mask: 2560
occupancy after magic mul: 1175443006172430336
occupancy after shift: 2
attacks: 2560
get_bishop_attacks for square 5
occupancy after mask: 20480
occupancy after magic mul: 2930165545624227840
occupancy after shift: 5
attacks: 20480
get_rook_attacks for square 0
occupancy after mask: 281474976776574
occupancy after magic mul: 3306797234737065920
occupancy after shift: 734
attacks: 258
get_rook_attacks for square 7
occupancy after mask: 36028797027385470
occupancy after magic mul: 4553333150679318272
occupancy after shift: 1011
attacks: 32832
get_rook_attacks for square 3
occupancy after mask: 2251799813687414
occupancy after magic mul: 1381021119838140534
occupancy after shift: 153
attacks: 2068
get_bishop_attacks for square 3
occupancy after mask: 2102272
occupancy after magic mul: 16216387500604694528
occupancy after shift: 28
attacks: 5120
get_bishop_attacks for square 2
occupancy after mask: 2560
occupancy after magic mul: 1175443006172430336
occupancy after shift: 2
attacks: 2560
get_bishop_attacks for square 5
occupancy after mask: 20480
occupancy after magic mul: 2930165545624227840
occupancy after shift: 5
attacks: 20480
get_rook_attacks for square 0
occupancy after mask: 281474976776574
occupancy after magic mul: 3306797234737065920
occupancy after shift: 734
attacks: 258
get_rook_attacks for square 7
occupancy after mask: 36028797027385470
occupancy after magic mul: 4553333150679318272
occupancy after shift: 1011
attacks: 32832
get_rook_attacks for square 3
occupancy after mask: 2251799813687414
occupancy after magic mul: 1381021119838140534
occupancy after shift: 153
attacks: 2068
get_bishop_attacks for square 3
occupancy after mask: 2102272
occupancy after magic mul: 16216387500604694528
occupancy after shift: 28
attacks: 5120
get_bishop_attacks for square 17
occupancy after mask: 9007199254742016
occupancy after magic mul: 6917670074956906496
occupancy after shift: 12
attacks: 9024825884411136
get_rook_attacks for square 17
occupancy after mask: 562949955780608
occupancy after magic mul: 11827758879981174784
occupancy after shift: 656
attacks: 565157600494082
get_bishop_attacks for square 17
occupancy after mask: 9007199254742016
occupancy after magic mul: 6917670074956906496
occupancy after shift: 12
attacks: 9024825884411136
get_rook_attacks for square 17
occupancy after mask: 562949955780608
occupancy after magic mul: 11827758879981174784
occupancy after shift: 656
attacks: 565157600494082
get_bishop_attacks for square 17
occupancy after mask: 9007199254742016
occupancy after magic mul: 6917670074956906496
occupancy after shift: 12
attacks: 9024825884411136
get_rook_attacks for square 17
occupancy after mask: 2359296
occupancy after magic mul: 2595379643871657984
occupancy after shift: 144
attacks: 144680345676349954
get_bishop_attacks for square 17
occupancy after mask: 9007199254742016
occupancy after magic mul: 6917670074956906496
occupancy after shift: 12
attacks: 9024825884411136
get_rook_attacks for square 17
occupancy after mask: 2359296
occupancy after magic mul: 2595379643871657984
occupancy after shift: 144
attacks: 144680345676349954
get_bishop_attacks for square 17
occupancy after mask: 1024
occupancy after magic mul: 2305984056529518592
occupancy after shift: 4
attacks: 4620710844311799040
get_rook_attacks for square 17
occupancy after mask: 2359296
occupancy after magic mul: 2595379643871657984
occupancy after shift: 144
attacks: 144680345676349954
get_bishop_attacks for square 17
occupancy after mask: 1024
occupancy after magic mul: 2305984056529518592
occupancy after shift: 4
attacks: 4620710844311799040
get_rook_attacks for square 17
occupancy after mask: 2359296
occupancy after magic mul: 2595379643871657984
occupancy after shift: 144
attacks: 144680345676349954
get_bishop_attacks for square 17
occupancy after mask: 1024
occupancy after magic mul: 2305984056529518592
occupancy after shift: 4
attacks: 4620710844311799040
get_rook_attacks for square 17
occupancy after mask: 2359296
occupancy after magic mul: 2595379643871657984
occupancy after shift: 144
attacks: 144680345676349954
get_bishop_attacks for square 25
occupancy after mask: 4503599627634688
occupancy after magic mul: 4049096475073316864
occupancy after shift: 7
attacks: 4512417195556864
get_rook_attacks for square 25
occupancy after mask: 562949953421312
occupancy after magic mul: 40532396646334464
occupancy after shift: 2
attacks: 565161811378690
get_bishop_attacks for square 25
occupancy after mask: 4503599627634688
occupancy after magic mul: 4049096475073316864
occupancy after shift: 7
attacks: 4512417195556864
get_rook_attacks for square 25
occupancy after mask: 562949953421312
occupancy after magic mul: 40532396646334464
occupancy after shift: 2
attacks: 565161811378690
get_bishop_attacks for square 25
occupancy after mask: 4503599627634688
occupancy after magic mul: 4049096475073316864
occupancy after shift: 7
attacks: 4512417195556864
get_rook_attacks for square 25
occupancy after mask: 0
occupancy after magic mul: 0
occupancy after shift: 0
attacks: 144680349887234562
get_bishop_attacks for square 25
occupancy after mask: 4503599627634688
occupancy after magic mul: 4049096475073316864
occupancy after shift: 7
attacks: 4512417195556864
get_rook_attacks for square 25
occupancy after mask: 0
occupancy after magic mul: 0
occupancy after shift: 0
attacks: 144680349887234562
get_bishop_attacks for square 25
occupancy after mask: 264192
occupancy after magic mul: 3468132123142522880
occupancy after shift: 6
attacks: 2310355426409250816
get_rook_attacks for square 25
occupancy after mask: 0
occupancy after magic mul: 0
occupancy after shift: 0
attacks: 144680349887234562
get_bishop_attacks for square 19
occupancy after mask: 5120
occupancy after magic mul: 5765487309545804800
occupancy after shift: 40
attacks: 36100411639206912
get_rook_attacks for square 19
occupancy after mask: 2251799816044544
occupancy after magic mul: 10520725398549954560
occupancy after shift: 584
attacks: 2260630404073480
get_bishop_attacks for square 19
occupancy after mask: 5120
occupancy after magic mul: 5765487309545804800
occupancy after shift: 40
attacks: 36100411639206912
get_rook_attacks for square 19
occupancy after mask: 2251799816044544
occupancy after magic mul: 10520725398549954560
occupancy after shift: 584
attacks: 2260630404073480
get_bishop_attacks for square 19
occupancy after mask: 5120
occupancy after magic mul: 5765487309545804800
occupancy after shift: 40
attacks: 36100411639206912
get_rook_attacks for square 19
occupancy after mask: 2359296
occupancy after magic mul: 1297353361695178752
occupancy after shift: 72
attacks: 578721382707496968
get_bishop_attacks for square 19
occupancy after mask: 4096
occupancy after magic mul: 4612389847636643840
occupancy after shift: 32
attacks: 36100411639206914
get_rook_attacks for square 19
occupancy after mask: 2359296
occupancy after magic mul: 1297353361695178752
occupancy after shift: 72
attacks: 578721382707496968
get_bishop_attacks for square 19
occupancy after mask: 4096
occupancy after magic mul: 4612389847636643840
occupancy after shift: 32
attacks: 36100411639206914
get_rook_attacks for square 19
occupancy after mask: 2359296
occupancy after magic mul: 1297353361695178752
occupancy after shift: 72
attacks: 578721382707496968
get_bishop_attacks for square 19
occupancy after mask: 4096
occupancy after magic mul: 4612389847636643840
occupancy after shift: 32
attacks: 36100411639206914
get_rook_attacks for square 19
occupancy after mask: 2359296
occupancy after magic mul: 1297353361695178752
occupancy after shift: 72
attacks: 578721382707496968
get_bishop_attacks for square 19
occupancy after mask: 4096
occupancy after magic mul: 4612389847636643840
occupancy after shift: 32
attacks: 36100411639206914
get_rook_attacks for square 19
occupancy after mask: 2359296
occupancy after magic mul: 1297353361695178752
occupancy after shift: 72
attacks: 578721382707496968
get_bishop_attacks for square 27
occupancy after mask: 18014398509752832
occupancy after magic mul: 15823874049973601280
occupancy after shift: 439
attacks: 18333342782201856
get_rook_attacks for square 27
occupancy after mask: 2251799813685248
occupancy after magic mul: 288230376151711744
occupancy after shift: 16
attacks: 2260634410944520
get_bishop_attacks for square 27
occupancy after mask: 18014398509752832
occupancy after magic mul: 15823874049973601280
occupancy after shift: 439
attacks: 18333342782201856
get_rook_attacks for square 27
occupancy after mask: 2251799813685248
occupancy after magic mul: 288230376151711744
occupancy after shift: 16
attacks: 2260634410944520
get_bishop_attacks for square 27
occupancy after mask: 18014398509752832
occupancy after magic mul: 15823874049973601280
occupancy after shift: 439
attacks: 18333342782201856
get_rook_attacks for square 27
occupancy after mask: 2251799813685248
occupancy after magic mul: 288230376151711744
occupancy after shift: 16
attacks: 2260634410944520
get_bishop_attacks for square 27
occupancy after mask: 18014398509744640
occupancy after magic mul: 6593744963870819328
occupancy after shift: 183
attacks: 18333342782201920
get_rook_attacks for square 27
occupancy after mask: 2251799813685248
occupancy after magic mul: 288230376151711744
occupancy after shift: 16
attacks: 2260634410944520
get_bishop_attacks for square 27
occupancy after mask: 18014398509744640
occupancy after magic mul: 6593744963870819328
occupancy after shift: 183
attacks: 18333342782201920
get_rook_attacks for square 27
occupancy after mask: 0
occupancy after magic mul: 0
occupancy after shift: 0
attacks: 578721386714368008
get_bishop_attacks for square 27
occupancy after mask: 18014398509744640
occupancy after magic mul: 6593744963870819328
occupancy after shift: 183
attacks: 18333342782201920
get_rook_attacks for square 27
occupancy after mask: 0
occupancy after magic mul: 0
occupancy after shift: 0
attacks: 578721386714368008
get_bishop_attacks for square 27
occupancy after mask: 262656
occupancy after magic mul: 793108643817620480
occupancy after shift: 22
attacks: 9241705379636977728
get_rook_attacks for square 27
occupancy after mask: 0
occupancy after magic mul: 0
occupancy after shift: 0
attacks: 578721386714368008
get_bishop_attacks for square 27
occupancy after mask: 262656
occupancy after magic mul: 793108643817620480
occupancy after shift: 22
attacks: 9241705379636977728
get_rook_attacks for square 27
occupancy after mask: 0
occupancy after magic mul: 0
occupancy after shift: 0
attacks: 578721386714368008
get_bishop_attacks for square 20
occupancy after mask: 10240
occupancy after magic mul: 2882661108185999360
occupancy after shift: 20
attacks: 424704217196544
get_rook_attacks for square 20
occupancy after mask: 4503599629729792
occupancy after magic mul: 13691734520712134656
occupancy after shift: 760
attacks: 4521260804214800
get_bishop_attacks for square 20
occupancy after mask: 10240
occupancy after magic mul: 2882661108185999360
occupancy after shift: 20
attacks: 424704217196544
get_rook_attacks for square 20
occupancy after mask: 4503599629729792
occupancy after magic mul: 13691734520712134656
occupancy after shift: 760
attacks: 4521260804214800
get_bishop_attacks for square 20
occupancy after mask: 10240
occupancy after magic mul: 2882661108185999360
occupancy after shift: 20
attacks: 424704217196544
get_rook_attacks for square 20
occupancy after mask: 4503599629729792
occupancy after magic mul: 13691734520712134656
occupancy after shift: 760
attacks: 4521260804214800
get_bishop_attacks for square 20
occupancy after mask: 8192
occupancy after magic mul: 2306128886548799488
occupancy after shift: 16
attacks: 424704217196548
get_rook_attacks for square 20
occupancy after mask: 4503599629729792
occupancy after magic mul: 13691734520712134656
occupancy after shift: 760
attacks: 4521260804214800
get_bishop_attacks for square 20
occupancy after mask: 8192
occupancy after magic mul: 2306128886548799488
occupancy after shift: 16
attacks: 424704217196548
get_rook_attacks for square 20
occupancy after mask: 2359296
occupancy after magic mul: 3891901731553935360
occupancy after shift: 216
attacks: 1157442765411061776
get_bishop_attacks for square 20
occupancy after mask: 8192
occupancy after magic mul: 2306128886548799488
occupancy after shift: 16
attacks: 424704217196548
get_rook_attacks for square 20
occupancy after mask: 2359296
occupancy after magic mul: 3891901731553935360
occupancy after shift: 216
attacks: 1157442765411061776
get_bishop_attacks for square 20
occupancy after mask: 8192
occupancy after magic mul: 2306128886548799488
occupancy after shift: 16
attacks: 424704217196548
get_rook_attacks for square 20
occupancy after mask: 2359296
occupancy after magic mul: 3891901731553935360
occupancy after shift: 216
attacks: 1157442765411061776
get_bishop_attacks for square 22
occupancy after mask: 1125899906850816
occupancy after magic mul: 10376305088548306944
occupancy after shift: 18
attacks: 1134767403737088
get_rook_attacks for square 22
occupancy after mask: 18014398511841280
occupancy after magic mul: 10525475434945052672
occupancy after shift: 584
attacks: 18085043215810624
get_bishop_attacks for square 22
occupancy after mask: 1125899906850816
occupancy after magic mul: 10376305088548306944
occupancy after shift: 18
attacks: 1134767403737088
get_rook_attacks for square 22
occupancy after mask: 18014398511841280
occupancy after magic mul: 10525475434945052672
occupancy after shift: 584
attacks: 18085043215810624
get_bishop_attacks for square 22
occupancy after mask: 8192
occupancy after magic mul: 1152933051693531136
occupancy after shift: 2
attacks: 145249955479592960
get_rook_attacks for square 22
occupancy after mask: 18014398511841280
occupancy after magic mul: 10525475434945052672
occupancy after shift: 584
attacks: 18085043215810624
get_bishop_attacks for square 22
occupancy after mask: 8192
occupancy after magic mul: 1152933051693531136
occupancy after shift: 2
attacks: 145249955479592960
get_rook_attacks for square 22
occupancy after mask: 18014398511841280
occupancy after magic mul: 10525475434945052672
occupancy after shift: 584
attacks: 18085043215810624
get_bishop_attacks for square 22
occupancy after mask: 8192
occupancy after magic mul: 1152933051693531136
occupancy after shift: 2
attacks: 145249955479592960
get_rook_attacks for square 22
occupancy after mask: 2359296
occupancy after magic mul: 1302103398090276864
occupancy after shift: 72
attacks: 4629771061643198528
get_bishop_attacks for square 22
occupancy after mask: 0
occupancy after magic mul: 0
occupancy after shift: 0
attacks: 145249955479592976
get_rook_attacks for square 22
occupancy after mask: 2359296
occupancy after magic mul: 1302103398090276864
occupancy after shift: 72
attacks: 4629771061643198528
get_bishop_attacks for square 22
occupancy after mask: 0
occupancy after magic mul: 0
occupancy after shift: 0
attacks: 145249955479592976
get_rook_attacks for square 22
occupancy after mask: 2359296
occupancy after magic mul: 1302103398090276864
occupancy after shift: 72
attacks: 4629771061643198528
get_bishop_attacks for square 30
occupancy after mask: 2251799815786496
occupancy after magic mul: 12860323978461315072
occupancy after shift: 22
attacks: 2270079204982784
get_rook_attacks for square 30
occupancy after mask: 18014398509481984
occupancy after magic mul: 9223372036854775808
occupancy after shift: 512
attacks: 18085045340225600
get_bishop_attacks for square 30
occupancy after mask: 2251799815786496
occupancy after magic mul: 12860323978461315072
occupancy after shift: 22
attacks: 2270079204982784
get_rook_attacks for square 30
occupancy after mask: 18014398509481984
occupancy after magic mul: 9223372036854775808
occupancy after shift: 512
attacks: 18085045340225600
get_bishop_attacks for square 30
occupancy after mask: 2101248
occupancy after magic mul: 7095716455427080192
occupancy after shift: 12
attacks: 290500455356694528
get_rook_attacks for square 30
occupancy after mask: 18014398509481984
occupancy after magic mul: 9223372036854775808
occupancy after shift: 512
attacks: 18085045340225600
get_bishop_attacks for square 30
occupancy after mask: 2101248
occupancy after magic mul: 7095716455427080192
occupancy after shift: 12
attacks: 290500455356694528
get_rook_attacks for square 30
occupancy after mask: 18014398509481984
occupancy after magic mul: 9223372036854775808
occupancy after shift: 512
attacks: 18085045340225600
get_bishop_attacks for square 30
occupancy after mask: 2101248
occupancy after magic mul: 7095716455427080192
occupancy after shift: 12
attacks: 290500455356694528
get_rook_attacks for square 30
occupancy after mask: 0
occupancy after magic mul: 0
occupancy after shift: 0
attacks: 4629771063767613504
get_bishop_attacks for square 24
occupancy after mask: 2251799813686272
occupancy after magic mul: 10705075831682252800
occupancy after shift: 18
attacks: 2256206450263040
get_rook_attacks for square 24
occupancy after mask: 281474976710912
occupancy after magic mul: 4649122740626785536
occupancy after shift: 516
attacks: 282583044784384
get_bishop_attacks for square 25
occupancy after mask: 4503599627634688
occupancy after magic mul: 4049096475073316864
occupancy after shift: 7
attacks: 4512417195556864
get_rook_attacks for square 25
occupancy after mask: 562949953552896
occupancy after magic mul: 13893746275667447808
occupancy after shift: 771
attacks: 565161811378176
get_bishop_attacks for square 26
occupancy after mask: 9007199254745088
occupancy after magic mul: 2639535100945108992
occupancy after shift: 18
attacks: 9025933902745856
get_rook_attacks for square 26
occupancy after mask: 1125899906843648
occupancy after magic mul: 9390014023463995392
occupancy after shift: 521
attacks: 1130319344567296
get_bishop_attacks for square 27
occupancy after mask: 18014398509752832
occupancy after magic mul: 15823874049973601280
occupancy after shift: 439
attacks: 18333342782201856
get_rook_attacks for square 27
occupancy after mask: 2251799814211584
occupancy after magic mul: 16745549448859615232
occupancy after shift: 929
attacks: 2260634410942464
get_bishop_attacks for square 28
occupancy after mask: 562949955535872
occupancy after magic mul: 10820464576726827008
occupancy after shift: 300
attacks: 36666685564388352
get_rook_attacks for square 28
occupancy after mask: 4503599628423168
occupancy after magic mul: 7523307710025564160
occupancy after shift: 417
attacks: 4521264543694848
get_bishop_attacks for square 29
occupancy after mask: 1125899906844672
occupancy after magic mul: 4921308510039345152
occupancy after shift: 34
attacks: 1275777090881536
get_rook_attacks for square 29
occupancy after mask: 9007199254749184
occupancy after magic mul: 1188967894886645760
occupancy after shift: 66
attacks: 9042524809207808
get_bishop_attacks for square 30
occupancy after mask: 2251799815786496
occupancy after magic mul: 12860323978461315072
occupancy after shift: 22
attacks: 2270079204982784
get_rook_attacks for square 30
occupancy after mask: 18014398513692672
occupancy after magic mul: 13862150161385390080
occupancy after shift: 769
attacks: 18085045340209152
get_bishop_attacks for square 31
occupancy after mask: 4503599627378688
occupancy after magic mul: 14413770882872770560
occupancy after shift: 25
attacks: 4539058881568768
get_rook_attacks for square 31
occupancy after mask: 36028797018996736
occupancy after magic mul: 13153044230771605504
occupancy after shift: 1460
attacks: 36170086402260992
get_bishop_attacks for square 8
occupancy after mask: 9007199254740992
occupancy after magic mul: 2305843009213693952
occupancy after shift: 4
attacks: 9024825867763714
get_rook_attacks for square 8
occupancy after mask: 281474976808448
occupancy after magic mul: 13777847576928557056
occupancy after shift: 1529
attacks: 66049
get_bishop_attacks for square 8
occupancy after mask: 9007199254740992
occupancy after magic mul: 2305843009213693952
occupancy after shift: 4
attacks: 9024825867763714
get_rook_attacks for square 8
occupancy after mask: 281474976808448
occupancy after magic mul: 13777847576928557056
occupancy after shift: 1529
attacks: 66049
get_bishop_attacks for square 8
occupancy after mask: 0
occupancy after magic mul: 0
occupancy after shift: 0
attacks: 4620710844295151618
get_rook_attacks for square 8
occupancy after mask: 281474976808448
occupancy after magic mul: 13777847576928557056
occupancy after shift: 1529
attacks: 66049
get_bishop_attacks for square 8
occupancy after mask: 0
occupancy after magic mul: 0
occupancy after shift: 0
attacks: 4620710844295151618
get_rook_attacks for square 8
occupancy after mask: 281474976807936
occupancy after magic mul: 13705788881231491072
occupancy after shift: 1521
attacks: 67073
get_bishop_attacks for square 8
occupancy after mask: 0
occupancy after magic mul: 0
occupancy after shift: 0
attacks: 4620710844295151618
get_rook_attacks for square 8
occupancy after mask: 281474976807936
occupancy after magic mul: 13705788881231491072
occupancy after shift: 1521
attacks: 67073
get_bishop_attacks for square 10
occupancy after mask: 0
occupancy after magic mul: 0
occupancy after shift: 0
attacks: 36099303487963146
get_rook_attacks for square 10
occupancy after mask: 1125899907136000
occupancy after magic mul: 2130013667861725184
occupancy after shift: 118
attacks: 264708
get_bishop_attacks for square 10
occupancy after mask: 0
occupancy after magic mul: 0
occupancy after shift: 0
attacks: 36099303487963146
get_rook_attacks for square 10
occupancy after mask: 1125899907136000
occupancy after magic mul: 2130013667861725184
occupancy after shift: 118
attacks: 264708
get_bishop_attacks for square 10
occupancy after mask: 0
occupancy after magic mul: 0
occupancy after shift: 0
attacks: 36099303487963146
get_rook_attacks for square 10
occupancy after mask: 1125899907136000
occupancy after magic mul: 2130013667861725184
occupancy after shift: 118
attacks: 264708
get_bishop_attacks for square 10
occupancy after mask: 0
occupancy after magic mul: 0
occupancy after shift: 0
attacks: 36099303487963146
get_rook_attacks for square 10
occupancy after mask: 1125899907136000
occupancy after magic mul: 2130013667861725184
occupancy after shift: 118
attacks: 264708
get_bishop_attacks for square 9
occupancy after mask: 18014398509744128
occupancy after magic mul: 3531965806144389120
occupancy after shift: 6
attacks: 327685
get_rook_attacks for square 9
occupancy after mask: 562949953453056
occupancy after magic mul: 12555489854105845760
occupancy after shift: 696
attacks: 565157600298242
get_bishop_attacks for square 9
occupancy after mask: 18014398509744128
occupancy after magic mul: 3531965806144389120
occupancy after shift: 6
attacks: 327685
get_rook_attacks for square 9
occupancy after mask: 562949953453056
occupancy after magic mul: 12555489854105845760
occupancy after shift: 696
attacks: 565157600298242
get_bishop_attacks for square 9
occupancy after mask: 18014398509744128
occupancy after magic mul: 3531965806144389120
occupancy after shift: 6
attacks: 327685
get_rook_attacks for square 9
occupancy after mask: 31744
occupancy after magic mul: 3332117817251069952
occupancy after shift: 184
attacks: 144680345676154114
get_bishop_attacks for square 9
occupancy after mask: 18014398509744128
occupancy after magic mul: 3531965806144389120
occupancy after shift: 6
attacks: 327685
get_rook_attacks for square 9
occupancy after mask: 31744
occupancy after magic mul: 3332117817251069952
occupancy after shift: 184
attacks: 144680345676154114
get_bishop_attacks for square 9
occupancy after mask: 18014398509744128
occupancy after magic mul: 3531965806144389120
occupancy after shift: 6
attacks: 327685
get_rook_attacks for square 9
occupancy after mask: 31744
occupancy after magic mul: 3332117817251069952
occupancy after shift: 184
attacks: 144680345676154114
get_bishop_attacks for square 11
occupancy after mask: 262144
occupancy after magic mul: 2342435374686535680
occupancy after shift: 4
attacks: 141012904443924
get_rook_attacks for square 11
occupancy after mask: 2251799813715456
occupancy after magic mul: 15494069400667865088
occupancy after shift: 860
attacks: 2260630401192968
get_bishop_attacks for square 11
occupancy after mask: 262144
occupancy after magic mul: 2342435374686535680
occupancy after shift: 4
attacks: 141012904443924
get_rook_attacks for square 11
occupancy after mask: 2251799813715456
occupancy after magic mul: 15494069400667865088
occupancy after shift: 860
attacks: 2260630401192968
get_bishop_attacks for square 11
occupancy after mask: 262144
occupancy after magic mul: 2342435374686535680
occupancy after shift: 4
attacks: 141012904443924
get_rook_attacks for square 11
occupancy after mask: 30208
occupancy after magic mul: 15422011806629937152
occupancy after shift: 856
attacks: 578721382704616456
get_bishop_attacks for square 11
occupancy after mask: 262144
occupancy after magic mul: 2342435374686535680
occupancy after shift: 4
attacks: 141012904443924
get_rook_attacks for square 11
occupancy after mask: 29184
occupancy after magic mul: 10522038236372418560
occupancy after shift: 584
attacks: 578721382704616968
get_bishop_attacks for square 11
occupancy after mask: 262144
occupancy after magic mul: 2342435374686535680
occupancy after shift: 4
attacks: 141012904443924
get_rook_attacks for square 11
occupancy after mask: 29184
occupancy after magic mul: 10522038236372418560
occupancy after shift: 584
attacks: 578721382704616968
get_bishop_attacks for square 11
occupancy after mask: 262144
occupancy after magic mul: 2342435374686535680
occupancy after shift: 4
attacks: 141012904443924
get_rook_attacks for square 11
occupancy after mask: 2251799813715456
occupancy after magic mul: 15494069400667865088
occupancy after shift: 860
attacks: 2260630401192968
get_bishop_attacks for square 11
occupancy after mask: 262144
occupancy after magic mul: 2342435374686535680
occupancy after shift: 4
attacks: 141012904443924
get_rook_attacks for square 11
occupancy after mask: 2251799813715456
occupancy after magic mul: 15494069400667865088
occupancy after shift: 860
attacks: 2260630401192968
get_bishop_attacks for square 11
occupancy after mask: 262144
occupancy after magic mul: 2342435374686535680
occupancy after shift: 4
attacks: 141012904443924
get_rook_attacks for square 11
occupancy after mask: 30208
occupancy after magic mul: 15422011806629937152
occupancy after shift: 856
attacks: 578721382704616456
get_bishop_attacks for square 11
occupancy after mask: 262144
occupancy after magic mul: 2342435374686535680
occupancy after shift: 4
attacks: 141012904443924
get_rook_attacks for square 11
occupancy after mask: 29184
occupancy after magic mul: 10522038236372418560
occupancy after shift: 584
attacks: 578721382704616968
get_bishop_attacks for square 11
occupancy after mask: 262144
occupancy after magic mul: 2342435374686535680
occupancy after shift: 4
attacks: 141012904443924
get_rook_attacks for square 11
occupancy after mask: 29184
occupancy after magic mul: 10522038236372418560
occupancy after shift: 584
attacks: 578721382704616968
get_bishop_attacks for square 15
occupancy after mask: 1125899906842624
occupancy after magic mul: 2594073385365405696
occupancy after shift: 4
attacks: 1134765260406848
get_rook_attacks for square 15
occupancy after mask: 36028797027384832
occupancy after magic mul: 14956522671280487424
occupancy after shift: 1660
attacks: 8405120
get_bishop_attacks for square 15
occupancy after mask: 1125899906842624
occupancy after magic mul: 2594073385365405696
occupancy after shift: 4
attacks: 1134765260406848
get_rook_attacks for square 15
occupancy after mask: 36028797027384832
occupancy after magic mul: 14956522671280487424
occupancy after shift: 1660
attacks: 8405120
get_bishop_attacks for square 15
occupancy after mask: 0
occupancy after magic mul: 0
occupancy after shift: 0
attacks: 145249953336262720
get_rook_attacks for square 15
occupancy after mask: 36028797027384832
occupancy after magic mul: 14956522671280487424
occupancy after shift: 1660
attacks: 8405120
get_bishop_attacks for square 15
occupancy after mask: 0
occupancy after magic mul: 0
occupancy after shift: 0
attacks: 145249953336262720
get_rook_attacks for square 15
occupancy after mask: 36028797027368448
occupancy after magic mul: 10342514484024671232
occupancy after shift: 1148
attacks: 8413312
get_bishop_attacks for square 15
occupancy after mask: 0
occupancy after magic mul: 0
occupancy after shift: 0
attacks: 145249953336262720
get_rook_attacks for square 15
occupancy after mask: 36028797027368448
occupancy after magic mul: 10342514484024671232
occupancy after shift: 1148
attacks: 8413312
get_bishop_attacks for square 16
occupancy after mask: 4503599627370496
occupancy after magic mul: 4611686018427387904
occupancy after shift: 8
attacks: 4512412933816836
get_rook_attacks for square 16
occupancy after mask: 281474979070208
occupancy after magic mul: 8108664964610260992
occupancy after shift: 900
attacks: 282578800476416
get_bishop_attacks for square 16
occupancy after mask: 4503599627371008
occupancy after magic mul: 5769146581954068480
occupancy after shift: 10
attacks: 4512412933816832
get_rook_attacks for square 16
occupancy after mask: 281474979070208
occupancy after magic mul: 8108664964610260992
occupancy after shift: 900
attacks: 282578800476416
get_bishop_attacks for square 16
occupancy after mask: 4503599627371008
occupancy after magic mul: 5769146581954068480
occupancy after shift: 10
attacks: 4512412933816832
get_rook_attacks for square 16
occupancy after mask: 2359552
occupancy after magic mul: 3496978946182873088
occupancy after shift: 388
attacks: 72340172838404352
get_bishop_attacks for square 16
occupancy after mask: 4503599627371008
occupancy after magic mul: 5769146581954068480
occupancy after shift: 10
attacks: 4512412933816832
get_rook_attacks for square 16
occupancy after mask: 2359296
occupancy after magic mul: 1008880881458216960
occupancy after shift: 112
attacks: 72340172838404353
get_bishop_attacks for square 16
occupancy after mask: 512
occupancy after magic mul: 1157460563526680576
occupancy after shift: 2
attacks: 2310355422147510784
get_rook_attacks for square 16
occupancy after mask: 2359296
occupancy after magic mul: 1008880881458216960
occupancy after shift: 112
attacks: 72340172838404353
get_bishop_attacks for square 16
occupancy after mask: 0
occupancy after magic mul: 0
occupancy after shift: 0
attacks: 2310355422147510788
get_rook_attacks for square 16
occupancy after mask: 2359296
occupancy after magic mul: 1008880881458216960
occupancy after shift: 112
attacks: 72340172838404353
get_bishop_attacks for square 16
occupancy after mask: 0
occupancy after magic mul: 0
occupancy after shift: 0
attacks: 2310355422147510788
get_rook_attacks for square 16
occupancy after mask: 2359296
occupancy after magic mul: 1008880881458216960
occupancy after shift: 112
attacks: 72340172838404353
get_bishop_attacks for square 16
occupancy after mask: 0
occupancy after magic mul: 0
occupancy after shift: 0
attacks: 2310355422147510788
get_rook_attacks for square 16
occupancy after mask: 2359296
occupancy after magic mul: 1008880881458216960
occupancy after shift: 112
attacks: 72340172838404353
get_bishop_attacks for square 16
occupancy after mask: 0
occupancy after magic mul: 0
occupancy after shift: 0
attacks: 2310355422147510788
get_rook_attacks for square 16
occupancy after mask: 2359296
occupancy after magic mul: 1008880881458216960
occupancy after shift: 112
attacks: 72340172838404353
get_bishop_attacks for square 18
occupancy after mask: 18014398509484032
occupancy after magic mul: 14024244699032731648
occupancy after shift: 97
attacks: 18049656063789569
get_rook_attacks for square 18
occupancy after mask: 1125899908940800
occupancy after magic mul: 7231660601393563648
occupancy after shift: 401
attacks: 1130315204199424
get_bishop_attacks for square 18
occupancy after mask: 18014398509484032
occupancy after magic mul: 14024244699032731648
occupancy after shift: 97
attacks: 18049656063789569
get_rook_attacks for square 18
occupancy after mask: 1125899908940800
occupancy after magic mul: 7231660601393563648
occupancy after shift: 401
attacks: 1130315204199424
get_bishop_attacks for square 18
occupancy after mask: 18014398509484032
occupancy after magic mul: 14024244699032731648
occupancy after shift: 97
attacks: 18049656063789569
get_rook_attacks for square 18
occupancy after mask: 2098176
occupancy after magic mul: 7211394403070396416
occupancy after shift: 400
attacks: 289360691355911168
get_bishop_attacks for square 18
occupancy after mask: 18014398509484032
occupancy after magic mul: 14024244699032731648
occupancy after shift: 97
attacks: 18049656063789569
get_rook_attacks for square 18
occupancy after mask: 2097152
occupancy after magic mul: 6919785225539026944
occupancy after shift: 384
attacks: 289360691355911172
get_bishop_attacks for square 18
occupancy after mask: 2048
occupancy after magic mul: 13880129510956875776
occupancy after shift: 96
attacks: 9241421692918565377
get_rook_attacks for square 18
occupancy after mask: 2097152
occupancy after magic mul: 6919785225539026944
occupancy after shift: 384
attacks: 289360691355911172
get_bishop_attacks for square 18
occupancy after mask: 2048
occupancy after magic mul: 13880129510956875776
occupancy after shift: 96
attacks: 9241421692918565377
get_rook_attacks for square 18
occupancy after mask: 2097152
occupancy after magic mul: 6919785225539026944
occupancy after shift: 384
attacks: 289360691355911172
get_bishop_attacks for square 18
occupancy after mask: 2048
occupancy after magic mul: 13880129510956875776
occupancy after shift: 96
attacks: 9241421692918565377
get_rook_attacks for square 18
occupancy after mask: 2097152
occupancy after magic mul: 6919785225539026944
occupancy after shift: 384
attacks: 289360691355911172
get_bishop_attacks for square 18
occupancy after mask: 18014398509482496
occupancy after magic mul: 3614147565815074816
occupancy after shift: 25
attacks: 18049656063789584
get_rook_attacks for square 18
occupancy after mask: 1125899908940800
occupancy after magic mul: 7231660601393563648
occupancy after shift: 401
attacks: 1130315204199424
get_bishop_attacks for square 18
occupancy after mask: 18014398509482496
occupancy after magic mul: 3614147565815074816
occupancy after shift: 25
attacks: 18049656063789584
get_rook_attacks for square 18
occupancy after mask: 1125899908940800
occupancy after magic mul: 7231660601393563648
occupancy after shift: 401
attacks: 1130315204199424
get_bishop_attacks for square 18
occupancy after mask: 18014398509482496
occupancy after magic mul: 3614147565815074816
occupancy after shift: 25
attacks: 18049656063789584
get_rook_attacks for square 18
occupancy after mask: 2098176
occupancy after magic mul: 7211394403070396416
occupancy after shift: 400
attacks: 289360691355911168
get_bishop_attacks for square 18
occupancy after mask: 18014398509481984
occupancy after magic mul: 144115188075855872
occupancy after shift: 1
attacks: 18049656063789585
get_rook_attacks for square 18
occupancy after mask: 2098176
occupancy after magic mul: 7211394403070396416
occupancy after shift: 400
attacks: 289360691355911168
get_bishop_attacks for square 18
occupancy after mask: 0
occupancy after magic mul: 0
occupancy after shift: 0
attacks: 9241421692918565393
get_rook_attacks for square 18
occupancy after mask: 2098176
occupancy after magic mul: 7211394403070396416
occupancy after shift: 400
attacks: 289360691355911168
get_bishop_attacks for square 18
occupancy after mask: 0
occupancy after magic mul: 0
occupancy after shift: 0
attacks: 9241421692918565393
get_rook_attacks for square 18
occupancy after mask: 2097152
occupancy after magic mul: 6919785225539026944
occupancy after shift: 384
attacks: 289360691355911172
get_bishop_attacks for square 18
occupancy after mask: 0
occupancy after magic mul: 0
occupancy after shift: 0
attacks: 9241421692918565393
get_rook_attacks for square 18
occupancy after mask: 2097152
occupancy after magic mul: 6919785225539026944
occupancy after shift: 384
attacks: 289360691355911172
get_bishop_attacks for square 21
occupancy after mask: 562949953437696
occupancy after magic mul: 5192791284074545152
occupancy after shift: 36
attacks: 567933457682440
get_rook_attacks for square 21
occupancy after mask: 9007199255011328
occupancy after magic mul: 5913244452817731584
occupancy after shift: 328
attacks: 9042521617080320
get_bishop_attacks for square 21
occupancy after mask: 562949953437696
occupancy after magic mul: 5192791284074545152
occupancy after shift: 36
attacks: 567933457682440
get_rook_attacks for square 21
occupancy after mask: 9007199255011328
occupancy after magic mul: 5913244452817731584
occupancy after shift: 328
attacks: 9042521617080320
get_bishop_attacks for square 21
occupancy after mask: 16384
occupancy after magic mul: 576601666019786752
occupancy after shift: 4
attacks: 72625527495610376
get_rook_attacks for square 21
occupancy after mask: 9007199255011328
occupancy after magic mul: 5913244452817731584
occupancy after shift: 328
attacks: 9042521617080320
get_bishop_attacks for square 21
occupancy after mask: 16384
occupancy after magic mul: 576601666019786752
occupancy after shift: 4
attacks: 72625527495610376
get_rook_attacks for square 21
occupancy after mask: 9007199255003136
occupancy after magic mul: 4755818798823505920
occupancy after shift: 264
attacks: 9042521617080352
get_bishop_attacks for square 21
occupancy after mask: 16384
occupancy after magic mul: 576601666019786752
occupancy after shift: 4
attacks: 72625527495610376
get_rook_attacks for square 21
occupancy after mask: 262144
occupancy after magic mul: 144132780396118016
occupancy after shift: 8
attacks: 2314885530830774304
get_bishop_attacks for square 21
occupancy after mask: 0
occupancy after magic mul: 0
occupancy after shift: 0
attacks: 72625527495610504
get_rook_attacks for square 21
occupancy after mask: 262144
occupancy after magic mul: 144132780396118016
occupancy after shift: 8
attacks: 2314885530830774304
get_bishop_attacks for square 21
occupancy after mask: 0
occupancy after magic mul: 0
occupancy after shift: 0
attacks: 72625527495610504
get_rook_attacks for square 21
occupancy after mask: 262144
occupancy after magic mul: 144132780396118016
occupancy after shift: 8
attacks: 2314885530830774304
get_bishop_attacks for square 21
occupancy after mask: 0
occupancy after magic mul: 0
occupancy after shift: 0
attacks: 72625527495610504
get_rook_attacks for square 21
occupancy after mask: 262144
occupancy after magic mul: 144132780396118016
occupancy after shift: 8
attacks: 2314885530830774304
get_bishop_attacks for square 21
occupancy after mask: 0
occupancy after magic mul: 0
occupancy after shift: 0
attacks: 72625527495610504
get_rook_attacks for square 21
occupancy after mask: 262144
occupancy after magic mul: 144132780396118016
occupancy after shift: 8
attacks: 2314885530830774304
get_bishop_attacks for square 21
occupancy after mask: 0
occupancy after magic mul: 0
occupancy after shift: 0
attacks: 72625527495610504
get_rook_attacks for square 21
occupancy after mask: 262144
occupancy after magic mul: 144132780396118016
occupancy after shift: 8
attacks: 2314885530830774304
get_bishop_attacks for square 21
occupancy after mask: 562949953425408
occupancy after magic mul: 4760340034559705088
occupancy after shift: 33
attacks: 567933457682560
get_rook_attacks for square 21
occupancy after mask: 9007199255011328
occupancy after magic mul: 5913244452817731584
occupancy after shift: 328
attacks: 9042521617080320
get_bishop_attacks for square 21
occupancy after mask: 562949953425408
occupancy after magic mul: 4760340034559705088
occupancy after shift: 33
attacks: 567933457682560
get_rook_attacks for square 21
occupancy after mask: 9007199255011328
occupancy after magic mul: 5913244452817731584
occupancy after shift: 328
attacks: 9042521617080320
get_bishop_attacks for square 21
occupancy after mask: 4096
occupancy after magic mul: 144150416504946688
occupancy after shift: 1
attacks: 72625527495610496
get_rook_attacks for square 21
occupancy after mask: 9007199255011328
occupancy after magic mul: 5913244452817731584
occupancy after shift: 328
attacks: 9042521617080320
get_bishop_attacks for square 21
occupancy after mask: 0
occupancy after magic mul: 0
occupancy after shift: 0
attacks: 72625527495610504
get_rook_attacks for square 21
occupancy after mask: 9007199255011328
occupancy after magic mul: 5913244452817731584
occupancy after shift: 328
attacks: 9042521617080320
get_bishop_attacks for square 21
occupancy after mask: 0
occupancy after magic mul: 0
occupancy after shift: 0
attacks: 72625527495610504
get_rook_attacks for square 21
occupancy after mask: 270336
occupancy after magic mul: 1301558434390343680
occupancy after shift: 72
attacks: 2314885530830774272
get_bishop_attacks for square 21
occupancy after mask: 0
occupancy after magic mul: 0
occupancy after shift: 0
attacks: 72625527495610504
get_rook_attacks for square 21
occupancy after mask: 262144
occupancy after magic mul: 144132780396118016
occupancy after shift: 8
attacks: 2314885530830774304
get_bishop_attacks for square 21
occupancy after mask: 0
occupancy after magic mul: 0
occupancy after shift: 0
attacks: 72625527495610504
get_rook_attacks for square 21
occupancy after mask: 262144
occupancy after magic mul: 144132780396118016
occupancy after shift: 8
attacks: 2314885530830774304
get_bishop_attacks for square 21
occupancy after mask: 0
occupancy after magic mul: 0
occupancy after shift: 0
attacks: 72625527495610504
get_rook_attacks for square 21
occupancy after mask: 262144
occupancy after magic mul: 144132780396118016
occupancy after shift: 8
attacks: 2314885530830774304
get_bishop_attacks for square 21
occupancy after mask: 0
occupancy after magic mul: 0
occupancy after shift: 0
attacks: 72625527495610504
get_rook_attacks for square 21
occupancy after mask: 262144
occupancy after magic mul: 144132780396118016
occupancy after shift: 8
attacks: 2314885530830774304
get_bishop_attacks for square 21
occupancy after mask: 0
occupancy after magic mul: 0
occupancy after shift: 0
attacks: 72625527495610504
get_rook_attacks for square 21
occupancy after mask: 262144
occupancy after magic mul: 144132780396118016
occupancy after shift: 8
attacks: 2314885530830774304
get_bishop_attacks for square 23
occupancy after mask: 2251799813685248
occupancy after magic mul: 9223372036854775808
occupancy after shift: 16
attacks: 2269530512441376
get_rook_attacks for square 23
occupancy after mask: 36028797021356032
occupancy after magic mul: 1261018565917310976
occupancy after shift: 140
attacks: 36170086416941056
get_bishop_attacks for square 23
occupancy after mask: 2251799813685248
occupancy after magic mul: 9223372036854775808
occupancy after shift: 16
attacks: 2269530512441376
get_rook_attacks for square 23
occupancy after mask: 36028797021356032
occupancy after magic mul: 1261018565917310976
occupancy after shift: 140
attacks: 36170086416941056
get_bishop_attacks for square 23
occupancy after mask: 0
occupancy after magic mul: 0
occupancy after shift: 0
attacks: 290499906664153120
get_rook_attacks for square 23
occupancy after mask: 36028797021356032
occupancy after magic mul: 1261018565917310976
occupancy after shift: 140
attacks: 36170086416941056
get_bishop_attacks for square 23
occupancy after mask: 0
occupancy after magic mul: 0
occupancy after shift: 0
attacks: 290499906664153120
get_rook_attacks for square 23
occupancy after mask: 36028797021323264
occupancy after magic mul: 10412332862566301696
occupancy after shift: 1156
attacks: 36170086416941184
get_bishop_attacks for square 23
occupancy after mask: 0
occupancy after magic mul: 0
occupancy after shift: 0
attacks: 290499906664153120
get_rook_attacks for square 23
occupancy after mask: 2359296
occupancy after magic mul: 5188157294816526336
occupancy after shift: 576
attacks: 9259542123271716992
get_bishop_attacks for square 23
occupancy after mask: 0
occupancy after magic mul: 0
occupancy after shift: 0
attacks: 290499906664153120
get_rook_attacks for square 23
occupancy after mask: 2359296
occupancy after magic mul: 5188157294816526336
occupancy after shift: 576
attacks: 9259542123271716992
get_bishop_attacks for square 23
occupancy after mask: 0
occupancy after magic mul: 0
occupancy after shift: 0
attacks: 290499906664153120
get_rook_attacks for square 23
occupancy after mask: 2359296
occupancy after magic mul: 5188157294816526336
occupancy after shift: 576
attacks: 9259542123271716992
get_bishop_attacks for square 23
occupancy after mask: 0
occupancy after magic mul: 0
occupancy after shift: 0
attacks: 290499906664153120
get_rook_attacks for square 23
occupancy after mask: 2359296
occupancy after magic mul: 5188157294816526336
occupancy after shift: 576
attacks: 9259542123271716992
get_bishop_attacks for square 23
occupancy after mask: 0
occupancy after magic mul: 0
occupancy after shift: 0
attacks: 290499906664153120
get_rook_attacks for square 23
occupancy after mask: 2359296
occupancy after magic mul: 5188157294816526336
occupancy after shift: 576
attacks: 9259542123271716992
get_bishop_attacks for square 9
occupancy after mask: 18014398509744128
occupancy after magic mul: 3531965806144389120
occupancy after shift: 6
attacks: 327685
get_rook_attacks for square 9
occupancy after mask: 562949953453056
occupancy after magic mul: 12555489854105845760
occupancy after shift: 696
attacks: 565157600298242
get_bishop_attacks for square 9
occupancy after mask: 18014398509744128
occupancy after magic mul: 3531965806144389120
occupancy after shift: 6
attacks: 327685
get_rook_attacks for square 9
occupancy after mask: 562949953453056
occupancy after magic mul: 12555489854105845760
occupancy after shift: 696
attacks: 565157600298242
get_bishop_attacks for square 9
occupancy after mask: 18014398509744128
occupancy after magic mul: 3531965806144389120
occupancy after shift: 6
attacks: 327685
get_rook_attacks for square 9
occupancy after mask: 31744
occupancy after magic mul: 3332117817251069952
occupancy after shift: 184
attacks: 144680345676154114
get_bishop_attacks for square 9
occupancy after mask: 18014398509744128
occupancy after magic mul: 3531965806144389120
occupancy after shift: 6
attacks: 327685
get_rook_attacks for square 9
occupancy after mask: 31744
occupancy after magic mul: 3332117817251069952
occupancy after shift: 184
attacks: 144680345676154114
get_bishop_attacks for square 9
occupancy after mask: 18014398509744128
occupancy after magic mul: 3531965806144389120
occupancy after shift: 6
attacks: 327685
get_rook_attacks for square 9
occupancy after mask: 31744
occupancy after magic mul: 3332117817251069952
occupancy after shift: 184
attacks: 144680345676154114
get_bishop_attacks for square 11
occupancy after mask: 262144
occupancy after magic mul: 2342435374686535680
occupancy after shift: 4
attacks: 141012904443924
get_rook_attacks for square 11
occupancy after mask: 2251799813715456
occupancy after magic mul: 15494069400667865088
occupancy after shift: 860
attacks: 2260630401192968
get_bishop_attacks for square 11
occupancy after mask: 262144
occupancy after magic mul: 2342435374686535680
occupancy after shift: 4
attacks: 141012904443924
get_rook_attacks for square 11
occupancy after mask: 2251799813715456
occupancy after magic mul: 15494069400667865088
occupancy after shift: 860
attacks: 2260630401192968
get_bishop_attacks for square 11
occupancy after mask: 262144
occupancy after magic mul: 2342435374686535680
occupancy after shift: 4
attacks: 141012904443924
get_rook_attacks for square 11
occupancy after mask: 30208
occupancy after magic mul: 15422011806629937152
occupancy after shift: 856
attacks: 578721382704616456
get_bishop_attacks for square 11
occupancy after mask: 262144
occupancy after magic mul: 2342435374686535680
occupancy after shift: 4
attacks: 141012904443924
get_rook_attacks for square 11
occupancy after mask: 29184
occupancy after magic mul: 10522038236372418560
occupancy after shift: 584
attacks: 578721382704616968
get_bishop_attacks for square 11
occupancy after mask: 262144
occupancy after magic mul: 2342435374686535680
occupancy after shift: 4
attacks: 141012904443924
get_rook_attacks for square 11
occupancy after mask: 29184
occupancy after magic mul: 10522038236372418560
occupancy after shift: 584
attacks: 578721382704616968
get_bishop_attacks for square 12
occupancy after mask: 2097152
occupancy after magic mul: 9268548822156443648
occupancy after shift: 16
attacks: 1108171292712
get_rook_attacks for square 12
occupancy after mask: 4503599627398656
occupancy after magic mul: 1946522616642076672
occupancy after shift: 108
attacks: 4521260802385936
get_bishop_attacks for square 12
occupancy after mask: 2097152
occupancy after magic mul: 9268548822156443648
occupancy after shift: 16
attacks: 1108171292712
get_rook_attacks for square 12
occupancy after mask: 4503599627398656
occupancy after magic mul: 1946522616642076672
occupancy after shift: 108
attacks: 4521260802385936
get_bishop_attacks for square 14
occupancy after mask: 562949955518464
occupancy after magic mul: 1911216195676143616
occupancy after shift: 3
attacks: 10485920
get_rook_attacks for square 14
occupancy after mask: 18014398509497856
occupancy after magic mul: 12538089536489259008
occupancy after shift: 696
attacks: 18085043209543744
get_bishop_attacks for square 14
occupancy after mask: 562949955518464
occupancy after magic mul: 1911216195676143616
occupancy after shift: 3
attacks: 10485920
get_rook_attacks for square 14
occupancy after mask: 18014398509497856
occupancy after magic mul: 12538089536489259008
occupancy after shift: 696
attacks: 18085043209543744
get_bishop_attacks for square 1
occupancy after mask: 1024
occupancy after magic mul: 1301856986027016192
occupancy after shift: 2
attacks: 1280
get_rook_attacks for square 1
occupancy after mask: 562949953421948
occupancy after magic mul: 361052204864340604
occupancy after shift: 40
attacks: 517
get_bishop_attacks for square 1
occupancy after mask: 1024
occupancy after magic mul: 1301856986027016192
occupancy after shift: 2
attacks: 1280
get_rook_attacks for square 1
occupancy after mask: 562949953421948
occupancy after magic mul: 361052204864340604
occupancy after shift: 40
attacks: 517
get_bishop_attacks for square 8
occupancy after mask: 9007199254740992
occupancy after magic mul: 2305843009213693952
occupancy after shift: 4
attacks: 9024825867763714
get_rook_attacks for square 8
occupancy after mask: 281474976808448
occupancy after magic mul: 13777847576928557056
occupancy after shift: 1529
attacks: 66049
get_bishop_attacks for square 8
occupancy after mask: 9007199254740992
occupancy after magic mul: 2305843009213693952
occupancy after shift: 4
attacks: 9024825867763714
get_rook_attacks for square 8
occupancy after mask: 281474976808448
occupancy after magic mul: 13777847576928557056
occupancy after shift: 1529
attacks: 66049
get_bishop_attacks for square 6
occupancy after mask: 8192
occupancy after magic mul: 9837062262538452992
occupancy after shift: 17
attacks: 40960
get_rook_attacks for square 6
occupancy after mask: 18014398509498430
occupancy after magic mul: 13510935497540894464
occupancy after shift: 1500
attacks: 16544
get_bishop_attacks for square 6
occupancy after mask: 0
occupancy after magic mul: 0
occupancy after shift: 0
attacks: 283691315142656
get_rook_attacks for square 6
occupancy after mask: 18014398509498430
occupancy after magic mul: 13510935497540894464
occupancy after shift: 1500
attacks: 16544
get_bishop_attacks for square 6
occupancy after mask: 0
occupancy after magic mul: 0
occupancy after shift: 0
attacks: 283691315142656
get_rook_attacks for square 6
occupancy after mask: 18014398509498430
occupancy after magic mul: 13510935497540894464
occupancy after shift: 1500
attacks: 16544
get_bishop_attacks for square 6
occupancy after mask: 0
occupancy after magic mul: 0
occupancy after shift: 0
attacks: 283691315142656
get_rook_attacks for square 6
occupancy after mask: 18014398509482046
occupancy after magic mul: 13474906425574817536
occupancy after shift: 1496
attacks: 18085043209519264
get_bishop_attacks for square 6
occupancy after mask: 0
occupancy after magic mul: 0
occupancy after shift: 0
attacks: 283691315142656
get_rook_attacks for square 6
occupancy after mask: 62
occupancy after magic mul: 11169063416361123584
occupancy after shift: 1240
attacks: 4629771061636907168
get_bishop_attacks for square 6
occupancy after mask: 0
occupancy after magic mul: 0
occupancy after shift: 0
attacks: 283691315142656
get_rook_attacks for square 6
occupancy after mask: 62
occupancy after magic mul: 11169063416361123584
occupancy after shift: 1240
attacks: 4629771061636907168
get_bishop_attacks for square 6
occupancy after mask: 0
occupancy after magic mul: 0
occupancy after shift: 0
attacks: 283691315142656
get_rook_attacks for square 6
occupancy after mask: 62
occupancy after magic mul: 11169063416361123584
occupancy after shift: 1240
attacks: 4629771061636907168
get_bishop_attacks for square 6
occupancy after mask: 0
occupancy after magic mul: 0
occupancy after shift: 0
attacks: 283691315142656
get_rook_attacks for square 6
occupancy after mask: 30
occupancy after magic mul: 5404385524045704960
occupancy after shift: 600
attacks: 4629771061636907184
get_bishop_attacks for square 15
occupancy after mask: 1125899906842624
occupancy after magic mul: 2594073385365405696
occupancy after shift: 4
attacks: 1134765260406848
get_rook_attacks for square 15
occupancy after mask: 36028797027384832
occupancy after magic mul: 14956522671280487424
occupancy after shift: 1660
attacks: 8405120
get_bishop_attacks for square 15
occupancy after mask: 1125899906842624
occupancy after magic mul: 2594073385365405696
occupancy after shift: 4
attacks: 1134765260406848
get_rook_attacks for square 15
occupancy after mask: 36028797027384832
occupancy after magic mul: 14956522671280487424
occupancy after shift: 1660
attacks: 8405120
get_bishop_attacks for square 2
occupancy after mask: 2560
occupancy after magic mul: 1175443006172430336
occupancy after shift: 2
attacks: 2560
get_rook_attacks for square 2
occupancy after mask: 1125899907105906
occupancy after magic mul: 17550105996184198272
occupancy after shift: 1948
attacks: 1050
get_bishop_attacks for square 2
occupancy after mask: 2048
occupancy after magic mul: 4629703219679854592
occupancy after shift: 8
attacks: 68096
get_rook_attacks for square 2
occupancy after mask: 1125899907105914
occupancy after magic mul: 18126848225616535168
occupancy after shift: 2012
attacks: 1034
get_bishop_attacks for square 4
occupancy after mask: 272384
occupancy after magic mul: 12764626998232350720
occupancy after shift: 22
attacks: 10240
get_rook_attacks for square 4
occupancy after mask: 4503599627374694
occupancy after magic mul: 9162854099081965568
occupancy after shift: 1017
attacks: 4140
get_bishop_attacks for square 4
occupancy after mask: 270336
occupancy after magic mul: 10449495177348251648
occupancy after shift: 18
attacks: 272384
get_rook_attacks for square 4
occupancy after mask: 4503599627374702
occupancy after magic mul: 10604027970609967104
occupancy after shift: 1177
attacks: 4136
get_bishop_attacks for square 10
occupancy after mask: 0
occupancy after magic mul: 0
occupancy after shift: 0
attacks: 36099303487963146
get_rook_attacks for square 10
occupancy after mask: 1125899907136000
occupancy after magic mul: 2130013667861725184
occupancy after shift: 118
attacks: 264708
get_bishop_attacks for square 10
occupancy after mask: 0
occupancy after magic mul: 0
occupancy after shift: 0
attacks: 36099303487963146
get_rook_attacks for square 10
occupancy after mask: 1125899907136000
occupancy after magic mul: 2130013667861725184
occupancy after shift: 118
attacks: 264708
get_bishop_attacks for square 11
occupancy after mask: 262144
occupancy after magic mul: 2342435374686535680
occupancy after shift: 4
attacks: 141012904443924
get_rook_attacks for square 11
occupancy after mask: 2251799813715456
occupancy after magic mul: 15494069400667865088
occupancy after shift: 860
attacks: 2260630401192968
get_bishop_attacks for square 11
occupancy after mask: 262144
occupancy after magic mul: 2342435374686535680
occupancy after shift: 4
attacks: 141012904443924
get_rook_attacks for square 11
occupancy after mask: 2251799813715456
occupancy after magic mul: 15494069400667865088
occupancy after shift: 860
attacks: 2260630401192968
get_bishop_attacks for square 11
occupancy after mask: 262144
occupancy after magic mul: 2342435374686535680
occupancy after shift: 4
attacks: 141012904443924
get_rook_attacks for square 11
occupancy after mask: 30208
occupancy after magic mul: 15422011806629937152
occupancy after shift: 856
attacks: 578721382704616456
get_bishop_attacks for square 11
occupancy after mask: 262144
occupancy after magic mul: 2342435374686535680
occupancy after shift: 4
attacks: 141012904443924
get_rook_attacks for square 11
occupancy after mask: 29184
occupancy after magic mul: 10522038236372418560
occupancy after shift: 584
attacks: 578721382704616968
get_bishop_attacks for square 11
occupancy after mask: 262144
occupancy after magic mul: 2342435374686535680
occupancy after shift: 4
attacks: 141012904443924
get_rook_attacks for square 11
occupancy after mask: 29184
occupancy after magic mul: 10522038236372418560
occupancy after shift: 584
attacks: 578721382704616968
get_bishop_attacks for square 12
occupancy after mask: 2097152
occupancy after magic mul: 9268548822156443648
occupancy after shift: 16
attacks: 1108171292712
get_rook_attacks for square 12
occupancy after mask: 4503599627398656
occupancy after magic mul: 1946522616642076672
occupancy after shift: 108
attacks: 4521260802385936
get_bishop_attacks for square 12
occupancy after mask: 2097152
occupancy after magic mul: 9268548822156443648
occupancy after shift: 16
attacks: 1108171292712
get_rook_attacks for square 12
occupancy after mask: 4503599627398656
occupancy after magic mul: 1946522616642076672
occupancy after shift: 108
attacks: 4521260802385936
Searching move 1: e2e4
Enter makemove
get_bishop_attacks for square 4
occupancy after mask: 272384
occupancy after magic mul: 12764626998232350720
occupancy after shift: 22
attacks: 10240
get_rook_attacks for square 4
occupancy after mask: 4503599895810158
occupancy after magic mul: 10622042918875262976
occupancy after shift: 1179
attacks: 4136
Enter alpha_beta_search
Entering alpha_beta_search function (current_depth 1, max_depth 2)
tt.probe called with key = 6172005723082967652, num_entries = 18350080
calculated index = 17418852
Accessing table[index].key
get_bishop_attacks for square 58
occupancy after mask: 2814749767106560
occupancy after magic mul: 2328361007350546432
occupancy after shift: 4
attacks: 2814749767106560
get_bishop_attacks for square 61
occupancy after mask: 22517998136852480
occupancy after magic mul: 2305843009213693952
occupancy after shift: 4
attacks: 22517998136852480
get_rook_attacks for square 56
occupancy after mask: 9079538323755696384
occupancy after magic mul: 2270307137825669376
occupancy after shift: 504
attacks: 144396663052566528
get_rook_attacks for square 63
occupancy after mask: 9115285645806305280
occupancy after magic mul: 12509465683603554304
occupancy after shift: 2777
attacks: 4647714815446351872
get_rook_attacks for square 59
occupancy after mask: 8505047896289183744
occupancy after magic mul: 15929372902967808000
occupancy after shift: 1768
attacks: 1443403680572243968
get_bishop_attacks for square 59
occupancy after mask: 5629499534213120
occupancy after magic mul: 15078051552436420608
occupancy after shift: 26
attacks: 5629499534213120
get_bishop_attacks for square 58
occupancy after mask: 2814749767106560
occupancy after magic mul: 2328361007350546432
occupancy after shift: 4
attacks: 2814749767106560
get_bishop_attacks for square 61
occupancy after mask: 22517998136852480
occupancy after magic mul: 2305843009213693952
occupancy after shift: 4
attacks: 22517998136852480
get_rook_attacks for square 56
occupancy after mask: 9079538323755696384
occupancy after magic mul: 2270307137825669376
occupancy after shift: 504
attacks: 144396663052566528
get_rook_attacks for square 63
occupancy after mask: 9115285645806305280
occupancy after magic mul: 12509465683603554304
occupancy after shift: 2777
attacks: 4647714815446351872
get_rook_attacks for square 59
occupancy after mask: 8505047896289183744
occupancy after magic mul: 15929372902967808000
occupancy after shift: 1768
attacks: 1443403680572243968
get_bishop_attacks for square 59
occupancy after mask: 5629499534213120
occupancy after magic mul: 15078051552436420608
occupancy after shift: 26
attacks: 5629499534213120
get_bishop_attacks for square 51
occupancy after mask: 0
occupancy after magic mul: 0
occupancy after shift: 0
attacks: 1441174018118909952
get_rook_attacks for square 51
occupancy after mask: 33214047251859456
occupancy after magic mul: 6593305313787772928
occupancy after shift: 366
attacks: 582099082425141248
get_bishop_attacks for square 51
occupancy after mask: 0
occupancy after magic mul: 0
occupancy after shift: 0
attacks: 1441174018118909952
get_rook_attacks for square 51
occupancy after mask: 33214047251859456
occupancy after magic mul: 6593305313787772928
occupancy after shift: 366
attacks: 582099082425141248
get_bishop_attacks for square 52
occupancy after mask: 0
occupancy after magic mul: 0
occupancy after shift: 0
attacks: 2882348036221108224
get_rook_attacks for square 52
occupancy after mask: 30962247706611712
occupancy after magic mul: 13044748476155953152
occupancy after shift: 724
attacks: 1164198164849229824
get_bishop_attacks for square 52
occupancy after mask: 0
occupancy after magic mul: 0
occupancy after shift: 0
attacks: 2882348036221108224
get_rook_attacks for square 52
occupancy after mask: 30962247706611712
occupancy after magic mul: 13044748476155953152
occupancy after shift: 724
attacks: 1164198164849229824
get_bishop_attacks for square 52
occupancy after mask: 0
occupancy after magic mul: 0
occupancy after shift: 0
attacks: 2882348036221108224
get_rook_attacks for square 52
occupancy after mask: 30962247438176256
occupancy after magic mul: 8430808905568223232
occupancy after shift: 468
attacks: 1164198164850282496
get_bishop_attacks for square 52
occupancy after mask: 0
occupancy after magic mul: 0
occupancy after shift: 0
attacks: 2882348036221108224
get_rook_attacks for square 52
occupancy after mask: 28710447624491008
occupancy after magic mul: 12177803795540475904
occupancy after shift: 676
attacks: 1165324064757125120
get_bishop_attacks for square 49
occupancy after mask: 270548992
occupancy after magic mul: 6141491432654897152
occupancy after shift: 10
attacks: 360293502375952384
get_rook_attacks for square 49
occupancy after mask: 34902897112121856
occupancy after magic mul: 6278018430314774528
occupancy after shift: 348
attacks: 145524770606285312
get_bishop_attacks for square 49
occupancy after mask: 270548992
occupancy after magic mul: 6141491432654897152
occupancy after shift: 10
attacks: 360293502375952384
get_rook_attacks for square 49
occupancy after mask: 34902897112121856
occupancy after magic mul: 6278018430314774528
occupancy after shift: 348
attacks: 145524770606285312
get_bishop_attacks for square 51
occupancy after mask: 0
occupancy after magic mul: 0
occupancy after shift: 0
attacks: 1441174018118909952
get_rook_attacks for square 51
occupancy after mask: 33214047251859456
occupancy after magic mul: 6593305313787772928
occupancy after shift: 366
attacks: 582099082425141248
get_bishop_attacks for square 51
occupancy after mask: 0
occupancy after magic mul: 0
occupancy after shift: 0
attacks: 1441174018118909952
get_rook_attacks for square 51
occupancy after mask: 33214047251859456
occupancy after magic mul: 6593305313787772928
occupancy after shift: 366
attacks: 582099082425141248
get_bishop_attacks for square 52
occupancy after mask: 0
occupancy after magic mul: 0
occupancy after shift: 0
attacks: 2882348036221108224
get_rook_attacks for square 52
occupancy after mask: 30962247706611712
occupancy after magic mul: 13044748476155953152
occupancy after shift: 724
attacks: 1164198164849229824
get_bishop_attacks for square 52
occupancy after mask: 0
occupancy after magic mul: 0
occupancy after shift: 0
attacks: 2882348036221108224
get_rook_attacks for square 52
occupancy after mask: 30962247706611712
occupancy after magic mul: 13044748476155953152
occupancy after shift: 724
attacks: 1164198164849229824
get_bishop_attacks for square 52
occupancy after mask: 0
occupancy after magic mul: 0
occupancy after shift: 0
attacks: 2882348036221108224
get_rook_attacks for square 52
occupancy after mask: 30962247438176256
occupancy after magic mul: 8430808905568223232
occupancy after shift: 468
attacks: 1164198164850282496
get_bishop_attacks for square 52
occupancy after mask: 0
occupancy after magic mul: 0
occupancy after shift: 0
attacks: 2882348036221108224
get_rook_attacks for square 52
occupancy after mask: 28710447624491008
occupancy after magic mul: 12177803795540475904
occupancy after shift: 676
attacks: 1165324064757125120
get_bishop_attacks for square 54
occupancy after mask: 262656
occupancy after magic mul: 13848579863258071040
occupancy after shift: 24
attacks: 11529391036782870528
get_rook_attacks for square 54
occupancy after mask: 17451448556077056
occupancy after magic mul: 18158665568691945472
occupancy after shift: 1008
attacks: 4656792659401129984
get_bishop_attacks for square 54
occupancy after mask: 262656
occupancy after magic mul: 13848579863258071040
occupancy after shift: 24
attacks: 11529391036782870528
get_rook_attacks for square 54
occupancy after mask: 17451448556077056
occupancy after magic mul: 18158665568691945472
occupancy after shift: 1008
attacks: 4656792659401129984
get_bishop_attacks for square 48
occupancy after mask: 8192
occupancy after magic mul: 2341911393013334016
occupancy after shift: 4
attacks: 144117404414255104
get_rook_attacks for square 48
occupancy after mask: 35465847065608448
occupancy after magic mul: 18055128149347467264
occupancy after shift: 2004
attacks: 72621647814787072
get_bishop_attacks for square 48
occupancy after mask: 8192
occupancy after magic mul: 2341911393013334016
occupancy after shift: 4
attacks: 144117404414255104
get_rook_attacks for square 48
occupancy after mask: 35465847065608448
occupancy after magic mul: 18055128149347467264
occupancy after shift: 2004
attacks: 72621647814787072
get_bishop_attacks for square 57
occupancy after mask: 1125899906842624
occupancy after magic mul: 7143834908916449280
occupancy after shift: 12
attacks: 1407374883553280
get_rook_attacks for square 57
occupancy after mask: 8935704610656485888
occupancy after magic mul: 3891744498442174976
occupancy after shift: 432
attacks: 360850920143060992
get_bishop_attacks for square 55
occupancy after mask: 268436480
occupancy after magic mul: 12261657617222881280
occupancy after shift: 21
attacks: 4611756524878954496
get_rook_attacks for square 55
occupancy after mask: 35465847073964032
occupancy after magic mul: 4929808342626336768
occupancy after shift: 547
attacks: 9241527724764299264
get_bishop_attacks for square 55
occupancy after mask: 268436480
occupancy after magic mul: 12261657617222881280
occupancy after shift: 21
attacks: 4611756524878954496
get_rook_attacks for square 55
occupancy after mask: 35465847073964032
occupancy after magic mul: 4929808342626336768
occupancy after shift: 547
attacks: 9241527724764299264
get_bishop_attacks for square 62
occupancy after mask: 9007199254740992
occupancy after magic mul: 2377900603251621888
occupancy after shift: 4
attacks: 45035996273704960
get_rook_attacks for square 62
occupancy after mask: 4485585228861030400
occupancy after magic mul: 1820582350537424896
occupancy after shift: 202
attacks: 11547229444577951744
get_bishop_attacks for square 50
occupancy after mask: 0
occupancy after magic mul: 0
occupancy after shift: 0
attacks: 720587009051099136
get_rook_attacks for square 50
occupancy after mask: 34339947158963200
occupancy after magic mul: 8539956296803942400
occupancy after shift: 474
attacks: 291049541212569600
get_bishop_attacks for square 50
occupancy after mask: 0
occupancy after magic mul: 0
occupancy after shift: 0
attacks: 720587009051099136
get_rook_attacks for square 50
occupancy after mask: 34339947158963200
occupancy after magic mul: 8539956296803942400
occupancy after shift: 474
attacks: 291049541212569600
get_bishop_attacks for square 51
occupancy after mask: 0
occupancy after magic mul: 0
occupancy after shift: 0
attacks: 1441174018118909952
get_rook_attacks for square 51
occupancy after mask: 33214047251859456
occupancy after magic mul: 6593305313787772928
occupancy after shift: 366
attacks: 582099082425141248
get_bishop_attacks for square 51
occupancy after mask: 0
occupancy after magic mul: 0
occupancy after shift: 0
attacks: 1441174018118909952
get_rook_attacks for square 51
occupancy after mask: 33214047251859456
occupancy after magic mul: 6593305313787772928
occupancy after shift: 366
attacks: 582099082425141248
get_bishop_attacks for square 52
occupancy after mask: 0
occupancy after magic mul: 0
occupancy after shift: 0
attacks: 2882348036221108224
get_rook_attacks for square 52
occupancy after mask: 30962247706611712
occupancy after magic mul: 13044748476155953152
occupancy after shift: 724
attacks: 1164198164849229824
get_bishop_attacks for square 52
occupancy after mask: 0
occupancy after magic mul: 0
occupancy after shift: 0
attacks: 2882348036221108224
get_rook_attacks for square 52
occupancy after mask: 30962247706611712
occupancy after magic mul: 13044748476155953152
occupancy after shift: 724
attacks: 1164198164849229824
get_bishop_attacks for square 52
occupancy after mask: 0
occupancy after magic mul: 0
occupancy after shift: 0
attacks: 2882348036221108224
get_rook_attacks for square 52
occupancy after mask: 30962247438176256
occupancy after magic mul: 8430808905568223232
occupancy after shift: 468
attacks: 1164198164850282496
get_bishop_attacks for square 52
occupancy after mask: 0
occupancy after magic mul: 0
occupancy after shift: 0
attacks: 2882348036221108224
get_rook_attacks for square 52
occupancy after mask: 28710447624491008
occupancy after magic mul: 12177803795540475904
occupancy after shift: 676
attacks: 1165324064757125120
get_bishop_attacks for square 58
occupancy after mask: 2814749767106560
occupancy after magic mul: 2328361007350546432
occupancy after shift: 4
attacks: 2814749767106560
get_rook_attacks for square 58
occupancy after mask: 8215691620230890496
occupancy after magic mul: 17604150380800246784
occupancy after shift: 1954
attacks: 1874623344892968960
get_bishop_attacks for square 60
occupancy after mask: 11258999068426240
occupancy after magic mul: 2938598756859248640
occupancy after shift: 5
attacks: 11258999068426240
get_rook_attacks for square 60
occupancy after mask: 7354378191764459520
occupancy after magic mul: 3252304001923817472
occupancy after shift: 361
attacks: 3175037737296199680
Searching move 1: d8e8
Enter makemove
get_bishop_attacks for square 60
occupancy after mask: 11258999068426240
occupancy after magic mul: 2938598756859248640
occupancy after shift: 5
attacks: 11258999068426240
get_rook_attacks for square 60
occupancy after mask: 7354378191764459520
occupancy after magic mul: 3252304001923817472
occupancy after shift: 361
attacks: 3175037737296199680
Enter alpha_beta_search
Entering alpha_beta_search function (current_depth 0, max_depth 2)
tt.probe called with key = 15859572498083591260, num_entries = 18350080
calculated index = 10728540
Accessing table[index].key
get_bishop_attacks for square 2
occupancy after mask: 2560
occupancy after magic mul: 1175443006172430336
occupancy after shift: 2
attacks: 2560
get_bishop_attacks for square 5
occupancy after mask: 20480
occupancy after magic mul: 2930165545624227840
occupancy after shift: 5
attacks: 20480
get_rook_attacks for square 0
occupancy after mask: 281474976776574
occupancy after magic mul: 3306797234737065920
occupancy after shift: 734
attacks: 258
get_rook_attacks for square 7
occupancy after mask: 36028797027385470
occupancy after magic mul: 4553333150679318272
occupancy after shift: 1011
attacks: 32832
get_bishop_attacks for square 3
occupancy after mask: 2102272
occupancy after magic mul: 16216387500604694528
occupancy after shift: 28
attacks: 5120
get_rook_attacks for square 3
occupancy after mask: 2251799813687414
occupancy after magic mul: 1381021119838140534
occupancy after shift: 153
attacks: 2068
get_bishop_attacks for square 58
occupancy after mask: 2814749767106560
occupancy after magic mul: 2328361007350546432
occupancy after shift: 4
attacks: 2814749767106560
get_bishop_attacks for square 61
occupancy after mask: 22517998136852480
occupancy after magic mul: 2305843009213693952
occupancy after shift: 4
attacks: 22517998136852480
get_rook_attacks for square 56
occupancy after mask: 8503077571452272896
occupancy after magic mul: 1693846385522245888
occupancy after shift: 376
attacks: 144396663052566528
get_rook_attacks for square 63
occupancy after mask: 8538824893502881792
occupancy after magic mul: 11356544178996707328
occupancy after shift: 2521
attacks: 4647714815446351872
get_bishop_attacks for square 60
occupancy after mask: 11258999068426240
occupancy after magic mul: 2938598756859248640
occupancy after shift: 5
attacks: 11258999068426240
get_rook_attacks for square 60
occupancy after mask: 7354378191764459520
occupancy after magic mul: 3252304001923817472
occupancy after shift: 361
attacks: 3175037737296199680
get_bishop_attacks for square 2
occupancy after mask: 2560
occupancy after magic mul: 1175443006172430336
occupancy after shift: 2
attacks: 2560
get_bishop_attacks for square 5
occupancy after mask: 20480
occupancy after magic mul: 2930165545624227840
occupancy after shift: 5
attacks: 20480
get_rook_attacks for square 0
occupancy after mask: 281474976776574
occupancy after magic mul: 3306797234737065920
occupancy after shift: 734
attacks: 258
get_rook_attacks for square 7
occupancy after mask: 36028797027385470
occupancy after magic mul: 4553333150679318272
occupancy after shift: 1011
attacks: 32832
get_rook_attacks for square 3
occupancy after mask: 2251799813687414
occupancy after magic mul: 1381021119838140534
occupancy after shift: 153
attacks: 2068
get_bishop_attacks for square 3
occupancy after mask: 2102272
occupancy after magic mul: 16216387500604694528
occupancy after shift: 28
attacks: 5120
Enter makemove
get_bishop_attacks for square 4
occupancy after mask: 272384
occupancy after magic mul: 12764626998232350720
occupancy after shift: 22
attacks: 10240
get_rook_attacks for square 4
occupancy after mask: 4503599895810158
occupancy after magic mul: 10622042918875262976
occupancy after shift: 1179
attacks: 4136
get_bishop_attacks for square 2
occupancy after mask: 2560
occupancy after magic mul: 1175443006172430336
occupancy after shift: 2
attacks: 2560
get_bishop_attacks for square 5
occupancy after mask: 20480
occupancy after magic mul: 2930165545624227840
occupancy after shift: 5
attacks: 20480
get_rook_attacks for square 0
occupancy after mask: 281474976776574
occupancy after magic mul: 3306797234737065920
occupancy after shift: 734
attacks: 258
get_rook_attacks for square 7
occupancy after mask: 36028797027385470
occupancy after magic mul: 4553333150679318272
occupancy after shift: 1011
attacks: 32832
get_bishop_attacks for square 3
occupancy after mask: 2102272
occupancy after magic mul: 16216387500604694528
occupancy after shift: 28
attacks: 5120
get_rook_attacks for square 3
occupancy after mask: 2251799813687414
occupancy after magic mul: 1381021119838140534
occupancy after shift: 153
attacks: 2068
get_bishop_attacks for square 58
occupancy after mask: 2814749767106560
occupancy after magic mul: 2328361007350546432
occupancy after shift: 4
attacks: 2814749767106560
get_bishop_attacks for square 61
occupancy after mask: 22517998136852480
occupancy after magic mul: 2305843009213693952
occupancy after shift: 4
attacks: 22517998136852480
get_rook_attacks for square 56
occupancy after mask: 8503077571452272896
occupancy after magic mul: 1693846385522245888
occupancy after shift: 376
attacks: 144396663052566528
get_rook_attacks for square 63
occupancy after mask: 8538824893502881792
occupancy after magic mul: 11356544178996707328
occupancy after shift: 2521
attacks: 4647714815446351872
get_bishop_attacks for square 60
occupancy after mask: 11258999068426240
occupancy after magic mul: 2938598756859248640
occupancy after shift: 5
attacks: 11258999068426240
get_rook_attacks for square 60
occupancy after mask: 7354378191764459520
occupancy after magic mul: 3252304001923817472
occupancy after shift: 361
attacks: 3175037737296199680
Enter makemove
get_bishop_attacks for square 4
occupancy after mask: 272384
occupancy after magic mul: 12764626998232350720
occupancy after shift: 22
attacks: 10240
get_rook_attacks for square 4
occupancy after mask: 4503599895810158
occupancy after magic mul: 10622042918875262976
occupancy after shift: 1179
attacks: 4136
get_bishop_attacks for square 2
occupancy after mask: 2560
occupancy after magic mul: 1175443006172430336
occupancy after shift: 2
attacks: 2560
get_bishop_attacks for square 5
occupancy after mask: 20480
occupancy after magic mul: 2930165545624227840
occupancy after shift: 5
attacks: 20480
get_rook_attacks for square 0
occupancy after mask: 281474976776574
occupancy after magic mul: 3306797234737065920
occupancy after shift: 734
attacks: 258
get_rook_attacks for square 7
occupancy after mask: 36028797027385470
occupancy after magic mul: 4553333150679318272
occupancy after shift: 1011
attacks: 32832
get_bishop_attacks for square 3
occupancy after mask: 2102272
occupancy after magic mul: 16216387500604694528
occupancy after shift: 28
attacks: 5120
get_rook_attacks for square 3
occupancy after mask: 2251799813687414
occupancy after magic mul: 1381021119838140534
occupancy after shift: 153
attacks: 2068
get_bishop_attacks for square 58
occupancy after mask: 2814749767106560
occupancy after magic mul: 2328361007350546432
occupancy after shift: 4
attacks: 2814749767106560
get_bishop_attacks for square 61
occupancy after mask: 22517998136852480
occupancy after magic mul: 2305843009213693952
occupancy after shift: 4
attacks: 22517998136852480
get_rook_attacks for square 56
occupancy after mask: 8503077571452272896
occupancy after magic mul: 1693846385522245888
occupancy after shift: 376
attacks: 144396663052566528
get_rook_attacks for square 63
occupancy after mask: 8538824893502881792
occupancy after magic mul: 11356544178996707328
occupancy after shift: 2521
attacks: 4647714815446351872
get_bishop_attacks for square 60
occupancy after mask: 11258999068426240
occupancy after magic mul: 2938598756859248640
occupancy after shift: 5
attacks: 11258999068426240
get_rook_attacks for square 60
occupancy after mask: 7354378191764459520
occupancy after magic mul: 3252304001923817472
occupancy after shift: 361
attacks: 3175037737296199680
Enter makemove
get_bishop_attacks for square 4
occupancy after mask: 272384
occupancy after magic mul: 12764626998232350720
occupancy after shift: 22
attacks: 10240
get_rook_attacks for square 4
occupancy after mask: 4503599895810158
occupancy after magic mul: 10622042918875262976
occupancy after shift: 1179
attacks: 4136
get_bishop_attacks for square 2
occupancy after mask: 2560
occupancy after magic mul: 1175443006172430336
occupancy after shift: 2
attacks: 2560
get_bishop_attacks for square 5
occupancy after mask: 20480
occupancy after magic mul: 2930165545624227840
occupancy after shift: 5
attacks: 20480
get_rook_attacks for square 0
occupancy after mask: 281474976776574
occupancy after magic mul: 3306797234737065920
occupancy after shift: 734
attacks: 258
get_rook_attacks for square 7
occupancy after mask: 36028797027385470
occupancy after magic mul: 4553333150679318272
occupancy after shift: 1011
attacks: 32832
get_bishop_attacks for square 3
occupancy after mask: 2102272
occupancy after magic mul: 16216387500604694528
occupancy after shift: 28
attacks: 5120
get_rook_attacks for square 3
occupancy after mask: 2251799813687414
occupancy after magic mul: 1381021119838140534
occupancy after shift: 153
attacks: 2068
get_bishop_attacks for square 58
occupancy after mask: 2814749767106560
occupancy after magic mul: 2328361007350546432
occupancy after shift: 4
attacks: 2814749767106560
get_bishop_attacks for square 61
occupancy after mask: 22517998136852480
occupancy after magic mul: 2305843009213693952
occupancy after shift: 4
attacks: 22517998136852480
get_rook_attacks for square 56
occupancy after mask: 8503077571452272896
occupancy after magic mul: 1693846385522245888
occupancy after shift: 376
attacks: 144396663052566528
get_rook_attacks for square 63
occupancy after mask: 8538824893502881792
occupancy after magic mul: 11356544178996707328
occupancy after shift: 2521
attacks: 4647714815446351872
get_bishop_attacks for square 60
occupancy after mask: 11258999068426240
occupancy after magic mul: 2938598756859248640
occupancy after shift: 5
attacks: 11258999068426240
get_rook_attacks for square 60
occupancy after mask: 7354378191764459520
occupancy after magic mul: 3252304001923817472
occupancy after shift: 361
attacks: 3175037737296199680
Enter makemove
get_bishop_attacks for square 4
occupancy after mask: 272384
occupancy after magic mul: 12764626998232350720
occupancy after shift: 22
attacks: 10240
get_rook_attacks for square 4
occupancy after mask: 4503599895810158
occupancy after magic mul: 10622042918875262976
occupancy after shift: 1179
attacks: 4136
get_bishop_attacks for square 2
occupancy after mask: 2560
occupancy after magic mul: 1175443006172430336
occupancy after shift: 2
attacks: 2560
get_bishop_attacks for square 5
occupancy after mask: 20480
occupancy after magic mul: 2930165545624227840
occupancy after shift: 5
attacks: 20480
get_rook_attacks for square 0
occupancy after mask: 281474976776574
occupancy after magic mul: 3306797234737065920
occupancy after shift: 734
attacks: 258
get_rook_attacks for square 7
occupancy after mask: 36028797027385470
occupancy after magic mul: 4553333150679318272
occupancy after shift: 1011
attacks: 32832
get_bishop_attacks for square 3
occupancy after mask: 2102272
occupancy after magic mul: 16216387500604694528
occupancy after shift: 28
attacks: 5120
get_rook_attacks for square 3
occupancy after mask: 2251799813687414
occupancy after magic mul: 1381021119838140534
occupancy after shift: 153
attacks: 2068
get_bishop_attacks for square 58
occupancy after mask: 2814749767106560
occupancy after magic mul: 2328361007350546432
occupancy after shift: 4
attacks: 2814749767106560
get_bishop_attacks for square 61
occupancy after mask: 22517998136852480
occupancy after magic mul: 2305843009213693952
occupancy after shift: 4
attacks: 22517998136852480
get_rook_attacks for square 56
occupancy after mask: 8503077571452272896
occupancy after magic mul: 1693846385522245888
occupancy after shift: 376
attacks: 144396663052566528
get_rook_attacks for square 63
occupancy after mask: 8538824893502881792
occupancy after magic mul: 11356544178996707328
occupancy after shift: 2521
attacks: 4647714815446351872
get_bishop_attacks for square 60
occupancy after mask: 11258999068426240
occupancy after magic mul: 2938598756859248640
occupancy after shift: 5
attacks: 11258999068426240
get_rook_attacks for square 60
occupancy after mask: 7354378191764459520
occupancy after magic mul: 3252304001923817472
occupancy after shift: 361
attacks: 3175037737296199680
Enter makemove
get_bishop_attacks for square 4
occupancy after mask: 272384
occupancy after magic mul: 12764626998232350720
occupancy after shift: 22
attacks: 10240
get_rook_attacks for square 4
occupancy after mask: 4503599895810158
occupancy after magic mul: 10622042918875262976
occupancy after shift: 1179
attacks: 4136
get_bishop_attacks for square 2
occupancy after mask: 2560
occupancy after magic mul: 1175443006172430336
occupancy after shift: 2
attacks: 2560
get_bishop_attacks for square 5
occupancy after mask: 20480
occupancy after magic mul: 2930165545624227840
occupancy after shift: 5
attacks: 20480
get_rook_attacks for square 0
occupancy after mask: 281474976776574
occupancy after magic mul: 3306797234737065920
occupancy after shift: 734
attacks: 258
get_rook_attacks for square 7
occupancy after mask: 36028797027385470
occupancy after magic mul: 4553333150679318272
occupancy after shift: 1011
attacks: 32832
get_bishop_attacks for square 3
occupancy after mask: 2102272
occupancy after magic mul: 16216387500604694528
occupancy after shift: 28
attacks: 5120
get_rook_attacks for square 3
occupancy after mask: 2251799813687414
occupancy after magic mul: 1381021119838140534
occupancy after shift: 153
attacks: 2068
get_bishop_attacks for square 58
occupancy after mask: 2814749767106560
occupancy after magic mul: 2328361007350546432
occupancy after shift: 4
attacks: 2814749767106560
get_bishop_attacks for square 61
occupancy after mask: 22517998136852480
occupancy after magic mul: 2305843009213693952
occupancy after shift: 4
attacks: 22517998136852480
get_rook_attacks for square 56
occupancy after mask: 8503077571452272896
occupancy after magic mul: 1693846385522245888
occupancy after shift: 376
attacks: 144396663052566528
get_rook_attacks for square 63
occupancy after mask: 8538824893502881792
occupancy after magic mul: 11356544178996707328
occupancy after shift: 2521
attacks: 4647714815446351872
get_bishop_attacks for square 60
occupancy after mask: 11258999068426240
occupancy after magic mul: 2938598756859248640
occupancy after shift: 5
attacks: 11258999068426240
get_rook_attacks for square 60
occupancy after mask: 7354378191764459520
occupancy after magic mul: 3252304001923817472
occupancy after shift: 361
attacks: 3175037737296199680
get_bishop_attacks for square 58
occupancy after mask: 2814749767106560
occupancy after magic mul: 2328361007350546432
occupancy after shift: 4
attacks: 2814749767106560
get_bishop_attacks for square 61
occupancy after mask: 22517998136852480
occupancy after magic mul: 2305843009213693952
occupancy after shift: 4
attacks: 22517998136852480
get_rook_attacks for square 56
occupancy after mask: 8503077571452272896
occupancy after magic mul: 1693846385522245888
occupancy after shift: 376
attacks: 144396663052566528
get_rook_attacks for square 63
occupancy after mask: 8538824893502881792
occupancy after magic mul: 11356544178996707328
occupancy after shift: 2521
attacks: 4647714815446351872
get_rook_attacks for square 60
occupancy after mask: 7354378191764459520
occupancy after magic mul: 3252304001923817472
occupancy after shift: 361
attacks: 3175037737296199680
get_bishop_attacks for square 60
occupancy after mask: 11258999068426240
occupancy after magic mul: 2938598756859248640
occupancy after shift: 5
attacks: 11258999068426240
Enter makemove
get_bishop_attacks for square 4
occupancy after mask: 272384
occupancy after magic mul: 12764626998232350720
occupancy after shift: 22
attacks: 10240
get_rook_attacks for square 4
occupancy after mask: 4503599895810158
occupancy after magic mul: 10622042918875262976
occupancy after shift: 1179
attacks: 4136
get_bishop_attacks for square 2
occupancy after mask: 2560
occupancy after magic mul: 1175443006172430336
occupancy after shift: 2
attacks: 2560
get_bishop_attacks for square 5
occupancy after mask: 20480
occupancy after magic mul: 2930165545624227840
occupancy after shift: 5
attacks: 20480
get_rook_attacks for square 0
occupancy after mask: 281474976776574
occupancy after magic mul: 3306797234737065920
occupancy after shift: 734
attacks: 258
get_rook_attacks for square 7
occupancy after mask: 36028797027385470
occupancy after magic mul: 4553333150679318272
occupancy after shift: 1011
attacks: 32832
get_bishop_attacks for square 3
occupancy after mask: 2102272
occupancy after magic mul: 16216387500604694528
occupancy after shift: 28
attacks: 5120
get_rook_attacks for square 3
occupancy after mask: 2251799813687414
occupancy after magic mul: 1381021119838140534
occupancy after shift: 153
attacks: 2068
get_bishop_attacks for square 58
occupancy after mask: 2814749767106560
occupancy after magic mul: 2328361007350546432
occupancy after shift: 4
attacks: 2814749767106560
get_bishop_attacks for square 61
occupancy after mask: 22517998136852480
occupancy after magic mul: 2305843009213693952
occupancy after shift: 4
attacks: 22517998136852480
get_rook_attacks for square 56
occupancy after mask: 8503077571452272896
occupancy after magic mul: 1693846385522245888
occupancy after shift: 376
attacks: 144396663052566528
get_rook_attacks for square 63
occupancy after mask: 8538824893502881792
occupancy after magic mul: 11356544178996707328
occupancy after shift: 2521
attacks: 4647714815446351872
get_bishop_attacks for square 60
occupancy after mask: 11258999068426240
occupancy after magic mul: 2938598756859248640
occupancy after shift: 5
attacks: 11258999068426240
get_rook_attacks for square 60
occupancy after mask: 7354378191764459520
occupancy after magic mul: 3252304001923817472
occupancy after shift: 361
attacks: 3175037737296199680
Enter makemove
get_bishop_attacks for square 4
occupancy after mask: 272384
occupancy after magic mul: 12764626998232350720
occupancy after shift: 22
attacks: 10240
get_rook_attacks for square 4
occupancy after mask: 4503599895810158
occupancy after magic mul: 10622042918875262976
occupancy after shift: 1179
attacks: 4136
get_bishop_attacks for square 2
occupancy after mask: 2560
occupancy after magic mul: 1175443006172430336
occupancy after shift: 2
attacks: 2560
get_bishop_attacks for square 5
occupancy after mask: 20480
occupancy after magic mul: 2930165545624227840
occupancy after shift: 5
attacks: 20480
get_rook_attacks for square 0
occupancy after mask: 281474976776574
occupancy after magic mul: 3306797234737065920
occupancy after shift: 734
attacks: 258
get_rook_attacks for square 7
occupancy after mask: 36028797027385470
occupancy after magic mul: 4553333150679318272
occupancy after shift: 1011
attacks: 32832
get_bishop_attacks for square 3
occupancy after mask: 2102272
occupancy after magic mul: 16216387500604694528
occupancy after shift: 28
attacks: 5120
get_rook_attacks for square 3
occupancy after mask: 2251799813687414
occupancy after magic mul: 1381021119838140534
occupancy after shift: 153
attacks: 2068
get_bishop_attacks for square 58
occupancy after mask: 2814749767106560
occupancy after magic mul: 2328361007350546432
occupancy after shift: 4
attacks: 2814749767106560
get_bishop_attacks for square 61
occupancy after mask: 22517998136852480
occupancy after magic mul: 2305843009213693952
occupancy after shift: 4
attacks: 22517998136852480
get_rook_attacks for square 56
occupancy after mask: 8503077571452272896
occupancy after magic mul: 1693846385522245888
occupancy after shift: 376
attacks: 144396663052566528
get_rook_attacks for square 63
occupancy after mask: 8538824893502881792
occupancy after magic mul: 11356544178996707328
occupancy after shift: 2521
attacks: 4647714815446351872
get_bishop_attacks for square 60
occupancy after mask: 11258999068426240
occupancy after magic mul: 2938598756859248640
occupancy after shift: 5
attacks: 11258999068426240
get_rook_attacks for square 60
occupancy after mask: 7354378191764459520
occupancy after magic mul: 3252304001923817472
occupancy after shift: 361
attacks: 3175037737296199680
Enter makemove
get_bishop_attacks for square 4
occupancy after mask: 272384
occupancy after magic mul: 12764626998232350720
occupancy after shift: 22
attacks: 10240
get_rook_attacks for square 4
occupancy after mask: 4503599895810158
occupancy after magic mul: 10622042918875262976
occupancy after shift: 1179
attacks: 4136
get_bishop_attacks for square 2
occupancy after mask: 2560
occupancy after magic mul: 1175443006172430336
occupancy after shift: 2
attacks: 2560
get_bishop_attacks for square 5
occupancy after mask: 20480
occupancy after magic mul: 2930165545624227840
occupancy after shift: 5
attacks: 20480
get_rook_attacks for square 0
occupancy after mask: 281474976776574
occupancy after magic mul: 3306797234737065920
occupancy after shift: 734
attacks: 258
get_rook_attacks for square 7
occupancy after mask: 36028797027385470
occupancy after magic mul: 4553333150679318272
occupancy after shift: 1011
attacks: 32832
get_bishop_attacks for square 3
occupancy after mask: 2102272
occupancy after magic mul: 16216387500604694528
occupancy after shift: 28
attacks: 5120
get_rook_attacks for square 3
occupancy after mask: 2251799813687414
occupancy after magic mul: 1381021119838140534
occupancy after shift: 153
attacks: 2068
get_bishop_attacks for square 58
occupancy after mask: 2814749767106560
occupancy after magic mul: 2328361007350546432
occupancy after shift: 4
attacks: 2814749767106560
get_bishop_attacks for square 61
occupancy after mask: 22517998136852480
occupancy after magic mul: 2305843009213693952
occupancy after shift: 4
attacks: 22517998136852480
get_rook_attacks for square 56
occupancy after mask: 8503077571452272896
occupancy after magic mul: 1693846385522245888
occupancy after shift: 376
attacks: 144396663052566528
get_rook_attacks for square 63
occupancy after mask: 8538824893502881792
occupancy after magic mul: 11356544178996707328
occupancy after shift: 2521
attacks: 4647714815446351872
get_bishop_attacks for square 60
occupancy after mask: 11258999068426240
occupancy after magic mul: 2938598756859248640
occupancy after shift: 5
attacks: 11258999068426240
get_rook_attacks for square 60
occupancy after mask: 7354378191764459520
occupancy after magic mul: 3252304001923817472
occupancy after shift: 361
attacks: 3175037737296199680
get_bishop_attacks for square 58
occupancy after mask: 2814749767106560
occupancy after magic mul: 2328361007350546432
occupancy after shift: 4
attacks: 2814749767106560
get_bishop_attacks for square 61
occupancy after mask: 22517998136852480
occupancy after magic mul: 2305843009213693952
occupancy after shift: 4
attacks: 22517998136852480
get_rook_attacks for square 56
occupancy after mask: 8503077571452272896
occupancy after magic mul: 1693846385522245888
occupancy after shift: 376
attacks: 144396663052566528
get_rook_attacks for square 63
occupancy after mask: 8538824893502881792
occupancy after magic mul: 11356544178996707328
occupancy after shift: 2521
attacks: 4647714815446351872
get_rook_attacks for square 60
occupancy after mask: 7354378191764459520
occupancy after magic mul: 3252304001923817472
occupancy after shift: 361
attacks: 3175037737296199680
get_bishop_attacks for square 60
occupancy after mask: 11258999068426240
occupancy after magic mul: 2938598756859248640
occupancy after shift: 5
attacks: 11258999068426240
Enter makemove
get_bishop_attacks for square 4
occupancy after mask: 272384
occupancy after magic mul: 12764626998232350720
occupancy after shift: 22
attacks: 10240
get_rook_attacks for square 4
occupancy after mask: 4503599895810158
occupancy after magic mul: 10622042918875262976
occupancy after shift: 1179
attacks: 4136
get_bishop_attacks for square 2
occupancy after mask: 2560
occupancy after magic mul: 1175443006172430336
occupancy after shift: 2
attacks: 2560
get_bishop_attacks for square 5
occupancy after mask: 20480
occupancy after magic mul: 2930165545624227840
occupancy after shift: 5
attacks: 20480
get_rook_attacks for square 0
occupancy after mask: 281474976776574
occupancy after magic mul: 3306797234737065920
occupancy after shift: 734
attacks: 258
get_rook_attacks for square 7
occupancy after mask: 36028797027385470
occupancy after magic mul: 4553333150679318272
occupancy after shift: 1011
attacks: 32832
get_bishop_attacks for square 3
occupancy after mask: 2102272
occupancy after magic mul: 16216387500604694528
occupancy after shift: 28
attacks: 5120
get_rook_attacks for square 3
occupancy after mask: 2251799813687414
occupancy after magic mul: 1381021119838140534
occupancy after shift: 153
attacks: 2068
get_bishop_attacks for square 58
occupancy after mask: 2814749767106560
occupancy after magic mul: 2328361007350546432
occupancy after shift: 4
attacks: 2814749767106560
get_bishop_attacks for square 61
occupancy after mask: 22517998136852480
occupancy after magic mul: 2305843009213693952
occupancy after shift: 4
attacks: 22517998136852480
get_rook_attacks for square 56
occupancy after mask: 8503077571452272896
occupancy after magic mul: 1693846385522245888
occupancy after shift: 376
attacks: 144396663052566528
get_rook_attacks for square 63
occupancy after mask: 8538824893502881792
occupancy after magic mul: 11356544178996707328
occupancy after shift: 2521
attacks: 4647714815446351872
get_bishop_attacks for square 60
occupancy after mask: 11258999068426240
occupancy after magic mul: 2938598756859248640
occupancy after shift: 5
attacks: 11258999068426240
get_rook_attacks for square 60
occupancy after mask: 7354378191764459520
occupancy after magic mul: 3252304001923817472
occupancy after shift: 361
attacks: 3175037737296199680
Enter makemove
get_bishop_attacks for square 4
occupancy after mask: 272384
occupancy after magic mul: 12764626998232350720
occupancy after shift: 22
attacks: 10240
get_rook_attacks for square 4
occupancy after mask: 4503599895810158
occupancy after magic mul: 10622042918875262976
occupancy after shift: 1179
attacks: 4136
get_bishop_attacks for square 2
occupancy after mask: 2560
occupancy after magic mul: 1175443006172430336
occupancy after shift: 2
attacks: 2560
get_bishop_attacks for square 5
occupancy after mask: 20480
occupancy after magic mul: 2930165545624227840
occupancy after shift: 5
attacks: 20480
get_rook_attacks for square 0
occupancy after mask: 281474976776574
occupancy after magic mul: 3306797234737065920
occupancy after shift: 734
attacks: 258
get_rook_attacks for square 7
occupancy after mask: 36028797027385470
occupancy after magic mul: 4553333150679318272
occupancy after shift: 1011
attacks: 32832
get_bishop_attacks for square 3
occupancy after mask: 2102272
occupancy after magic mul: 16216387500604694528
occupancy after shift: 28
attacks: 5120
get_rook_attacks for square 3
occupancy after mask: 2251799813687414
occupancy after magic mul: 1381021119838140534
occupancy after shift: 153
attacks: 2068
get_bishop_attacks for square 58
occupancy after mask: 2814749767106560
occupancy after magic mul: 2328361007350546432
occupancy after shift: 4
attacks: 2814749767106560
get_bishop_attacks for square 61
occupancy after mask: 22517998136852480
occupancy after magic mul: 2305843009213693952
occupancy after shift: 4
attacks: 22517998136852480
get_rook_attacks for square 56
occupancy after mask: 8503077571452272896
occupancy after magic mul: 1693846385522245888
occupancy after shift: 376
attacks: 144396663052566528
get_rook_attacks for square 63
occupancy after mask: 8538824893502881792
occupancy after magic mul: 11356544178996707328
occupancy after shift: 2521
attacks: 4647714815446351872
get_bishop_attacks for square 60
occupancy after mask: 11258999068426240
occupancy after magic mul: 2938598756859248640
occupancy after shift: 5
attacks: 11258999068426240
get_rook_attacks for square 60
occupancy after mask: 7354378191764459520
occupancy after magic mul: 3252304001923817472
occupancy after shift: 361
attacks: 3175037737296199680
Enter makemove
get_bishop_attacks for square 4
occupancy after mask: 272384
occupancy after magic mul: 12764626998232350720
occupancy after shift: 22
attacks: 10240
get_rook_attacks for square 4
occupancy after mask: 4503599895810158
occupancy after magic mul: 10622042918875262976
occupancy after shift: 1179
attacks: 4136
get_bishop_attacks for square 2
occupancy after mask: 2560
occupancy after magic mul: 1175443006172430336
occupancy after shift: 2
attacks: 2560
get_bishop_attacks for square 5
occupancy after mask: 20480
occupancy after magic mul: 2930165545624227840
occupancy after shift: 5
attacks: 20480
get_rook_attacks for square 0
occupancy after mask: 281474976776574
occupancy after magic mul: 3306797234737065920
occupancy after shift: 734
attacks: 258
get_rook_attacks for square 7
occupancy after mask: 36028797027385470
occupancy after magic mul: 4553333150679318272
occupancy after shift: 1011
attacks: 32832
get_bishop_attacks for square 3
occupancy after mask: 2102272
occupancy after magic mul: 16216387500604694528
occupancy after shift: 28
attacks: 5120
get_rook_attacks for square 3
occupancy after mask: 2251799813687414
occupancy after magic mul: 1381021119838140534
occupancy after shift: 153
attacks: 2068
get_bishop_attacks for square 58
occupancy after mask: 2814749767106560
occupancy after magic mul: 2328361007350546432
occupancy after shift: 4
attacks: 2814749767106560
get_bishop_attacks for square 61
occupancy after mask: 22517998136852480
occupancy after magic mul: 2305843009213693952
occupancy after shift: 4
attacks: 22517998136852480
get_rook_attacks for square 56
occupancy after mask: 8503077571452272896
occupancy after magic mul: 1693846385522245888
occupancy after shift: 376
attacks: 144396663052566528
get_rook_attacks for square 63
occupancy after mask: 8538824893502881792
occupancy after magic mul: 11356544178996707328
occupancy after shift: 2521
attacks: 4647714815446351872
get_bishop_attacks for square 60
occupancy after mask: 11258999068426240
occupancy after magic mul: 2938598756859248640
occupancy after shift: 5
attacks: 11258999068426240
get_rook_attacks for square 60
occupancy after mask: 7354378191764459520
occupancy after magic mul: 3252304001923817472
occupancy after shift: 361
attacks: 3175037737296199680
Enter makemove
get_bishop_attacks for square 4
occupancy after mask: 272384
occupancy after magic mul: 12764626998232350720
occupancy after shift: 22
attacks: 10240
get_rook_attacks for square 4
occupancy after mask: 4503599627374702
occupancy after magic mul: 10604027970609967104
occupancy after shift: 1177
attacks: 4136
get_bishop_attacks for square 2
occupancy after mask: 2560
occupancy after magic mul: 1175443006172430336
occupancy after shift: 2
attacks: 2560
get_bishop_attacks for square 5
occupancy after mask: 20480
occupancy after magic mul: 2930165545624227840
occupancy after shift: 5
attacks: 20480
get_rook_attacks for square 0
occupancy after mask: 281474976776574
occupancy after magic mul: 3306797234737065920
occupancy after shift: 734
attacks: 258
get_rook_attacks for square 7
occupancy after mask: 36028797027385470
occupancy after magic mul: 4553333150679318272
occupancy after shift: 1011
attacks: 32832
get_bishop_attacks for square 3
occupancy after mask: 2102272
occupancy after magic mul: 16216387500604694528
occupancy after shift: 28
attacks: 5120
get_rook_attacks for square 3
occupancy after mask: 2251799813687414
occupancy after magic mul: 1381021119838140534
occupancy after shift: 153
attacks: 2068
get_bishop_attacks for square 58
occupancy after mask: 2814749767106560
occupancy after magic mul: 2328361007350546432
occupancy after shift: 4
attacks: 2814749767106560
get_bishop_attacks for square 61
occupancy after mask: 22517998136852480
occupancy after magic mul: 2305843009213693952
occupancy after shift: 4
attacks: 22517998136852480
get_rook_attacks for square 56
occupancy after mask: 8503077571452272896
occupancy after magic mul: 1693846385522245888
occupancy after shift: 376
attacks: 144396663052566528
get_rook_attacks for square 63
occupancy after mask: 8538824893502881792
occupancy after magic mul: 11356544178996707328
occupancy after shift: 2521
attacks: 4647714815446351872
get_bishop_attacks for square 60
occupancy after mask: 11258999068426240
occupancy after magic mul: 2938598756859248640
occupancy after shift: 5
attacks: 11258999068426240
get_rook_attacks for square 60
occupancy after mask: 7354378191496024064
occupancy after magic mul: 12403055219372466176
occupancy after shift: 1377
attacks: 3175037737296199680
Enter makemove
get_bishop_attacks for square 4
occupancy after mask: 272384
occupancy after magic mul: 12764626998232350720
occupancy after shift: 22
attacks: 10240
get_rook_attacks for square 4
occupancy after mask: 4503599627374702
occupancy after magic mul: 10604027970609967104
occupancy after shift: 1177
attacks: 4136
get_bishop_attacks for square 2
occupancy after mask: 2560
occupancy after magic mul: 1175443006172430336
occupancy after shift: 2
attacks: 2560
get_bishop_attacks for square 5
occupancy after mask: 20480
occupancy after magic mul: 2930165545624227840
occupancy after shift: 5
attacks: 20480
get_rook_attacks for square 0
occupancy after mask: 281474976776574
occupancy after magic mul: 3306797234737065920
occupancy after shift: 734
attacks: 258
get_rook_attacks for square 7
occupancy after mask: 36028797027385470
occupancy after magic mul: 4553333150679318272
occupancy after shift: 1011
attacks: 32832
get_bishop_attacks for square 3
occupancy after mask: 2102272
occupancy after magic mul: 16216387500604694528
occupancy after shift: 28
attacks: 5120
get_rook_attacks for square 3
occupancy after mask: 2251799813687414
occupancy after magic mul: 1381021119838140534
occupancy after shift: 153
attacks: 2068
get_bishop_attacks for square 58
occupancy after mask: 2814749767106560
occupancy after magic mul: 2328361007350546432
occupancy after shift: 4
attacks: 2814749767106560
get_bishop_attacks for square 61
occupancy after mask: 22517998136852480
occupancy after magic mul: 2305843009213693952
occupancy after shift: 4
attacks: 22517998136852480
get_rook_attacks for square 56
occupancy after mask: 8503077571452272896
occupancy after magic mul: 1693846385522245888
occupancy after shift: 376
attacks: 144396663052566528
get_rook_attacks for square 63
occupancy after mask: 8538824893502881792
occupancy after magic mul: 11356544178996707328
occupancy after shift: 2521
attacks: 4647714815446351872
get_bishop_attacks for square 60
occupancy after mask: 11258999068426240
occupancy after magic mul: 2938598756859248640
occupancy after shift: 5
attacks: 11258999068426240
get_rook_attacks for square 60
occupancy after mask: 7354378191496024064
occupancy after magic mul: 12403055219372466176
occupancy after shift: 1377
attacks: 3175037737296199680
Enter makemove
get_bishop_attacks for square 4
occupancy after mask: 272384
occupancy after magic mul: 12764626998232350720
occupancy after shift: 22
attacks: 10240
get_rook_attacks for square 4
occupancy after mask: 4503599895810158
occupancy after magic mul: 10622042918875262976
occupancy after shift: 1179
attacks: 4136
get_bishop_attacks for square 2
occupancy after mask: 2560
occupancy after magic mul: 1175443006172430336
occupancy after shift: 2
attacks: 2560
get_bishop_attacks for square 5
occupancy after mask: 20480
occupancy after magic mul: 2930165545624227840
occupancy after shift: 5
attacks: 20480
get_rook_attacks for square 0
occupancy after mask: 281474976776574
occupancy after magic mul: 3306797234737065920
occupancy after shift: 734
attacks: 258
get_rook_attacks for square 7
occupancy after mask: 36028797027385470
occupancy after magic mul: 4553333150679318272
occupancy after shift: 1011
attacks: 32832
get_bishop_attacks for square 3
occupancy after mask: 2102272
occupancy after magic mul: 16216387500604694528
occupancy after shift: 28
attacks: 5120
get_rook_attacks for square 3
occupancy after mask: 2251799813687414
occupancy after magic mul: 1381021119838140534
occupancy after shift: 153
attacks: 2068
get_bishop_attacks for square 58
occupancy after mask: 2814749767106560
occupancy after magic mul: 2328361007350546432
occupancy after shift: 4
attacks: 2814749767106560
get_bishop_attacks for square 61
occupancy after mask: 22517998136852480
occupancy after magic mul: 2305843009213693952
occupancy after shift: 4
attacks: 22517998136852480
get_rook_attacks for square 56
occupancy after mask: 8503077571452272896
occupancy after magic mul: 1693846385522245888
occupancy after shift: 376
attacks: 144396663052566528
get_rook_attacks for square 63
occupancy after mask: 8538824893502881792
occupancy after magic mul: 11356544178996707328
occupancy after shift: 2521
attacks: 4647714815446351872
get_bishop_attacks for square 60
occupancy after mask: 11258999068426240
occupancy after magic mul: 2938598756859248640
occupancy after shift: 5
attacks: 11258999068426240
get_rook_attacks for square 60
occupancy after mask: 7354378191764459520
occupancy after magic mul: 3252304001923817472
occupancy after shift: 361
attacks: 3175037737296199680
Enter makemove
get_bishop_attacks for square 4
occupancy after mask: 272384
occupancy after magic mul: 12764626998232350720
occupancy after shift: 22
attacks: 10240
get_rook_attacks for square 4
occupancy after mask: 4503599895810158
occupancy after magic mul: 10622042918875262976
occupancy after shift: 1179
attacks: 4136
get_bishop_attacks for square 2
occupancy after mask: 2560
occupancy after magic mul: 1175443006172430336
occupancy after shift: 2
attacks: 2560
get_bishop_attacks for square 5
occupancy after mask: 20480
occupancy after magic mul: 2930165545624227840
occupancy after shift: 5
attacks: 20480
get_rook_attacks for square 0
occupancy after mask: 281474976776574
occupancy after magic mul: 3306797234737065920
occupancy after shift: 734
attacks: 258
get_rook_attacks for square 7
occupancy after mask: 36028797027385470
occupancy after magic mul: 4553333150679318272
occupancy after shift: 1011
attacks: 32832
get_bishop_attacks for square 3
occupancy after mask: 2102272
occupancy after magic mul: 16216387500604694528
occupancy after shift: 28
attacks: 5120
get_rook_attacks for square 3
occupancy after mask: 2251799813687414
occupancy after magic mul: 1381021119838140534
occupancy after shift: 153
attacks: 2068
get_bishop_attacks for square 58
occupancy after mask: 2814749767106560
occupancy after magic mul: 2328361007350546432
occupancy after shift: 4
attacks: 2814749767106560
get_bishop_attacks for square 61
occupancy after mask: 22517998136852480
occupancy after magic mul: 2305843009213693952
occupancy after shift: 4
attacks: 22517998136852480
get_rook_attacks for square 56
occupancy after mask: 8503077571452272896
occupancy after magic mul: 1693846385522245888
occupancy after shift: 376
attacks: 144396663052566528
get_rook_attacks for square 63
occupancy after mask: 8538824893502881792
occupancy after magic mul: 11356544178996707328
occupancy after shift: 2521
attacks: 4647714815446351872
get_bishop_attacks for square 60
occupancy after mask: 11258999068426240
occupancy after magic mul: 2938598756859248640
occupancy after shift: 5
attacks: 11258999068426240
get_rook_attacks for square 60
occupancy after mask: 7354378191764459520
occupancy after magic mul: 3252304001923817472
occupancy after shift: 361
attacks: 3175037737296199680
Enter makemove
get_bishop_attacks for square 4
occupancy after mask: 272384
occupancy after magic mul: 12764626998232350720
occupancy after shift: 22
attacks: 10240
get_rook_attacks for square 4
occupancy after mask: 4503599895810126
occupancy after magic mul: 4857347432763256832
occupancy after shift: 539
attacks: 4200
get_bishop_attacks for square 2
occupancy after mask: 2560
occupancy after magic mul: 1175443006172430336
occupancy after shift: 2
attacks: 2560
get_bishop_attacks for square 12
occupancy after mask: 2097152
occupancy after magic mul: 9268548822156443648
occupancy after shift: 16
attacks: 1108171292712
get_rook_attacks for square 0
occupancy after mask: 281474976776542
occupancy after magic mul: 15988837028354534336
occupancy after shift: 3550
attacks: 258
get_rook_attacks for square 7
occupancy after mask: 36028797027385438
occupancy after magic mul: 3400407213129346816
occupancy after shift: 755
attacks: 32832
get_bishop_attacks for square 3
occupancy after mask: 2102272
occupancy after magic mul: 16216387500604694528
occupancy after shift: 28
attacks: 5120
get_rook_attacks for square 3
occupancy after mask: 2251799813687382
occupancy after magic mul: 9451328715305957462
occupancy after shift: 1049
attacks: 2068
get_bishop_attacks for square 58
occupancy after mask: 2814749767106560
occupancy after magic mul: 2328361007350546432
occupancy after shift: 4
attacks: 2814749767106560
get_bishop_attacks for square 61
occupancy after mask: 22517998136852480
occupancy after magic mul: 2305843009213693952
occupancy after shift: 4
attacks: 22517998136852480
get_rook_attacks for square 56
occupancy after mask: 8503077571452272896
occupancy after magic mul: 1693846385522245888
occupancy after shift: 376
attacks: 144396663052566528
get_rook_attacks for square 63
occupancy after mask: 8538824893502881792
occupancy after magic mul: 11356544178996707328
occupancy after shift: 2521
attacks: 4647714815446351872
get_bishop_attacks for square 60
occupancy after mask: 11258999068426240
occupancy after magic mul: 2938598756859248640
occupancy after shift: 5
attacks: 11258999068426240
get_rook_attacks for square 60
occupancy after mask: 7354378191764459520
occupancy after magic mul: 3252304001923817472
occupancy after shift: 361
attacks: 3175037737296199680
Enter makemove
get_bishop_attacks for square 4
occupancy after mask: 272384
occupancy after magic mul: 12764626998232350720
occupancy after shift: 22
attacks: 10240
get_rook_attacks for square 4
occupancy after mask: 4503599895810126
occupancy after magic mul: 4857347432763256832
occupancy after shift: 539
attacks: 4200
get_bishop_attacks for square 2
occupancy after mask: 2560
occupancy after magic mul: 1175443006172430336
occupancy after shift: 2
attacks: 2560
get_bishop_attacks for square 14
occupancy after mask: 562950223953920
occupancy after magic mul: 6595101095922499584
occupancy after shift: 11
attacks: 10485920
get_rook_attacks for square 0
occupancy after mask: 281474976776542
occupancy after magic mul: 15988837028354534336
occupancy after shift: 3550
attacks: 258
get_rook_attacks for square 7
occupancy after mask: 36028797027385438
occupancy after magic mul: 3400407213129346816
occupancy after shift: 755
attacks: 32832
get_bishop_attacks for square 3
occupancy after mask: 2102272
occupancy after magic mul: 16216387500604694528
occupancy after shift: 28
attacks: 5120
get_rook_attacks for square 3
occupancy after mask: 2251799813687382
occupancy after magic mul: 9451328715305957462
occupancy after shift: 1049
attacks: 2068
get_bishop_attacks for square 58
occupancy after mask: 2814749767106560
occupancy after magic mul: 2328361007350546432
occupancy after shift: 4
attacks: 2814749767106560
get_bishop_attacks for square 61
occupancy after mask: 22517998136852480
occupancy after magic mul: 2305843009213693952
occupancy after shift: 4
attacks: 22517998136852480
get_rook_attacks for square 56
occupancy after mask: 8503077571452272896
occupancy after magic mul: 1693846385522245888
occupancy after shift: 376
attacks: 144396663052566528
get_rook_attacks for square 63
occupancy after mask: 8538824893502881792
occupancy after magic mul: 11356544178996707328
occupancy after shift: 2521
attacks: 4647714815446351872
get_bishop_attacks for square 60
occupancy after mask: 11258999068426240
occupancy after magic mul: 2938598756859248640
occupancy after shift: 5
attacks: 11258999068426240
get_rook_attacks for square 60
occupancy after mask: 7354378191764459520
occupancy after magic mul: 3252304001923817472
occupancy after shift: 361
attacks: 3175037737296199680
get_bishop_attacks for square 58
occupancy after mask: 2814749767106560
occupancy after magic mul: 2328361007350546432
occupancy after shift: 4
attacks: 2814749767106560
get_bishop_attacks for square 61
occupancy after mask: 22517998136852480
occupancy after magic mul: 2305843009213693952
occupancy after shift: 4
attacks: 22517998136852480
get_rook_attacks for square 56
occupancy after mask: 8503077571452272896
occupancy after magic mul: 1693846385522245888
occupancy after shift: 376
attacks: 144396663052566528
get_rook_attacks for square 63
occupancy after mask: 8538824893502881792
occupancy after magic mul: 11356544178996707328
occupancy after shift: 2521
attacks: 4647714815446351872
get_rook_attacks for square 60
occupancy after mask: 7354378191764459520
occupancy after magic mul: 3252304001923817472
occupancy after shift: 361
attacks: 3175037737296199680
get_bishop_attacks for square 60
occupancy after mask: 11258999068426240
occupancy after magic mul: 2938598756859248640
occupancy after shift: 5
attacks: 11258999068426240
Enter makemove
get_bishop_attacks for square 4
occupancy after mask: 272384
occupancy after magic mul: 12764626998232350720
occupancy after shift: 22
attacks: 10240
get_rook_attacks for square 4
occupancy after mask: 4503599895810158
occupancy after magic mul: 10622042918875262976
occupancy after shift: 1179
attacks: 4136
get_bishop_attacks for square 2
occupancy after mask: 2560
occupancy after magic mul: 1175443006172430336
occupancy after shift: 2
attacks: 2560
get_bishop_attacks for square 5
occupancy after mask: 20480
occupancy after magic mul: 2930165545624227840
occupancy after shift: 5
attacks: 20480
get_rook_attacks for square 1
occupancy after mask: 562949953421948
occupancy after magic mul: 361052204864340604
occupancy after shift: 40
attacks: 517
get_rook_attacks for square 7
occupancy after mask: 36028797027385470
occupancy after magic mul: 4553333150679318272
occupancy after shift: 1011
attacks: 32832
get_bishop_attacks for square 3
occupancy after mask: 2102272
occupancy after magic mul: 16216387500604694528
occupancy after shift: 28
attacks: 5120
get_rook_attacks for square 3
occupancy after mask: 2251799813687414
occupancy after magic mul: 1381021119838140534
occupancy after shift: 153
attacks: 2068
get_bishop_attacks for square 58
occupancy after mask: 2814749767106560
occupancy after magic mul: 2328361007350546432
occupancy after shift: 4
attacks: 2814749767106560
get_bishop_attacks for square 61
occupancy after mask: 22517998136852480
occupancy after magic mul: 2305843009213693952
occupancy after shift: 4
attacks: 22517998136852480
get_rook_attacks for square 56
occupancy after mask: 8503077571452272896
occupancy after magic mul: 1693846385522245888
occupancy after shift: 376
attacks: 144396663052566528
get_rook_attacks for square 63
occupancy after mask: 8538824893502881792
occupancy after magic mul: 11356544178996707328
occupancy after shift: 2521
attacks: 4647714815446351872
get_bishop_attacks for square 60
occupancy after mask: 11258999068426240
occupancy after magic mul: 2938598756859248640
occupancy after shift: 5
attacks: 11258999068426240
get_rook_attacks for square 60
occupancy after mask: 7354378191764459520
occupancy after magic mul: 3252304001923817472
occupancy after shift: 361
attacks: 3175037737296199680
Enter makemove
get_bishop_attacks for square 4
occupancy after mask: 272384
occupancy after magic mul: 12764626998232350720
occupancy after shift: 22
attacks: 10240
get_rook_attacks for square 4
occupancy after mask: 4503599895810158
occupancy after magic mul: 10622042918875262976
occupancy after shift: 1179
attacks: 4136
get_bishop_attacks for square 2
occupancy after mask: 2560
occupancy after magic mul: 1175443006172430336
occupancy after shift: 2
attacks: 2560
get_bishop_attacks for square 5
occupancy after mask: 20480
occupancy after magic mul: 2930165545624227840
occupancy after shift: 5
attacks: 20480
get_rook_attacks for square 7
occupancy after mask: 36028797027385470
occupancy after magic mul: 4553333150679318272
occupancy after shift: 1011
attacks: 32832
get_rook_attacks for square 8
occupancy after mask: 281474976808448
occupancy after magic mul: 13777847576928557056
occupancy after shift: 1529
attacks: 66049
get_bishop_attacks for square 3
occupancy after mask: 2102272
occupancy after magic mul: 16216387500604694528
occupancy after shift: 28
attacks: 5120
get_rook_attacks for square 3
occupancy after mask: 2251799813687414
occupancy after magic mul: 1381021119838140534
occupancy after shift: 153
attacks: 2068
get_bishop_attacks for square 58
occupancy after mask: 2814749767106560
occupancy after magic mul: 2328361007350546432
occupancy after shift: 4
attacks: 2814749767106560
get_bishop_attacks for square 61
occupancy after mask: 22517998136852480
occupancy after magic mul: 2305843009213693952
occupancy after shift: 4
attacks: 22517998136852480
get_rook_attacks for square 56
occupancy after mask: 8503077571452272896
occupancy after magic mul: 1693846385522245888
occupancy after shift: 376
attacks: 144396663052566528
get_rook_attacks for square 63
occupancy after mask: 8538824893502881792
occupancy after magic mul: 11356544178996707328
occupancy after shift: 2521
attacks: 4647714815446351872
get_bishop_attacks for square 60
occupancy after mask: 11258999068426240
occupancy after magic mul: 2938598756859248640
occupancy after shift: 5
attacks: 11258999068426240
get_rook_attacks for square 60
occupancy after mask: 7354378191764459520
occupancy after magic mul: 3252304001923817472
occupancy after shift: 361
attacks: 3175037737296199680
Enter makemove
get_bishop_attacks for square 4
occupancy after mask: 272384
occupancy after magic mul: 12764626998232350720
occupancy after shift: 22
attacks: 10240
get_rook_attacks for square 4
occupancy after mask: 4503599895810158
occupancy after magic mul: 10622042918875262976
occupancy after shift: 1179
attacks: 4136
get_bishop_attacks for square 2
occupancy after mask: 2560
occupancy after magic mul: 1175443006172430336
occupancy after shift: 2
attacks: 2560
get_bishop_attacks for square 5
occupancy after mask: 20480
occupancy after magic mul: 2930165545624227840
occupancy after shift: 5
attacks: 20480
get_rook_attacks for square 0
occupancy after mask: 281474976776574
occupancy after magic mul: 3306797234737065920
occupancy after shift: 734
attacks: 258
get_rook_attacks for square 6
occupancy after mask: 18014398509498430
occupancy after magic mul: 13510935497540894464
occupancy after shift: 1500
attacks: 16544
get_bishop_attacks for square 3
occupancy after mask: 2102272
occupancy after magic mul: 16216387500604694528
occupancy after shift: 28
attacks: 5120
get_rook_attacks for square 3
occupancy after mask: 2251799813687414
occupancy after magic mul: 1381021119838140534
occupancy after shift: 153
attacks: 2068
get_bishop_attacks for square 58
occupancy after mask: 2814749767106560
occupancy after magic mul: 2328361007350546432
occupancy after shift: 4
attacks: 2814749767106560
get_bishop_attacks for square 61
occupancy after mask: 22517998136852480
occupancy after magic mul: 2305843009213693952
occupancy after shift: 4
attacks: 22517998136852480
get_rook_attacks for square 56
occupancy after mask: 8503077571452272896
occupancy after magic mul: 1693846385522245888
occupancy after shift: 376
attacks: 144396663052566528
get_rook_attacks for square 63
occupancy after mask: 8538824893502881792
occupancy after magic mul: 11356544178996707328
occupancy after shift: 2521
attacks: 4647714815446351872
get_bishop_attacks for square 60
occupancy after mask: 11258999068426240
occupancy after magic mul: 2938598756859248640
occupancy after shift: 5
attacks: 11258999068426240
get_rook_attacks for square 60
occupancy after mask: 7354378191764459520
occupancy after magic mul: 3252304001923817472
occupancy after shift: 361
attacks: 3175037737296199680
Enter makemove
get_bishop_attacks for square 4
occupancy after mask: 272384
occupancy after magic mul: 12764626998232350720
occupancy after shift: 22
attacks: 10240
get_rook_attacks for square 4
occupancy after mask: 4503599895810158
occupancy after magic mul: 10622042918875262976
occupancy after shift: 1179
attacks: 4136
get_bishop_attacks for square 2
occupancy after mask: 2560
occupancy after magic mul: 1175443006172430336
occupancy after shift: 2
attacks: 2560
get_bishop_attacks for square 5
occupancy after mask: 20480
occupancy after magic mul: 2930165545624227840
occupancy after shift: 5
attacks: 20480
get_rook_attacks for square 0
occupancy after mask: 281474976776574
occupancy after magic mul: 3306797234737065920
occupancy after shift: 734
attacks: 258
get_rook_attacks for square 15
occupancy after mask: 36028797027384832
occupancy after magic mul: 14956522671280487424
occupancy after shift: 1660
attacks: 8405120
get_bishop_attacks for square 3
occupancy after mask: 2102272
occupancy after magic mul: 16216387500604694528
occupancy after shift: 28
attacks: 5120
get_rook_attacks for square 3
occupancy after mask: 2251799813687414
occupancy after magic mul: 1381021119838140534
occupancy after shift: 153
attacks: 2068
get_bishop_attacks for square 58
occupancy after mask: 2814749767106560
occupancy after magic mul: 2328361007350546432
occupancy after shift: 4
attacks: 2814749767106560
get_bishop_attacks for square 61
occupancy after mask: 22517998136852480
occupancy after magic mul: 2305843009213693952
occupancy after shift: 4
attacks: 22517998136852480
get_rook_attacks for square 56
occupancy after mask: 8503077571452272896
occupancy after magic mul: 1693846385522245888
occupancy after shift: 376
attacks: 144396663052566528
get_rook_attacks for square 63
occupancy after mask: 8538824893502881792
occupancy after magic mul: 11356544178996707328
occupancy after shift: 2521
attacks: 4647714815446351872
get_bishop_attacks for square 60
occupancy after mask: 11258999068426240
occupancy after magic mul: 2938598756859248640
occupancy after shift: 5
attacks: 11258999068426240
get_rook_attacks for square 60
occupancy after mask: 7354378191764459520
occupancy after magic mul: 3252304001923817472
occupancy after shift: 361
attacks: 3175037737296199680
Enter makemove
get_bishop_attacks for square 4
occupancy after mask: 272384
occupancy after magic mul: 12764626998232350720
occupancy after shift: 22
attacks: 10240
get_rook_attacks for square 4
occupancy after mask: 4503599895810150
occupancy after magic mul: 9180869047347261440
occupancy after shift: 1019
attacks: 4140
get_bishop_attacks for square 2
occupancy after mask: 2560
occupancy after magic mul: 1175443006172430336
occupancy after shift: 2
attacks: 2560
get_bishop_attacks for square 5
occupancy after mask: 20480
occupancy after magic mul: 2930165545624227840
occupancy after shift: 5
attacks: 20480
get_rook_attacks for square 0
occupancy after mask: 281474976776566
occupancy after magic mul: 15700679219996208832
occupancy after shift: 3486
attacks: 258
get_rook_attacks for square 7
occupancy after mask: 36028797027385462
occupancy after magic mul: 18100159721573989120
occupancy after shift: 4019
attacks: 32832
get_bishop_attacks for square 2
occupancy after mask: 2560
occupancy after magic mul: 1175443006172430336
occupancy after shift: 2
attacks: 2560
get_rook_attacks for square 2
occupancy after mask: 1125899907105906
occupancy after magic mul: 17550105996184198272
occupancy after shift: 1948
attacks: 1050
get_bishop_attacks for square 58
occupancy after mask: 2814749767106560
occupancy after magic mul: 2328361007350546432
occupancy after shift: 4
attacks: 2814749767106560
get_bishop_attacks for square 61
occupancy after mask: 22517998136852480
occupancy after magic mul: 2305843009213693952
occupancy after shift: 4
attacks: 22517998136852480
get_rook_attacks for square 56
occupancy after mask: 8503077571452272896
occupancy after magic mul: 1693846385522245888
occupancy after shift: 376
attacks: 144396663052566528
get_rook_attacks for square 63
occupancy after mask: 8538824893502881792
occupancy after magic mul: 11356544178996707328
occupancy after shift: 2521
attacks: 4647714815446351872
get_bishop_attacks for square 60
occupancy after mask: 11258999068426240
occupancy after magic mul: 2938598756859248640
occupancy after shift: 5
attacks: 11258999068426240
get_rook_attacks for square 60
occupancy after mask: 7354378191764459520
occupancy after magic mul: 3252304001923817472
occupancy after shift: 361
attacks: 3175037737296199680
Enter makemove
get_bishop_attacks for square 4
occupancy after mask: 272384
occupancy after magic mul: 12764626998232350720
occupancy after shift: 22
attacks: 10240
get_rook_attacks for square 4
occupancy after mask: 4503599895810150
occupancy after magic mul: 9180869047347261440
occupancy after shift: 1019
attacks: 4140
get_bishop_attacks for square 2
occupancy after mask: 2560
occupancy after magic mul: 1175443006172430336
occupancy after shift: 2
attacks: 2560
get_bishop_attacks for square 5
occupancy after mask: 20480
occupancy after magic mul: 2930165545624227840
occupancy after shift: 5
attacks: 20480
get_rook_attacks for square 0
occupancy after mask: 281474976776566
occupancy after magic mul: 15700679219996208832
occupancy after shift: 3486
attacks: 258
get_rook_attacks for square 7
occupancy after mask: 36028797027385462
occupancy after magic mul: 18100159721573989120
occupancy after shift: 4019
attacks: 32832
get_bishop_attacks for square 4
occupancy after mask: 272384
occupancy after magic mul: 12764626998232350720
occupancy after shift: 22
attacks: 10240
get_rook_attacks for square 4
occupancy after mask: 4503599895810150
occupancy after magic mul: 9180869047347261440
occupancy after shift: 1019
attacks: 4140
get_bishop_attacks for square 58
occupancy after mask: 2814749767106560
occupancy after magic mul: 2328361007350546432
occupancy after shift: 4
attacks: 2814749767106560
get_bishop_attacks for square 61
occupancy after mask: 22517998136852480
occupancy after magic mul: 2305843009213693952
occupancy after shift: 4
attacks: 22517998136852480
get_rook_attacks for square 56
occupancy after mask: 8503077571452272896
occupancy after magic mul: 1693846385522245888
occupancy after shift: 376
attacks: 144396663052566528
get_rook_attacks for square 63
occupancy after mask: 8538824893502881792
occupancy after magic mul: 11356544178996707328
occupancy after shift: 2521
attacks: 4647714815446351872
get_bishop_attacks for square 60
occupancy after mask: 11258999068426240
occupancy after magic mul: 2938598756859248640
occupancy after shift: 5
attacks: 11258999068426240
get_rook_attacks for square 60
occupancy after mask: 7354378191764459520
occupancy after magic mul: 3252304001923817472
occupancy after shift: 361
attacks: 3175037737296199680
Enter makemove
get_bishop_attacks for square 4
occupancy after mask: 272384
occupancy after magic mul: 12764626998232350720
occupancy after shift: 22
attacks: 10240
get_rook_attacks for square 4
occupancy after mask: 4503599895810150
occupancy after magic mul: 9180869047347261440
occupancy after shift: 1019
attacks: 4140
get_bishop_attacks for square 2
occupancy after mask: 2560
occupancy after magic mul: 1175443006172430336
occupancy after shift: 2
attacks: 2560
get_bishop_attacks for square 5
occupancy after mask: 20480
occupancy after magic mul: 2930165545624227840
occupancy after shift: 5
attacks: 20480
get_rook_attacks for square 0
occupancy after mask: 281474976776566
occupancy after magic mul: 15700679219996208832
occupancy after shift: 3486
attacks: 258
get_rook_attacks for square 7
occupancy after mask: 36028797027385462
occupancy after magic mul: 18100159721573989120
occupancy after shift: 4019
attacks: 32832
get_bishop_attacks for square 10
occupancy after mask: 268435456
occupancy after magic mul: 653197872124133376
occupancy after shift: 1
attacks: 285868042
get_rook_attacks for square 10
occupancy after mask: 1125899907136000
occupancy after magic mul: 2130013667861725184
occupancy after shift: 118
attacks: 264708
get_bishop_attacks for square 58
occupancy after mask: 2814749767106560
occupancy after magic mul: 2328361007350546432
occupancy after shift: 4
attacks: 2814749767106560
get_bishop_attacks for square 61
occupancy after mask: 22517998136852480
occupancy after magic mul: 2305843009213693952
occupancy after shift: 4
attacks: 22517998136852480
get_rook_attacks for square 56
occupancy after mask: 8503077571452272896
occupancy after magic mul: 1693846385522245888
occupancy after shift: 376
attacks: 144396663052566528
get_rook_attacks for square 63
occupancy after mask: 8538824893502881792
occupancy after magic mul: 11356544178996707328
occupancy after shift: 2521
attacks: 4647714815446351872
get_bishop_attacks for square 60
occupancy after mask: 11258999068426240
occupancy after magic mul: 2938598756859248640
occupancy after shift: 5
attacks: 11258999068426240
get_rook_attacks for square 60
occupancy after mask: 7354378191764459520
occupancy after magic mul: 3252304001923817472
occupancy after shift: 361
attacks: 3175037737296199680
Enter makemove
get_bishop_attacks for square 4
occupancy after mask: 272384
occupancy after magic mul: 12764626998232350720
occupancy after shift: 22
attacks: 10240
get_rook_attacks for square 4
occupancy after mask: 4503599895810150
occupancy after magic mul: 9180869047347261440
occupancy after shift: 1019
attacks: 4140
get_bishop_attacks for square 2
occupancy after mask: 2560
occupancy after magic mul: 1175443006172430336
occupancy after shift: 2
attacks: 2560
get_bishop_attacks for square 5
occupancy after mask: 20480
occupancy after magic mul: 2930165545624227840
occupancy after shift: 5
attacks: 20480
get_rook_attacks for square 0
occupancy after mask: 281474976776566
occupancy after magic mul: 15700679219996208832
occupancy after shift: 3486
attacks: 258
get_rook_attacks for square 7
occupancy after mask: 36028797027385462
occupancy after magic mul: 18100159721573989120
occupancy after shift: 4019
attacks: 32832
get_bishop_attacks for square 11
occupancy after mask: 262144
occupancy after magic mul: 2342435374686535680
occupancy after shift: 4
attacks: 141012904443924
get_rook_attacks for square 11
occupancy after mask: 2251799813715456
occupancy after magic mul: 15494069400667865088
occupancy after shift: 860
attacks: 2260630401192968
get_bishop_attacks for square 58
occupancy after mask: 2814749767106560
occupancy after magic mul: 2328361007350546432
occupancy after shift: 4
attacks: 2814749767106560
get_bishop_attacks for square 61
occupancy after mask: 22517998136852480
occupancy after magic mul: 2305843009213693952
occupancy after shift: 4
attacks: 22517998136852480
get_rook_attacks for square 56
occupancy after mask: 8503077571452272896
occupancy after magic mul: 1693846385522245888
occupancy after shift: 376
attacks: 144396663052566528
get_rook_attacks for square 63
occupancy after mask: 8538824893502881792
occupancy after magic mul: 11356544178996707328
occupancy after shift: 2521
attacks: 4647714815446351872
get_bishop_attacks for square 60
occupancy after mask: 11258999068426240
occupancy after magic mul: 2938598756859248640
occupancy after shift: 5
attacks: 11258999068426240
get_rook_attacks for square 60
occupancy after mask: 7354378191764459520
occupancy after magic mul: 3252304001923817472
occupancy after shift: 361
attacks: 3175037737296199680
Enter makemove
get_bishop_attacks for square 4
occupancy after mask: 272384
occupancy after magic mul: 12764626998232350720
occupancy after shift: 22
attacks: 10240
get_rook_attacks for square 4
occupancy after mask: 4503599895810150
occupancy after magic mul: 9180869047347261440
occupancy after shift: 1019
attacks: 4140
get_bishop_attacks for square 2
occupancy after mask: 2560
occupancy after magic mul: 1175443006172430336
occupancy after shift: 2
attacks: 2560
get_bishop_attacks for square 5
occupancy after mask: 20480
occupancy after magic mul: 2930165545624227840
occupancy after shift: 5
attacks: 20480
get_rook_attacks for square 0
occupancy after mask: 281474976776566
occupancy after magic mul: 15700679219996208832
occupancy after shift: 3486
attacks: 258
get_rook_attacks for square 7
occupancy after mask: 36028797027385462
occupancy after magic mul: 18100159721573989120
occupancy after shift: 4019
attacks: 32832
get_bishop_attacks for square 12
occupancy after mask: 2097152
occupancy after magic mul: 9268548822156443648
occupancy after shift: 16
attacks: 1108171292712
get_rook_attacks for square 12
occupancy after mask: 4503599895834112
occupancy after magic mul: 11169965056600768512
occupancy after shift: 620
attacks: 269494288
get_bishop_attacks for square 58
occupancy after mask: 2814749767106560
occupancy after magic mul: 2328361007350546432
occupancy after shift: 4
attacks: 2814749767106560
get_bishop_attacks for square 61
occupancy after mask: 22517998136852480
occupancy after magic mul: 2305843009213693952
occupancy after shift: 4
attacks: 22517998136852480
get_rook_attacks for square 56
occupancy after mask: 8503077571452272896
occupancy after magic mul: 1693846385522245888
occupancy after shift: 376
attacks: 144396663052566528
get_rook_attacks for square 63
occupancy after mask: 8538824893502881792
occupancy after magic mul: 11356544178996707328
occupancy after shift: 2521
attacks: 4647714815446351872
get_bishop_attacks for square 60
occupancy after mask: 11258999068426240
occupancy after magic mul: 2938598756859248640
occupancy after shift: 5
attacks: 11258999068426240
get_rook_attacks for square 60
occupancy after mask: 7354378191764459520
occupancy after magic mul: 3252304001923817472
occupancy after shift: 361
attacks: 3175037737296199680
Undoing move: d8e8
Searching move 2: d8c8
Enter makemove
get_bishop_attacks for square 60
occupancy after mask: 11258999068426240
occupancy after magic mul: 2938598756859248640
occupancy after shift: 5
attacks: 11258999068426240
get_rook_attacks for square 60
occupancy after mask: 7354378191764459520
occupancy after magic mul: 3252304001923817472
occupancy after shift: 361
attacks: 3175037737296199680
Enter alpha_beta_search
Entering alpha_beta_search function (current_depth 0, max_depth 2)
tt.probe called with key = 11006284526187174294, num_entries = 18350080
calculated index = 7068054
Accessing table[index].key
get_bishop_attacks for square 2
occupancy after mask: 2560
occupancy after magic mul: 1175443006172430336
occupancy after shift: 2
attacks: 2560
get_bishop_attacks for square 5
occupancy after mask: 20480
occupancy after magic mul: 2930165545624227840
occupancy after shift: 5
attacks: 20480
get_rook_attacks for square 0
occupancy after mask: 281474976776574
occupancy after magic mul: 3306797234737065920
occupancy after shift: 734
attacks: 258
get_rook_attacks for square 7
occupancy after mask: 36028797027385470
occupancy after magic mul: 4553333150679318272
occupancy after shift: 1011
attacks: 32832
get_bishop_attacks for square 3
occupancy after mask: 2102272
occupancy after magic mul: 16216387500604694528
occupancy after shift: 28
attacks: 5120
get_rook_attacks for square 3
occupancy after mask: 2251799813687414
occupancy after magic mul: 1381021119838140534
occupancy after shift: 153
attacks: 2068
get_bishop_attacks for square 58
occupancy after mask: 2814749767106560
occupancy after magic mul: 2328361007350546432
occupancy after shift: 4
attacks: 2814749767106560
get_bishop_attacks for square 61
occupancy after mask: 22517998136852480
occupancy after magic mul: 2305843009213693952
occupancy after shift: 4
attacks: 22517998136852480
get_rook_attacks for square 56
occupancy after mask: 8503077571452272896
occupancy after magic mul: 1693846385522245888
occupancy after shift: 376
attacks: 144396663052566528
get_rook_attacks for square 63
occupancy after mask: 8538824893502881792
occupancy after magic mul: 11356544178996707328
occupancy after shift: 2521
attacks: 4647714815446351872
get_bishop_attacks for square 58
occupancy after mask: 2814749767106560
occupancy after magic mul: 2328361007350546432
occupancy after shift: 4
attacks: 2814749767106560
get_rook_attacks for square 58
occupancy after mask: 8215691620230890496
occupancy after magic mul: 17604150380800246784
occupancy after shift: 1954
attacks: 1874623344892968960
get_bishop_attacks for square 2
occupancy after mask: 2560
occupancy after magic mul: 1175443006172430336
occupancy after shift: 2
attacks: 2560
get_bishop_attacks for square 5
occupancy after mask: 20480
occupancy after magic mul: 2930165545624227840
occupancy after shift: 5
attacks: 20480
get_rook_attacks for square 0
occupancy after mask: 281474976776574
occupancy after magic mul: 3306797234737065920
occupancy after shift: 734
attacks: 258
get_rook_attacks for square 7
occupancy after mask: 36028797027385470
occupancy after magic mul: 4553333150679318272
occupancy after shift: 1011
attacks: 32832
get_rook_attacks for square 3
occupancy after mask: 2251799813687414
occupancy after magic mul: 1381021119838140534
occupancy after shift: 153
attacks: 2068
get_bishop_attacks for square 3
occupancy after mask: 2102272
occupancy after magic mul: 16216387500604694528
occupancy after shift: 28
attacks: 5120
Enter makemove
get_bishop_attacks for square 4
occupancy after mask: 272384
occupancy after magic mul: 12764626998232350720
occupancy after shift: 22
attacks: 10240
get_rook_attacks for square 4
occupancy after mask: 4503599895810158
occupancy after magic mul: 10622042918875262976
occupancy after shift: 1179
attacks: 4136
get_bishop_attacks for square 2
occupancy after mask: 2560
occupancy after magic mul: 1175443006172430336
occupancy after shift: 2
attacks: 2560
get_bishop_attacks for square 5
occupancy after mask: 20480
occupancy after magic mul: 2930165545624227840
occupancy after shift: 5
attacks: 20480
get_rook_attacks for square 0
occupancy after mask: 281474976776574
occupancy after magic mul: 3306797234737065920
occupancy after shift: 734
attacks: 258
get_rook_attacks for square 7
occupancy after mask: 36028797027385470
occupancy after magic mul: 4553333150679318272
occupancy after shift: 1011
attacks: 32832
get_bishop_attacks for square 3
occupancy after mask: 2102272
occupancy after magic mul: 16216387500604694528
occupancy after shift: 28
attacks: 5120
get_rook_attacks for square 3
occupancy after mask: 2251799813687414
occupancy after magic mul: 1381021119838140534
occupancy after shift: 153
attacks: 2068
get_bishop_attacks for square 58
occupancy after mask: 2814749767106560
occupancy after magic mul: 2328361007350546432
occupancy after shift: 4
attacks: 2814749767106560
get_bishop_attacks for square 61
occupancy after mask: 22517998136852480
occupancy after magic mul: 2305843009213693952
occupancy after shift: 4
attacks: 22517998136852480
get_rook_attacks for square 56
occupancy after mask: 8503077571452272896
occupancy after magic mul: 1693846385522245888
occupancy after shift: 376
attacks: 144396663052566528
get_rook_attacks for square 63
occupancy after mask: 8538824893502881792
occupancy after magic mul: 11356544178996707328
occupancy after shift: 2521
attacks: 4647714815446351872
get_bishop_attacks for square 58
occupancy after mask: 2814749767106560
occupancy after magic mul: 2328361007350546432
occupancy after shift: 4
attacks: 2814749767106560
get_rook_attacks for square 58
occupancy after mask: 8215691620230890496
occupancy after magic mul: 17604150380800246784
occupancy after shift: 1954
attacks: 1874623344892968960
Enter makemove
get_bishop_attacks for square 4
occupancy after mask: 272384
occupancy after magic mul: 12764626998232350720
occupancy after shift: 22
attacks: 10240
get_rook_attacks for square 4
occupancy after mask: 4503599895810158
occupancy after magic mul: 10622042918875262976
occupancy after shift: 1179
attacks: 4136
get_bishop_attacks for square 2
occupancy after mask: 2560
occupancy after magic mul: 1175443006172430336
occupancy after shift: 2
attacks: 2560
get_bishop_attacks for square 5
occupancy after mask: 20480
occupancy after magic mul: 2930165545624227840
occupancy after shift: 5
attacks: 20480
get_rook_attacks for square 0
occupancy after mask: 281474976776574
occupancy after magic mul: 3306797234737065920
occupancy after shift: 734
attacks: 258
get_rook_attacks for square 7
occupancy after mask: 36028797027385470
occupancy after magic mul: 4553333150679318272
occupancy after shift: 1011
attacks: 32832
get_bishop_attacks for square 3
occupancy after mask: 2102272
occupancy after magic mul: 16216387500604694528
occupancy after shift: 28
attacks: 5120
get_rook_attacks for square 3
occupancy after mask: 2251799813687414
occupancy after magic mul: 1381021119838140534
occupancy after shift: 153
attacks: 2068
get_bishop_attacks for square 58
occupancy after mask: 2814749767106560
occupancy after magic mul: 2328361007350546432
occupancy after shift: 4
attacks: 2814749767106560
get_bishop_attacks for square 61
occupancy after mask: 22517998136852480
occupancy after magic mul: 2305843009213693952
occupancy after shift: 4
attacks: 22517998136852480
get_rook_attacks for square 56
occupancy after mask: 8503077571452272896
occupancy after magic mul: 1693846385522245888
occupancy after shift: 376
attacks: 144396663052566528
get_rook_attacks for square 63
occupancy after mask: 8538824893502881792
occupancy after magic mul: 11356544178996707328
occupancy after shift: 2521
attacks: 4647714815446351872
get_bishop_attacks for square 58
occupancy after mask: 2814749767106560
occupancy after magic mul: 2328361007350546432
occupancy after shift: 4
attacks: 2814749767106560
get_rook_attacks for square 58
occupancy after mask: 8215691620230890496
occupancy after magic mul: 17604150380800246784
occupancy after shift: 1954
attacks: 1874623344892968960
Enter makemove
get_bishop_attacks for square 4
occupancy after mask: 272384
occupancy after magic mul: 12764626998232350720
occupancy after shift: 22
attacks: 10240
get_rook_attacks for square 4
occupancy after mask: 4503599895810158
occupancy after magic mul: 10622042918875262976
occupancy after shift: 1179
attacks: 4136
get_bishop_attacks for square 2
occupancy after mask: 2560
occupancy after magic mul: 1175443006172430336
occupancy after shift: 2
attacks: 2560
get_bishop_attacks for square 5
occupancy after mask: 20480
occupancy after magic mul: 2930165545624227840
occupancy after shift: 5
attacks: 20480
get_rook_attacks for square 0
occupancy after mask: 281474976776574
occupancy after magic mul: 3306797234737065920
occupancy after shift: 734
attacks: 258
get_rook_attacks for square 7
occupancy after mask: 36028797027385470
occupancy after magic mul: 4553333150679318272
occupancy after shift: 1011
attacks: 32832
get_bishop_attacks for square 3
occupancy after mask: 2102272
occupancy after magic mul: 16216387500604694528
occupancy after shift: 28
attacks: 5120
get_rook_attacks for square 3
occupancy after mask: 2251799813687414
occupancy after magic mul: 1381021119838140534
occupancy after shift: 153
attacks: 2068
get_bishop_attacks for square 58
occupancy after mask: 2814749767106560
occupancy after magic mul: 2328361007350546432
occupancy after shift: 4
attacks: 2814749767106560
get_bishop_attacks for square 61
occupancy after mask: 22517998136852480
occupancy after magic mul: 2305843009213693952
occupancy after shift: 4
attacks: 22517998136852480
get_rook_attacks for square 56
occupancy after mask: 8503077571452272896
occupancy after magic mul: 1693846385522245888
occupancy after shift: 376
attacks: 144396663052566528
get_rook_attacks for square 63
occupancy after mask: 8538824893502881792
occupancy after magic mul: 11356544178996707328
occupancy after shift: 2521
attacks: 4647714815446351872
get_bishop_attacks for square 58
occupancy after mask: 2814749767106560
occupancy after magic mul: 2328361007350546432
occupancy after shift: 4
attacks: 2814749767106560
get_rook_attacks for square 58
occupancy after mask: 8215691620230890496
occupancy after magic mul: 17604150380800246784
occupancy after shift: 1954
attacks: 1874623344892968960
Enter makemove
get_bishop_attacks for square 4
occupancy after mask: 272384
occupancy after magic mul: 12764626998232350720
occupancy after shift: 22
attacks: 10240
get_rook_attacks for square 4
occupancy after mask: 4503599895810158
occupancy after magic mul: 10622042918875262976
occupancy after shift: 1179
attacks: 4136
get_bishop_attacks for square 2
occupancy after mask: 2560
occupancy after magic mul: 1175443006172430336
occupancy after shift: 2
attacks: 2560
get_bishop_attacks for square 5
occupancy after mask: 20480
occupancy after magic mul: 2930165545624227840
occupancy after shift: 5
attacks: 20480
get_rook_attacks for square 0
occupancy after mask: 281474976776574
occupancy after magic mul: 3306797234737065920
occupancy after shift: 734
attacks: 258
get_rook_attacks for square 7
occupancy after mask: 36028797027385470
occupancy after magic mul: 4553333150679318272
occupancy after shift: 1011
attacks: 32832
get_bishop_attacks for square 3
occupancy after mask: 2102272
occupancy after magic mul: 16216387500604694528
occupancy after shift: 28
attacks: 5120
get_rook_attacks for square 3
occupancy after mask: 2251799813687414
occupancy after magic mul: 1381021119838140534
occupancy after shift: 153
attacks: 2068
get_bishop_attacks for square 58
occupancy after mask: 2814749767106560
occupancy after magic mul: 2328361007350546432
occupancy after shift: 4
attacks: 2814749767106560
get_bishop_attacks for square 61
occupancy after mask: 22517998136852480
occupancy after magic mul: 2305843009213693952
occupancy after shift: 4
attacks: 22517998136852480
get_rook_attacks for square 56
occupancy after mask: 8503077571452272896
occupancy after magic mul: 1693846385522245888
occupancy after shift: 376
attacks: 144396663052566528
get_rook_attacks for square 63
occupancy after mask: 8538824893502881792
occupancy after magic mul: 11356544178996707328
occupancy after shift: 2521
attacks: 4647714815446351872
get_bishop_attacks for square 58
occupancy after mask: 2814749767106560
occupancy after magic mul: 2328361007350546432
occupancy after shift: 4
attacks: 2814749767106560
get_rook_attacks for square 58
occupancy after mask: 8215691620230890496
occupancy after magic mul: 17604150380800246784
occupancy after shift: 1954
attacks: 1874623344892968960
Enter makemove
get_bishop_attacks for square 4
occupancy after mask: 272384
occupancy after magic mul: 12764626998232350720
occupancy after shift: 22
attacks: 10240
get_rook_attacks for square 4
occupancy after mask: 4503599895810158
occupancy after magic mul: 10622042918875262976
occupancy after shift: 1179
attacks: 4136
get_bishop_attacks for square 2
occupancy after mask: 2560
occupancy after magic mul: 1175443006172430336
occupancy after shift: 2
attacks: 2560
get_bishop_attacks for square 5
occupancy after mask: 20480
occupancy after magic mul: 2930165545624227840
occupancy after shift: 5
attacks: 20480
get_rook_attacks for square 0
occupancy after mask: 281474976776574
occupancy after magic mul: 3306797234737065920
occupancy after shift: 734
attacks: 258
get_rook_attacks for square 7
occupancy after mask: 36028797027385470
occupancy after magic mul: 4553333150679318272
occupancy after shift: 1011
attacks: 32832
get_bishop_attacks for square 3
occupancy after mask: 2102272
occupancy after magic mul: 16216387500604694528
occupancy after shift: 28
attacks: 5120
get_rook_attacks for square 3
occupancy after mask: 2251799813687414
occupancy after magic mul: 1381021119838140534
occupancy after shift: 153
attacks: 2068
get_bishop_attacks for square 58
occupancy after mask: 2814749767106560
occupancy after magic mul: 2328361007350546432
occupancy after shift: 4
attacks: 2814749767106560
get_bishop_attacks for square 61
occupancy after mask: 22517998136852480
occupancy after magic mul: 2305843009213693952
occupancy after shift: 4
attacks: 22517998136852480
get_rook_attacks for square 56
occupancy after mask: 8503077571452272896
occupancy after magic mul: 1693846385522245888
occupancy after shift: 376
attacks: 144396663052566528
get_rook_attacks for square 63
occupancy after mask: 8538824893502881792
occupancy after magic mul: 11356544178996707328
occupancy after shift: 2521
attacks: 4647714815446351872
get_bishop_attacks for square 58
occupancy after mask: 2814749767106560
occupancy after magic mul: 2328361007350546432
occupancy after shift: 4
attacks: 2814749767106560
get_rook_attacks for square 58
occupancy after mask: 8215691620230890496
occupancy after magic mul: 17604150380800246784
occupancy after shift: 1954
attacks: 1874623344892968960
Enter makemove
get_bishop_attacks for square 4
occupancy after mask: 272384
occupancy after magic mul: 12764626998232350720
occupancy after shift: 22
attacks: 10240
get_rook_attacks for square 4
occupancy after mask: 4503599895810158
occupancy after magic mul: 10622042918875262976
occupancy after shift: 1179
attacks: 4136
get_bishop_attacks for square 2
occupancy after mask: 2560
occupancy after magic mul: 1175443006172430336
occupancy after shift: 2
attacks: 2560
get_bishop_attacks for square 5
occupancy after mask: 20480
occupancy after magic mul: 2930165545624227840
occupancy after shift: 5
attacks: 20480
get_rook_attacks for square 0
occupancy after mask: 281474976776574
occupancy after magic mul: 3306797234737065920
occupancy after shift: 734
attacks: 258
get_rook_attacks for square 7
occupancy after mask: 36028797027385470
occupancy after magic mul: 4553333150679318272
occupancy after shift: 1011
attacks: 32832
get_bishop_attacks for square 3
occupancy after mask: 2102272
occupancy after magic mul: 16216387500604694528
occupancy after shift: 28
attacks: 5120
get_rook_attacks for square 3
occupancy after mask: 2251799813687414
occupancy after magic mul: 1381021119838140534
occupancy after shift: 153
attacks: 2068
get_bishop_attacks for square 58
occupancy after mask: 2814749767106560
occupancy after magic mul: 2328361007350546432
occupancy after shift: 4
attacks: 2814749767106560
get_bishop_attacks for square 61
occupancy after mask: 22517998136852480
occupancy after magic mul: 2305843009213693952
occupancy after shift: 4
attacks: 22517998136852480
get_rook_attacks for square 56
occupancy after mask: 8503077571452272896
occupancy after magic mul: 1693846385522245888
occupancy after shift: 376
attacks: 144396663052566528
get_rook_attacks for square 63
occupancy after mask: 8538824893502881792
occupancy after magic mul: 11356544178996707328
occupancy after shift: 2521
attacks: 4647714815446351872
get_bishop_attacks for square 58
occupancy after mask: 2814749767106560
occupancy after magic mul: 2328361007350546432
occupancy after shift: 4
attacks: 2814749767106560
get_rook_attacks for square 58
occupancy after mask: 8215691620230890496
occupancy after magic mul: 17604150380800246784
occupancy after shift: 1954
attacks: 1874623344892968960
Enter makemove
get_bishop_attacks for square 4
occupancy after mask: 272384
occupancy after magic mul: 12764626998232350720
occupancy after shift: 22
attacks: 10240
get_rook_attacks for square 4
occupancy after mask: 4503599895810158
occupancy after magic mul: 10622042918875262976
occupancy after shift: 1179
attacks: 4136
get_bishop_attacks for square 2
occupancy after mask: 2560
occupancy after magic mul: 1175443006172430336
occupancy after shift: 2
attacks: 2560
get_bishop_attacks for square 5
occupancy after mask: 20480
occupancy after magic mul: 2930165545624227840
occupancy after shift: 5
attacks: 20480
get_rook_attacks for square 0
occupancy after mask: 281474976776574
occupancy after magic mul: 3306797234737065920
occupancy after shift: 734
attacks: 258
get_rook_attacks for square 7
occupancy after mask: 36028797027385470
occupancy after magic mul: 4553333150679318272
occupancy after shift: 1011
attacks: 32832
get_bishop_attacks for square 3
occupancy after mask: 2102272
occupancy after magic mul: 16216387500604694528
occupancy after shift: 28
attacks: 5120
get_rook_attacks for square 3
occupancy after mask: 2251799813687414
occupancy after magic mul: 1381021119838140534
occupancy after shift: 153
attacks: 2068
get_bishop_attacks for square 58
occupancy after mask: 2814749767106560
occupancy after magic mul: 2328361007350546432
occupancy after shift: 4
attacks: 2814749767106560
get_bishop_attacks for square 61
occupancy after mask: 22517998136852480
occupancy after magic mul: 2305843009213693952
occupancy after shift: 4
attacks: 22517998136852480
get_rook_attacks for square 56
occupancy after mask: 8503077571452272896
occupancy after magic mul: 1693846385522245888
occupancy after shift: 376
attacks: 144396663052566528
get_rook_attacks for square 63
occupancy after mask: 8538824893502881792
occupancy after magic mul: 11356544178996707328
occupancy after shift: 2521
attacks: 4647714815446351872
get_bishop_attacks for square 58
occupancy after mask: 2814749767106560
occupancy after magic mul: 2328361007350546432
occupancy after shift: 4
attacks: 2814749767106560
get_rook_attacks for square 58
occupancy after mask: 8215691620230890496
occupancy after magic mul: 17604150380800246784
occupancy after shift: 1954
attacks: 1874623344892968960
Enter makemove
get_bishop_attacks for square 4
occupancy after mask: 272384
occupancy after magic mul: 12764626998232350720
occupancy after shift: 22
attacks: 10240
get_rook_attacks for square 4
occupancy after mask: 4503599895810158
occupancy after magic mul: 10622042918875262976
occupancy after shift: 1179
attacks: 4136
get_bishop_attacks for square 2
occupancy after mask: 2560
occupancy after magic mul: 1175443006172430336
occupancy after shift: 2
attacks: 2560
get_bishop_attacks for square 5
occupancy after mask: 20480
occupancy after magic mul: 2930165545624227840
occupancy after shift: 5
attacks: 20480
get_rook_attacks for square 0
occupancy after mask: 281474976776574
occupancy after magic mul: 3306797234737065920
occupancy after shift: 734
attacks: 258
get_rook_attacks for square 7
occupancy after mask: 36028797027385470
occupancy after magic mul: 4553333150679318272
occupancy after shift: 1011
attacks: 32832
get_bishop_attacks for square 3
occupancy after mask: 2102272
occupancy after magic mul: 16216387500604694528
occupancy after shift: 28
attacks: 5120
get_rook_attacks for square 3
occupancy after mask: 2251799813687414
occupancy after magic mul: 1381021119838140534
occupancy after shift: 153
attacks: 2068
get_bishop_attacks for square 58
occupancy after mask: 2814749767106560
occupancy after magic mul: 2328361007350546432
occupancy after shift: 4
attacks: 2814749767106560
get_bishop_attacks for square 61
occupancy after mask: 22517998136852480
occupancy after magic mul: 2305843009213693952
occupancy after shift: 4
attacks: 22517998136852480
get_rook_attacks for square 56
occupancy after mask: 8503077571452272896
occupancy after magic mul: 1693846385522245888
occupancy after shift: 376
attacks: 144396663052566528
get_rook_attacks for square 63
occupancy after mask: 8538824893502881792
occupancy after magic mul: 11356544178996707328
occupancy after shift: 2521
attacks: 4647714815446351872
get_bishop_attacks for square 58
occupancy after mask: 2814749767106560
occupancy after magic mul: 2328361007350546432
occupancy after shift: 4
attacks: 2814749767106560
get_rook_attacks for square 58
occupancy after mask: 8215691620230890496
occupancy after magic mul: 17604150380800246784
occupancy after shift: 1954
attacks: 1874623344892968960
get_bishop_attacks for square 58
occupancy after mask: 2814749767106560
occupancy after magic mul: 2328361007350546432
occupancy after shift: 4
attacks: 2814749767106560
get_bishop_attacks for square 61
occupancy after mask: 22517998136852480
occupancy after magic mul: 2305843009213693952
occupancy after shift: 4
attacks: 22517998136852480
get_rook_attacks for square 56
occupancy after mask: 8503077571452272896
occupancy after magic mul: 1693846385522245888
occupancy after shift: 376
attacks: 144396663052566528
get_rook_attacks for square 63
occupancy after mask: 8538824893502881792
occupancy after magic mul: 11356544178996707328
occupancy after shift: 2521
attacks: 4647714815446351872
get_rook_attacks for square 58
occupancy after mask: 8215691620230890496
occupancy after magic mul: 17604150380800246784
occupancy after shift: 1954
attacks: 1874623344892968960
get_bishop_attacks for square 58
occupancy after mask: 2814749767106560
occupancy after magic mul: 2328361007350546432
occupancy after shift: 4
attacks: 2814749767106560
Enter makemove
get_bishop_attacks for square 60
occupancy after mask: 11258999068426240
occupancy after magic mul: 2938598756859248640
occupancy after shift: 5
attacks: 11258999068426240
get_rook_attacks for square 60
occupancy after mask: 7066147815612747776
occupancy after magic mul: 2675843249620393984
occupancy after shift: 297
attacks: 3319152925372055552
get_bishop_attacks for square 2
occupancy after mask: 2560
occupancy after magic mul: 1175443006172430336
occupancy after shift: 2
attacks: 2560
get_bishop_attacks for square 5
occupancy after mask: 20480
occupancy after magic mul: 2930165545624227840
occupancy after shift: 5
attacks: 20480
get_rook_attacks for square 0
occupancy after mask: 281474976776574
occupancy after magic mul: 3306797234737065920
occupancy after shift: 734
attacks: 258
get_rook_attacks for square 7
occupancy after mask: 36028797027385470
occupancy after magic mul: 4553333150679318272
occupancy after shift: 1011
attacks: 32832
get_bishop_attacks for square 3
occupancy after mask: 2102272
occupancy after magic mul: 16216387500604694528
occupancy after shift: 28
attacks: 5120
get_rook_attacks for square 3
occupancy after mask: 2251799813687414
occupancy after magic mul: 1381021119838140534
occupancy after shift: 153
attacks: 2068
get_bishop_attacks for square 60
occupancy after mask: 11258999068426240
occupancy after magic mul: 2938598756859248640
occupancy after shift: 5
attacks: 11258999068426240
get_bishop_attacks for square 61
occupancy after mask: 22517998136852480
occupancy after magic mul: 2305843009213693952
occupancy after shift: 4
attacks: 22517998136852480
get_rook_attacks for square 56
occupancy after mask: 8214847195300561152
occupancy after magic mul: 1405616009370534144
occupancy after shift: 312
attacks: 144396663052566528
get_rook_attacks for square 63
occupancy after mask: 8250594517351170048
occupancy after magic mul: 10780083426693283840
occupancy after shift: 2393
attacks: 4647714815446351872
get_bishop_attacks for square 58
occupancy after mask: 2814749767106560
occupancy after magic mul: 2328361007350546432
occupancy after shift: 4
attacks: 2814749767106560
get_rook_attacks for square 58
occupancy after mask: 8215691620230890496
occupancy after magic mul: 17604150380800246784
occupancy after shift: 1954
attacks: 1874623344892968960
Enter makemove
get_bishop_attacks for square 4
occupancy after mask: 272384
occupancy after magic mul: 12764626998232350720
occupancy after shift: 22
attacks: 10240
get_rook_attacks for square 4
occupancy after mask: 4503599895810158
occupancy after magic mul: 10622042918875262976
occupancy after shift: 1179
attacks: 4136
get_bishop_attacks for square 2
occupancy after mask: 2560
occupancy after magic mul: 1175443006172430336
occupancy after shift: 2
attacks: 2560
get_bishop_attacks for square 5
occupancy after mask: 20480
occupancy after magic mul: 2930165545624227840
occupancy after shift: 5
attacks: 20480
get_rook_attacks for square 0
occupancy after mask: 281474976776574
occupancy after magic mul: 3306797234737065920
occupancy after shift: 734
attacks: 258
get_rook_attacks for square 7
occupancy after mask: 36028797027385470
occupancy after magic mul: 4553333150679318272
occupancy after shift: 1011
attacks: 32832
get_bishop_attacks for square 3
occupancy after mask: 2102272
occupancy after magic mul: 16216387500604694528
occupancy after shift: 28
attacks: 5120
get_rook_attacks for square 3
occupancy after mask: 2251799813687414
occupancy after magic mul: 1381021119838140534
occupancy after shift: 153
attacks: 2068
get_bishop_attacks for square 58
occupancy after mask: 2814749767106560
occupancy after magic mul: 2328361007350546432
occupancy after shift: 4
attacks: 2814749767106560
get_bishop_attacks for square 61
occupancy after mask: 22517998136852480
occupancy after magic mul: 2305843009213693952
occupancy after shift: 4
attacks: 22517998136852480
get_rook_attacks for square 56
occupancy after mask: 8503077571452272896
occupancy after magic mul: 1693846385522245888
occupancy after shift: 376
attacks: 144396663052566528
get_rook_attacks for square 63
occupancy after mask: 8538824893502881792
occupancy after magic mul: 11356544178996707328
occupancy after shift: 2521
attacks: 4647714815446351872
get_bishop_attacks for square 58
occupancy after mask: 2814749767106560
occupancy after magic mul: 2328361007350546432
occupancy after shift: 4
attacks: 2814749767106560
get_rook_attacks for square 58
occupancy after mask: 8215691620230890496
occupancy after magic mul: 17604150380800246784
occupancy after shift: 1954
attacks: 1874623344892968960
Enter makemove
get_bishop_attacks for square 4
occupancy after mask: 272384
occupancy after magic mul: 12764626998232350720
occupancy after shift: 22
attacks: 10240
get_rook_attacks for square 4
occupancy after mask: 4503599895810158
occupancy after magic mul: 10622042918875262976
occupancy after shift: 1179
attacks: 4136
get_bishop_attacks for square 2
occupancy after mask: 2560
occupancy after magic mul: 1175443006172430336
occupancy after shift: 2
attacks: 2560
get_bishop_attacks for square 5
occupancy after mask: 20480
occupancy after magic mul: 2930165545624227840
occupancy after shift: 5
attacks: 20480
get_rook_attacks for square 0
occupancy after mask: 281474976776574
occupancy after magic mul: 3306797234737065920
occupancy after shift: 734
attacks: 258
get_rook_attacks for square 7
occupancy after mask: 36028797027385470
occupancy after magic mul: 4553333150679318272
occupancy after shift: 1011
attacks: 32832
get_bishop_attacks for square 3
occupancy after mask: 2102272
occupancy after magic mul: 16216387500604694528
occupancy after shift: 28
attacks: 5120
get_rook_attacks for square 3
occupancy after mask: 2251799813687414
occupancy after magic mul: 1381021119838140534
occupancy after shift: 153
attacks: 2068
get_bishop_attacks for square 58
occupancy after mask: 2814749767106560
occupancy after magic mul: 2328361007350546432
occupancy after shift: 4
attacks: 2814749767106560
get_bishop_attacks for square 61
occupancy after mask: 22517998136852480
occupancy after magic mul: 2305843009213693952
occupancy after shift: 4
attacks: 22517998136852480
get_rook_attacks for square 56
occupancy after mask: 8503077571452272896
occupancy after magic mul: 1693846385522245888
occupancy after shift: 376
attacks: 144396663052566528
get_rook_attacks for square 63
occupancy after mask: 8538824893502881792
occupancy after magic mul: 11356544178996707328
occupancy after shift: 2521
attacks: 4647714815446351872
get_bishop_attacks for square 58
occupancy after mask: 2814749767106560
occupancy after magic mul: 2328361007350546432
occupancy after shift: 4
attacks: 2814749767106560
get_rook_attacks for square 58
occupancy after mask: 8215691620230890496
occupancy after magic mul: 17604150380800246784
occupancy after shift: 1954
attacks: 1874623344892968960
Enter makemove
get_bishop_attacks for square 4
occupancy after mask: 272384
occupancy after magic mul: 12764626998232350720
occupancy after shift: 22
attacks: 10240
get_rook_attacks for square 4
occupancy after mask: 4503599895810158
occupancy after magic mul: 10622042918875262976
occupancy after shift: 1179
attacks: 4136
get_bishop_attacks for square 2
occupancy after mask: 2560
occupancy after magic mul: 1175443006172430336
occupancy after shift: 2
attacks: 2560
get_bishop_attacks for square 5
occupancy after mask: 20480
occupancy after magic mul: 2930165545624227840
occupancy after shift: 5
attacks: 20480
get_rook_attacks for square 0
occupancy after mask: 281474976776574
occupancy after magic mul: 3306797234737065920
occupancy after shift: 734
attacks: 258
get_rook_attacks for square 7
occupancy after mask: 36028797027385470
occupancy after magic mul: 4553333150679318272
occupancy after shift: 1011
attacks: 32832
get_bishop_attacks for square 3
occupancy after mask: 2102272
occupancy after magic mul: 16216387500604694528
occupancy after shift: 28
attacks: 5120
get_rook_attacks for square 3
occupancy after mask: 2251799813687414
occupancy after magic mul: 1381021119838140534
occupancy after shift: 153
attacks: 2068
get_bishop_attacks for square 58
occupancy after mask: 2814749767106560
occupancy after magic mul: 2328361007350546432
occupancy after shift: 4
attacks: 2814749767106560
get_bishop_attacks for square 61
occupancy after mask: 22517998136852480
occupancy after magic mul: 2305843009213693952
occupancy after shift: 4
attacks: 22517998136852480
get_rook_attacks for square 56
occupancy after mask: 8503077571452272896
occupancy after magic mul: 1693846385522245888
occupancy after shift: 376
attacks: 144396663052566528
get_rook_attacks for square 63
occupancy after mask: 8538824893502881792
occupancy after magic mul: 11356544178996707328
occupancy after shift: 2521
attacks: 4647714815446351872
get_bishop_attacks for square 58
occupancy after mask: 2814749767106560
occupancy after magic mul: 2328361007350546432
occupancy after shift: 4
attacks: 2814749767106560
get_rook_attacks for square 58
occupancy after mask: 8215691620230890496
occupancy after magic mul: 17604150380800246784
occupancy after shift: 1954
attacks: 1874623344892968960
Enter makemove
get_bishop_attacks for square 4
occupancy after mask: 272384
occupancy after magic mul: 12764626998232350720
occupancy after shift: 22
attacks: 10240
get_rook_attacks for square 4
occupancy after mask: 4503599895810158
occupancy after magic mul: 10622042918875262976
occupancy after shift: 1179
attacks: 4136
get_bishop_attacks for square 2
occupancy after mask: 2560
occupancy after magic mul: 1175443006172430336
occupancy after shift: 2
attacks: 2560
get_bishop_attacks for square 5
occupancy after mask: 20480
occupancy after magic mul: 2930165545624227840
occupancy after shift: 5
attacks: 20480
get_rook_attacks for square 0
occupancy after mask: 281474976776574
occupancy after magic mul: 3306797234737065920
occupancy after shift: 734
attacks: 258
get_rook_attacks for square 7
occupancy after mask: 36028797027385470
occupancy after magic mul: 4553333150679318272
occupancy after shift: 1011
attacks: 32832
get_bishop_attacks for square 3
occupancy after mask: 2102272
occupancy after magic mul: 16216387500604694528
occupancy after shift: 28
attacks: 5120
get_rook_attacks for square 3
occupancy after mask: 2251799813687414
occupancy after magic mul: 1381021119838140534
occupancy after shift: 153
attacks: 2068
get_bishop_attacks for square 58
occupancy after mask: 2814749767106560
occupancy after magic mul: 2328361007350546432
occupancy after shift: 4
attacks: 2814749767106560
get_bishop_attacks for square 61
occupancy after mask: 22517998136852480
occupancy after magic mul: 2305843009213693952
occupancy after shift: 4
attacks: 22517998136852480
get_rook_attacks for square 56
occupancy after mask: 8503077571452272896
occupancy after magic mul: 1693846385522245888
occupancy after shift: 376
attacks: 144396663052566528
get_rook_attacks for square 63
occupancy after mask: 8538824893502881792
occupancy after magic mul: 11356544178996707328
occupancy after shift: 2521
attacks: 4647714815446351872
get_bishop_attacks for square 58
occupancy after mask: 2814749767106560
occupancy after magic mul: 2328361007350546432
occupancy after shift: 4
attacks: 2814749767106560
get_rook_attacks for square 58
occupancy after mask: 8215691620230890496
occupancy after magic mul: 17604150380800246784
occupancy after shift: 1954
attacks: 1874623344892968960
Enter makemove
get_bishop_attacks for square 4
occupancy after mask: 272384
occupancy after magic mul: 12764626998232350720
occupancy after shift: 22
attacks: 10240
get_rook_attacks for square 4
occupancy after mask: 4503599627374702
occupancy after magic mul: 10604027970609967104
occupancy after shift: 1177
attacks: 4136
get_bishop_attacks for square 2
occupancy after mask: 2560
occupancy after magic mul: 1175443006172430336
occupancy after shift: 2
attacks: 2560
get_bishop_attacks for square 5
occupancy after mask: 20480
occupancy after magic mul: 2930165545624227840
occupancy after shift: 5
attacks: 20480
get_rook_attacks for square 0
occupancy after mask: 281474976776574
occupancy after magic mul: 3306797234737065920
occupancy after shift: 734
attacks: 258
get_rook_attacks for square 7
occupancy after mask: 36028797027385470
occupancy after magic mul: 4553333150679318272
occupancy after shift: 1011
attacks: 32832
get_bishop_attacks for square 3
occupancy after mask: 2102272
occupancy after magic mul: 16216387500604694528
occupancy after shift: 28
attacks: 5120
get_rook_attacks for square 3
occupancy after mask: 2251799813687414
occupancy after magic mul: 1381021119838140534
occupancy after shift: 153
attacks: 2068
get_bishop_attacks for square 58
occupancy after mask: 2814749767106560
occupancy after magic mul: 2328361007350546432
occupancy after shift: 4
attacks: 2814749767106560
get_bishop_attacks for square 61
occupancy after mask: 22517998136852480
occupancy after magic mul: 2305843009213693952
occupancy after shift: 4
attacks: 22517998136852480
get_rook_attacks for square 56
occupancy after mask: 8503077571452272896
occupancy after magic mul: 1693846385522245888
occupancy after shift: 376
attacks: 144396663052566528
get_rook_attacks for square 63
occupancy after mask: 8538824893502881792
occupancy after magic mul: 11356544178996707328
occupancy after shift: 2521
attacks: 4647714815446351872
get_bishop_attacks for square 58
occupancy after mask: 2814749767106560
occupancy after magic mul: 2328361007350546432
occupancy after shift: 4
attacks: 2814749767106560
get_rook_attacks for square 58
occupancy after mask: 8215691620230890496
occupancy after magic mul: 17604150380800246784
occupancy after shift: 1954
attacks: 1874623344892968960
Enter makemove
get_bishop_attacks for square 4
occupancy after mask: 272384
occupancy after magic mul: 12764626998232350720
occupancy after shift: 22
attacks: 10240
get_rook_attacks for square 4
occupancy after mask: 4503599627374702
occupancy after magic mul: 10604027970609967104
occupancy after shift: 1177
attacks: 4136
get_bishop_attacks for square 2
occupancy after mask: 2560
occupancy after magic mul: 1175443006172430336
occupancy after shift: 2
attacks: 2560
get_bishop_attacks for square 5
occupancy after mask: 20480
occupancy after magic mul: 2930165545624227840
occupancy after shift: 5
attacks: 20480
get_rook_attacks for square 0
occupancy after mask: 281474976776574
occupancy after magic mul: 3306797234737065920
occupancy after shift: 734
attacks: 258
get_rook_attacks for square 7
occupancy after mask: 36028797027385470
occupancy after magic mul: 4553333150679318272
occupancy after shift: 1011
attacks: 32832
get_bishop_attacks for square 3
occupancy after mask: 2102272
occupancy after magic mul: 16216387500604694528
occupancy after shift: 28
attacks: 5120
get_rook_attacks for square 3
occupancy after mask: 2251799813687414
occupancy after magic mul: 1381021119838140534
occupancy after shift: 153
attacks: 2068
get_bishop_attacks for square 58
occupancy after mask: 2814749767106560
occupancy after magic mul: 2328361007350546432
occupancy after shift: 4
attacks: 2814749767106560
get_bishop_attacks for square 61
occupancy after mask: 22517998136852480
occupancy after magic mul: 2305843009213693952
occupancy after shift: 4
attacks: 22517998136852480
get_rook_attacks for square 56
occupancy after mask: 8503077571452272896
occupancy after magic mul: 1693846385522245888
occupancy after shift: 376
attacks: 144396663052566528
get_rook_attacks for square 63
occupancy after mask: 8538824893502881792
occupancy after magic mul: 11356544178996707328
occupancy after shift: 2521
attacks: 4647714815446351872
get_bishop_attacks for square 58
occupancy after mask: 2814749767106560
occupancy after magic mul: 2328361007350546432
occupancy after shift: 4
attacks: 2814749767106560
get_rook_attacks for square 58
occupancy after mask: 8215691620230890496
occupancy after magic mul: 17604150380800246784
occupancy after shift: 1954
attacks: 1874623344892968960
Enter makemove
get_bishop_attacks for square 4
occupancy after mask: 272384
occupancy after magic mul: 12764626998232350720
occupancy after shift: 22
attacks: 10240
get_rook_attacks for square 4
occupancy after mask: 4503599895810158
occupancy after magic mul: 10622042918875262976
occupancy after shift: 1179
attacks: 4136
get_bishop_attacks for square 2
occupancy after mask: 2560
occupancy after magic mul: 1175443006172430336
occupancy after shift: 2
attacks: 2560
get_bishop_attacks for square 5
occupancy after mask: 20480
occupancy after magic mul: 2930165545624227840
occupancy after shift: 5
attacks: 20480
get_rook_attacks for square 0
occupancy after mask: 281474976776574
occupancy after magic mul: 3306797234737065920
occupancy after shift: 734
attacks: 258
get_rook_attacks for square 7
occupancy after mask: 36028797027385470
occupancy after magic mul: 4553333150679318272
occupancy after shift: 1011
attacks: 32832
get_bishop_attacks for square 3
occupancy after mask: 2102272
occupancy after magic mul: 16216387500604694528
occupancy after shift: 28
attacks: 5120
get_rook_attacks for square 3
occupancy after mask: 2251799813687414
occupancy after magic mul: 1381021119838140534
occupancy after shift: 153
attacks: 2068
get_bishop_attacks for square 58
occupancy after mask: 2814749767106560
occupancy after magic mul: 2328361007350546432
occupancy after shift: 4
attacks: 2814749767106560
get_bishop_attacks for square 61
occupancy after mask: 22517998136852480
occupancy after magic mul: 2305843009213693952
occupancy after shift: 4
attacks: 22517998136852480
get_rook_attacks for square 56
occupancy after mask: 8503077571452272896
occupancy after magic mul: 1693846385522245888
occupancy after shift: 376
attacks: 144396663052566528
get_rook_attacks for square 63
occupancy after mask: 8538824893502881792
occupancy after magic mul: 11356544178996707328
occupancy after shift: 2521
attacks: 4647714815446351872
get_bishop_attacks for square 58
occupancy after mask: 2814749767106560
occupancy after magic mul: 2328361007350546432
occupancy after shift: 4
attacks: 2814749767106560
get_rook_attacks for square 58
occupancy after mask: 8215691620230890496
occupancy after magic mul: 17604150380800246784
occupancy after shift: 1954
attacks: 1874623344892968960
Enter makemove
get_bishop_attacks for square 4
occupancy after mask: 272384
occupancy after magic mul: 12764626998232350720
occupancy after shift: 22
attacks: 10240
get_rook_attacks for square 4
occupancy after mask: 4503599895810158
occupancy after magic mul: 10622042918875262976
occupancy after shift: 1179
attacks: 4136
get_bishop_attacks for square 2
occupancy after mask: 2560
occupancy after magic mul: 1175443006172430336
occupancy after shift: 2
attacks: 2560
get_bishop_attacks for square 5
occupancy after mask: 20480
occupancy after magic mul: 2930165545624227840
occupancy after shift: 5
attacks: 20480
get_rook_attacks for square 0
occupancy after mask: 281474976776574
occupancy after magic mul: 3306797234737065920
occupancy after shift: 734
attacks: 258
get_rook_attacks for square 7
occupancy after mask: 36028797027385470
occupancy after magic mul: 4553333150679318272
occupancy after shift: 1011
attacks: 32832
get_bishop_attacks for square 3
occupancy after mask: 2102272
occupancy after magic mul: 16216387500604694528
occupancy after shift: 28
attacks: 5120
get_rook_attacks for square 3
occupancy after mask: 2251799813687414
occupancy after magic mul: 1381021119838140534
occupancy after shift: 153
attacks: 2068
get_bishop_attacks for square 58
occupancy after mask: 2814749767106560
occupancy after magic mul: 2328361007350546432
occupancy after shift: 4
attacks: 2814749767106560
get_bishop_attacks for square 61
occupancy after mask: 22517998136852480
occupancy after magic mul: 2305843009213693952
occupancy after shift: 4
attacks: 22517998136852480
get_rook_attacks for square 56
occupancy after mask: 8503077571452272896
occupancy after magic mul: 1693846385522245888
occupancy after shift: 376
attacks: 144396663052566528
get_rook_attacks for square 63
occupancy after mask: 8538824893502881792
occupancy after magic mul: 11356544178996707328
occupancy after shift: 2521
attacks: 4647714815446351872
get_bishop_attacks for square 58
occupancy after mask: 2814749767106560
occupancy after magic mul: 2328361007350546432
occupancy after shift: 4
attacks: 2814749767106560
get_rook_attacks for square 58
occupancy after mask: 8215691620230890496
occupancy after magic mul: 17604150380800246784
occupancy after shift: 1954
attacks: 1874623344892968960
Enter makemove
get_bishop_attacks for square 4
occupancy after mask: 272384
occupancy after magic mul: 12764626998232350720
occupancy after shift: 22
attacks: 10240
get_rook_attacks for square 4
occupancy after mask: 4503599895810126
occupancy after magic mul: 4857347432763256832
occupancy after shift: 539
attacks: 4200
get_bishop_attacks for square 2
occupancy after mask: 2560
occupancy after magic mul: 1175443006172430336
occupancy after shift: 2
attacks: 2560
get_bishop_attacks for square 12
occupancy after mask: 2097152
occupancy after magic mul: 9268548822156443648
occupancy after shift: 16
attacks: 1108171292712
get_rook_attacks for square 0
occupancy after mask: 281474976776542
occupancy after magic mul: 15988837028354534336
occupancy after shift: 3550
attacks: 258
get_rook_attacks for square 7
occupancy after mask: 36028797027385438
occupancy after magic mul: 3400407213129346816
occupancy after shift: 755
attacks: 32832
get_bishop_attacks for square 3
occupancy after mask: 2102272
occupancy after magic mul: 16216387500604694528
occupancy after shift: 28
attacks: 5120
get_rook_attacks for square 3
occupancy after mask: 2251799813687382
occupancy after magic mul: 9451328715305957462
occupancy after shift: 1049
attacks: 2068
get_bishop_attacks for square 58
occupancy after mask: 2814749767106560
occupancy after magic mul: 2328361007350546432
occupancy after shift: 4
attacks: 2814749767106560
get_bishop_attacks for square 61
occupancy after mask: 22517998136852480
occupancy after magic mul: 2305843009213693952
occupancy after shift: 4
attacks: 22517998136852480
get_rook_attacks for square 56
occupancy after mask: 8503077571452272896
occupancy after magic mul: 1693846385522245888
occupancy after shift: 376
attacks: 144396663052566528
get_rook_attacks for square 63
occupancy after mask: 8538824893502881792
occupancy after magic mul: 11356544178996707328
occupancy after shift: 2521
attacks: 4647714815446351872
get_bishop_attacks for square 58
occupancy after mask: 2814749767106560
occupancy after magic mul: 2328361007350546432
occupancy after shift: 4
attacks: 2814749767106560
get_rook_attacks for square 58
occupancy after mask: 8215691620230890496
occupancy after magic mul: 17604150380800246784
occupancy after shift: 1954
attacks: 1874623344892968960
Enter makemove
get_bishop_attacks for square 4
occupancy after mask: 272384
occupancy after magic mul: 12764626998232350720
occupancy after shift: 22
attacks: 10240
get_rook_attacks for square 4
occupancy after mask: 4503599895810126
occupancy after magic mul: 4857347432763256832
occupancy after shift: 539
attacks: 4200
get_bishop_attacks for square 2
occupancy after mask: 2560
occupancy after magic mul: 1175443006172430336
occupancy after shift: 2
attacks: 2560
get_bishop_attacks for square 14
occupancy after mask: 562950223953920
occupancy after magic mul: 6595101095922499584
occupancy after shift: 11
attacks: 10485920
get_rook_attacks for square 0
occupancy after mask: 281474976776542
occupancy after magic mul: 15988837028354534336
occupancy after shift: 3550
attacks: 258
get_rook_attacks for square 7
occupancy after mask: 36028797027385438
occupancy after magic mul: 3400407213129346816
occupancy after shift: 755
attacks: 32832
get_bishop_attacks for square 3
occupancy after mask: 2102272
occupancy after magic mul: 16216387500604694528
occupancy after shift: 28
attacks: 5120
get_rook_attacks for square 3
occupancy after mask: 2251799813687382
occupancy after magic mul: 9451328715305957462
occupancy after shift: 1049
attacks: 2068
get_bishop_attacks for square 58
occupancy after mask: 2814749767106560
occupancy after magic mul: 2328361007350546432
occupancy after shift: 4
attacks: 2814749767106560
get_bishop_attacks for square 61
occupancy after mask: 22517998136852480
occupancy after magic mul: 2305843009213693952
occupancy after shift: 4
attacks: 22517998136852480
get_rook_attacks for square 56
occupancy after mask: 8503077571452272896
occupancy after magic mul: 1693846385522245888
occupancy after shift: 376
attacks: 144396663052566528
get_rook_attacks for square 63
occupancy after mask: 8538824893502881792
occupancy after magic mul: 11356544178996707328
occupancy after shift: 2521
attacks: 4647714815446351872
get_bishop_attacks for square 58
occupancy after mask: 2814749767106560
occupancy after magic mul: 2328361007350546432
occupancy after shift: 4
attacks: 2814749767106560
get_rook_attacks for square 58
occupancy after mask: 8215691620230890496
occupancy after magic mul: 17604150380800246784
occupancy after shift: 1954
attacks: 1874623344892968960
Enter makemove
get_bishop_attacks for square 4
occupancy after mask: 272384
occupancy after magic mul: 12764626998232350720
occupancy after shift: 22
attacks: 10240
get_rook_attacks for square 4
occupancy after mask: 4503599895810158
occupancy after magic mul: 10622042918875262976
occupancy after shift: 1179
attacks: 4136
get_bishop_attacks for square 2
occupancy after mask: 2560
occupancy after magic mul: 1175443006172430336
occupancy after shift: 2
attacks: 2560
get_bishop_attacks for square 5
occupancy after mask: 20480
occupancy after magic mul: 2930165545624227840
occupancy after shift: 5
attacks: 20480
get_rook_attacks for square 1
occupancy after mask: 562949953421948
occupancy after magic mul: 361052204864340604
occupancy after shift: 40
attacks: 517
get_rook_attacks for square 7
occupancy after mask: 36028797027385470
occupancy after magic mul: 4553333150679318272
occupancy after shift: 1011
attacks: 32832
get_bishop_attacks for square 3
occupancy after mask: 2102272
occupancy after magic mul: 16216387500604694528
occupancy after shift: 28
attacks: 5120
get_rook_attacks for square 3
occupancy after mask: 2251799813687414
occupancy after magic mul: 1381021119838140534
occupancy after shift: 153
attacks: 2068
get_bishop_attacks for square 58
occupancy after mask: 2814749767106560
occupancy after magic mul: 2328361007350546432
occupancy after shift: 4
attacks: 2814749767106560
get_bishop_attacks for square 61
occupancy after mask: 22517998136852480
occupancy after magic mul: 2305843009213693952
occupancy after shift: 4
attacks: 22517998136852480
get_rook_attacks for square 56
occupancy after mask: 8503077571452272896
occupancy after magic mul: 1693846385522245888
occupancy after shift: 376
attacks: 144396663052566528
get_rook_attacks for square 63
occupancy after mask: 8538824893502881792
occupancy after magic mul: 11356544178996707328
occupancy after shift: 2521
attacks: 4647714815446351872
get_bishop_attacks for square 58
occupancy after mask: 2814749767106560
occupancy after magic mul: 2328361007350546432
occupancy after shift: 4
attacks: 2814749767106560
get_rook_attacks for square 58
occupancy after mask: 8215691620230890496
occupancy after magic mul: 17604150380800246784
occupancy after shift: 1954
attacks: 1874623344892968960
Enter makemove
get_bishop_attacks for square 4
occupancy after mask: 272384
occupancy after magic mul: 12764626998232350720
occupancy after shift: 22
attacks: 10240
get_rook_attacks for square 4
occupancy after mask: 4503599895810158
occupancy after magic mul: 10622042918875262976
occupancy after shift: 1179
attacks: 4136
get_bishop_attacks for square 2
occupancy after mask: 2560
occupancy after magic mul: 1175443006172430336
occupancy after shift: 2
attacks: 2560
get_bishop_attacks for square 5
occupancy after mask: 20480
occupancy after magic mul: 2930165545624227840
occupancy after shift: 5
attacks: 20480
get_rook_attacks for square 7
occupancy after mask: 36028797027385470
occupancy after magic mul: 4553333150679318272
occupancy after shift: 1011
attacks: 32832
get_rook_attacks for square 8
occupancy after mask: 281474976808448
occupancy after magic mul: 13777847576928557056
occupancy after shift: 1529
attacks: 66049
get_bishop_attacks for square 3
occupancy after mask: 2102272
occupancy after magic mul: 16216387500604694528
occupancy after shift: 28
attacks: 5120
get_rook_attacks for square 3
occupancy after mask: 2251799813687414
occupancy after magic mul: 1381021119838140534
occupancy after shift: 153
attacks: 2068
get_bishop_attacks for square 58
occupancy after mask: 2814749767106560
occupancy after magic mul: 2328361007350546432
occupancy after shift: 4
attacks: 2814749767106560
get_bishop_attacks for square 61
occupancy after mask: 22517998136852480
occupancy after magic mul: 2305843009213693952
occupancy after shift: 4
attacks: 22517998136852480
get_rook_attacks for square 56
occupancy after mask: 8503077571452272896
occupancy after magic mul: 1693846385522245888
occupancy after shift: 376
attacks: 144396663052566528
get_rook_attacks for square 63
occupancy after mask: 8538824893502881792
occupancy after magic mul: 11356544178996707328
occupancy after shift: 2521
attacks: 4647714815446351872
get_bishop_attacks for square 58
occupancy after mask: 2814749767106560
occupancy after magic mul: 2328361007350546432
occupancy after shift: 4
attacks: 2814749767106560
get_rook_attacks for square 58
occupancy after mask: 8215691620230890496
occupancy after magic mul: 17604150380800246784
occupancy after shift: 1954
attacks: 1874623344892968960
Enter makemove
get_bishop_attacks for square 4
occupancy after mask: 272384
occupancy after magic mul: 12764626998232350720
occupancy after shift: 22
attacks: 10240
get_rook_attacks for square 4
occupancy after mask: 4503599895810158
occupancy after magic mul: 10622042918875262976
occupancy after shift: 1179
attacks: 4136
get_bishop_attacks for square 2
occupancy after mask: 2560
occupancy after magic mul: 1175443006172430336
occupancy after shift: 2
attacks: 2560
get_bishop_attacks for square 5
occupancy after mask: 20480
occupancy after magic mul: 2930165545624227840
occupancy after shift: 5
attacks: 20480
get_rook_attacks for square 0
occupancy after mask: 281474976776574
occupancy after magic mul: 3306797234737065920
occupancy after shift: 734
attacks: 258
get_rook_attacks for square 6
occupancy after mask: 18014398509498430
occupancy after magic mul: 13510935497540894464
occupancy after shift: 1500
attacks: 16544
get_bishop_attacks for square 3
occupancy after mask: 2102272
occupancy after magic mul: 16216387500604694528
occupancy after shift: 28
attacks: 5120
get_rook_attacks for square 3
occupancy after mask: 2251799813687414
occupancy after magic mul: 1381021119838140534
occupancy after shift: 153
attacks: 2068
get_bishop_attacks for square 58
occupancy after mask: 2814749767106560
occupancy after magic mul: 2328361007350546432
occupancy after shift: 4
attacks: 2814749767106560
get_bishop_attacks for square 61
occupancy after mask: 22517998136852480
occupancy after magic mul: 2305843009213693952
occupancy after shift: 4
attacks: 22517998136852480
get_rook_attacks for square 56
occupancy after mask: 8503077571452272896
occupancy after magic mul: 1693846385522245888
occupancy after shift: 376
attacks: 144396663052566528
get_rook_attacks for square 63
occupancy after mask: 8538824893502881792
occupancy after magic mul: 11356544178996707328
occupancy after shift: 2521
attacks: 4647714815446351872
get_bishop_attacks for square 58
occupancy after mask: 2814749767106560
occupancy after magic mul: 2328361007350546432
occupancy after shift: 4
attacks: 2814749767106560
get_rook_attacks for square 58
occupancy after mask: 8215691620230890496
occupancy after magic mul: 17604150380800246784
occupancy after shift: 1954
attacks: 1874623344892968960
Enter makemove
get_bishop_attacks for square 4
occupancy after mask: 272384
occupancy after magic mul: 12764626998232350720
occupancy after shift: 22
attacks: 10240
get_rook_attacks for square 4
occupancy after mask: 4503599895810158
occupancy after magic mul: 10622042918875262976
occupancy after shift: 1179
attacks: 4136
get_bishop_attacks for square 2
occupancy after mask: 2560
occupancy after magic mul: 1175443006172430336
occupancy after shift: 2
attacks: 2560
get_bishop_attacks for square 5
occupancy after mask: 20480
occupancy after magic mul: 2930165545624227840
occupancy after shift: 5
attacks: 20480
get_rook_attacks for square 0
occupancy after mask: 281474976776574
occupancy after magic mul: 3306797234737065920
occupancy after shift: 734
attacks: 258
get_rook_attacks for square 15
occupancy after mask: 36028797027384832
occupancy after magic mul: 14956522671280487424
occupancy after shift: 1660
attacks: 8405120
get_bishop_attacks for square 3
occupancy after mask: 2102272
occupancy after magic mul: 16216387500604694528
occupancy after shift: 28
attacks: 5120
get_rook_attacks for square 3
occupancy after mask: 2251799813687414
occupancy after magic mul: 1381021119838140534
occupancy after shift: 153
attacks: 2068
get_bishop_attacks for square 58
occupancy after mask: 2814749767106560
occupancy after magic mul: 2328361007350546432
occupancy after shift: 4
attacks: 2814749767106560
get_bishop_attacks for square 61
occupancy after mask: 22517998136852480
occupancy after magic mul: 2305843009213693952
occupancy after shift: 4
attacks: 22517998136852480
get_rook_attacks for square 56
occupancy after mask: 8503077571452272896
occupancy after magic mul: 1693846385522245888
occupancy after shift: 376
attacks: 144396663052566528
get_rook_attacks for square 63
occupancy after mask: 8538824893502881792
occupancy after magic mul: 11356544178996707328
occupancy after shift: 2521
attacks: 4647714815446351872
get_bishop_attacks for square 58
occupancy after mask: 2814749767106560
occupancy after magic mul: 2328361007350546432
occupancy after shift: 4
attacks: 2814749767106560
get_rook_attacks for square 58
occupancy after mask: 8215691620230890496
occupancy after magic mul: 17604150380800246784
occupancy after shift: 1954
attacks: 1874623344892968960
Enter makemove
get_bishop_attacks for square 4
occupancy after mask: 272384
occupancy after magic mul: 12764626998232350720
occupancy after shift: 22
attacks: 10240
get_rook_attacks for square 4
occupancy after mask: 4503599895810150
occupancy after magic mul: 9180869047347261440
occupancy after shift: 1019
attacks: 4140
get_bishop_attacks for square 2
occupancy after mask: 2560
occupancy after magic mul: 1175443006172430336
occupancy after shift: 2
attacks: 2560
get_bishop_attacks for square 5
occupancy after mask: 20480
occupancy after magic mul: 2930165545624227840
occupancy after shift: 5
attacks: 20480
get_rook_attacks for square 0
occupancy after mask: 281474976776566
occupancy after magic mul: 15700679219996208832
occupancy after shift: 3486
attacks: 258
get_rook_attacks for square 7
occupancy after mask: 36028797027385462
occupancy after magic mul: 18100159721573989120
occupancy after shift: 4019
attacks: 32832
get_bishop_attacks for square 2
occupancy after mask: 2560
occupancy after magic mul: 1175443006172430336
occupancy after shift: 2
attacks: 2560
get_rook_attacks for square 2
occupancy after mask: 1125899907105906
occupancy after magic mul: 17550105996184198272
occupancy after shift: 1948
attacks: 1050
get_bishop_attacks for square 58
occupancy after mask: 2814749767106560
occupancy after magic mul: 2328361007350546432
occupancy after shift: 4
attacks: 2814749767106560
get_bishop_attacks for square 61
occupancy after mask: 22517998136852480
occupancy after magic mul: 2305843009213693952
occupancy after shift: 4
attacks: 22517998136852480
get_rook_attacks for square 56
occupancy after mask: 8503077571452272896
occupancy after magic mul: 1693846385522245888
occupancy after shift: 376
attacks: 144396663052566528
get_rook_attacks for square 63
occupancy after mask: 8538824893502881792
occupancy after magic mul: 11356544178996707328
occupancy after shift: 2521
attacks: 4647714815446351872
get_bishop_attacks for square 58
occupancy after mask: 2814749767106560
occupancy after magic mul: 2328361007350546432
occupancy after shift: 4
attacks: 2814749767106560
get_rook_attacks for square 58
occupancy after mask: 8215691620230890496
occupancy after magic mul: 17604150380800246784
occupancy after shift: 1954
attacks: 1874623344892968960
Enter makemove
get_bishop_attacks for square 4
occupancy after mask: 272384
occupancy after magic mul: 12764626998232350720
occupancy after shift: 22
attacks: 10240
get_rook_attacks for square 4
occupancy after mask: 4503599895810150
occupancy after magic mul: 9180869047347261440
occupancy after shift: 1019
attacks: 4140
get_bishop_attacks for square 2
occupancy after mask: 2560
occupancy after magic mul: 1175443006172430336
occupancy after shift: 2
attacks: 2560
get_bishop_attacks for square 5
occupancy after mask: 20480
occupancy after magic mul: 2930165545624227840
occupancy after shift: 5
attacks: 20480
get_rook_attacks for square 0
occupancy after mask: 281474976776566
occupancy after magic mul: 15700679219996208832
occupancy after shift: 3486
attacks: 258
get_rook_attacks for square 7
occupancy after mask: 36028797027385462
occupancy after magic mul: 18100159721573989120
occupancy after shift: 4019
attacks: 32832
get_bishop_attacks for square 4
occupancy after mask: 272384
occupancy after magic mul: 12764626998232350720
occupancy after shift: 22
attacks: 10240
get_rook_attacks for square 4
occupancy after mask: 4503599895810150
occupancy after magic mul: 9180869047347261440
occupancy after shift: 1019
attacks: 4140
get_bishop_attacks for square 58
occupancy after mask: 2814749767106560
occupancy after magic mul: 2328361007350546432
occupancy after shift: 4
attacks: 2814749767106560
get_bishop_attacks for square 61
occupancy after mask: 22517998136852480
occupancy after magic mul: 2305843009213693952
occupancy after shift: 4
attacks: 22517998136852480
get_rook_attacks for square 56
occupancy after mask: 8503077571452272896
occupancy after magic mul: 1693846385522245888
occupancy after shift: 376
attacks: 144396663052566528
get_rook_attacks for square 63
occupancy after mask: 8538824893502881792
occupancy after magic mul: 11356544178996707328
occupancy after shift: 2521
attacks: 4647714815446351872
get_bishop_attacks for square 58
occupancy after mask: 2814749767106560
occupancy after magic mul: 2328361007350546432
occupancy after shift: 4
attacks: 2814749767106560
get_rook_attacks for square 58
occupancy after mask: 8215691620230890496
occupancy after magic mul: 17604150380800246784
occupancy after shift: 1954
attacks: 1874623344892968960
Enter makemove
get_bishop_attacks for square 4
occupancy after mask: 272384
occupancy after magic mul: 12764626998232350720
occupancy after shift: 22
attacks: 10240
get_rook_attacks for square 4
occupancy after mask: 4503599895810150
occupancy after magic mul: 9180869047347261440
occupancy after shift: 1019
attacks: 4140
get_bishop_attacks for square 2
occupancy after mask: 2560
occupancy after magic mul: 1175443006172430336
occupancy after shift: 2
attacks: 2560
get_bishop_attacks for square 5
occupancy after mask: 20480
occupancy after magic mul: 2930165545624227840
occupancy after shift: 5
attacks: 20480
get_rook_attacks for square 0
occupancy after mask: 281474976776566
occupancy after magic mul: 15700679219996208832
occupancy after shift: 3486
attacks: 258
get_rook_attacks for square 7
occupancy after mask: 36028797027385462
occupancy after magic mul: 18100159721573989120
occupancy after shift: 4019
attacks: 32832
get_bishop_attacks for square 10
occupancy after mask: 268435456
occupancy after magic mul: 653197872124133376
occupancy after shift: 1
attacks: 285868042
get_rook_attacks for square 10
occupancy after mask: 1125899907136000
occupancy after magic mul: 2130013667861725184
occupancy after shift: 118
attacks: 264708
get_bishop_attacks for square 58
occupancy after mask: 2814749767106560
occupancy after magic mul: 2328361007350546432
occupancy after shift: 4
attacks: 2814749767106560
get_bishop_attacks for square 61
occupancy after mask: 22517998136852480
occupancy after magic mul: 2305843009213693952
occupancy after shift: 4
attacks: 22517998136852480
get_rook_attacks for square 56
occupancy after mask: 8503077571452272896
occupancy after magic mul: 1693846385522245888
occupancy after shift: 376
attacks: 144396663052566528
get_rook_attacks for square 63
occupancy after mask: 8538824893502881792
occupancy after magic mul: 11356544178996707328
occupancy after shift: 2521
attacks: 4647714815446351872
get_bishop_attacks for square 58
occupancy after mask: 2814749767106560
occupancy after magic mul: 2328361007350546432
occupancy after shift: 4
attacks: 2814749767106560
get_rook_attacks for square 58
occupancy after mask: 8215691620230890496
occupancy after magic mul: 17604150380800246784
occupancy after shift: 1954
attacks: 1874623344892968960
Enter makemove
get_bishop_attacks for square 4
occupancy after mask: 272384
occupancy after magic mul: 12764626998232350720
occupancy after shift: 22
attacks: 10240
get_rook_attacks for square 4
occupancy after mask: 4503599895810150
occupancy after magic mul: 9180869047347261440
occupancy after shift: 1019
attacks: 4140
get_bishop_attacks for square 2
occupancy after mask: 2560
occupancy after magic mul: 1175443006172430336
occupancy after shift: 2
attacks: 2560
get_bishop_attacks for square 5
occupancy after mask: 20480
occupancy after magic mul: 2930165545624227840
occupancy after shift: 5
attacks: 20480
get_rook_attacks for square 0
occupancy after mask: 281474976776566
occupancy after magic mul: 15700679219996208832
occupancy after shift: 3486
attacks: 258
get_rook_attacks for square 7
occupancy after mask: 36028797027385462
occupancy after magic mul: 18100159721573989120
occupancy after shift: 4019
attacks: 32832
get_bishop_attacks for square 11
occupancy after mask: 262144
occupancy after magic mul: 2342435374686535680
occupancy after shift: 4
attacks: 141012904443924
get_rook_attacks for square 11
occupancy after mask: 2251799813715456
occupancy after magic mul: 15494069400667865088
occupancy after shift: 860
attacks: 2260630401192968
get_bishop_attacks for square 58
occupancy after mask: 2814749767106560
occupancy after magic mul: 2328361007350546432
occupancy after shift: 4
attacks: 2814749767106560
get_bishop_attacks for square 61
occupancy after mask: 22517998136852480
occupancy after magic mul: 2305843009213693952
occupancy after shift: 4
attacks: 22517998136852480
get_rook_attacks for square 56
occupancy after mask: 8503077571452272896
occupancy after magic mul: 1693846385522245888
occupancy after shift: 376
attacks: 144396663052566528
get_rook_attacks for square 63
occupancy after mask: 8538824893502881792
occupancy after magic mul: 11356544178996707328
occupancy after shift: 2521
attacks: 4647714815446351872
get_bishop_attacks for square 58
occupancy after mask: 2814749767106560
occupancy after magic mul: 2328361007350546432
occupancy after shift: 4
attacks: 2814749767106560
get_rook_attacks for square 58
occupancy after mask: 8215691620230890496
occupancy after magic mul: 17604150380800246784
occupancy after shift: 1954
attacks: 1874623344892968960
Enter makemove
get_bishop_attacks for square 4
occupancy after mask: 272384
occupancy after magic mul: 12764626998232350720
occupancy after shift: 22
attacks: 10240
get_rook_attacks for square 4
occupancy after mask: 4503599895810150
occupancy after magic mul: 9180869047347261440
occupancy after shift: 1019
attacks: 4140
get_bishop_attacks for square 2
occupancy after mask: 2560
occupancy after magic mul: 1175443006172430336
occupancy after shift: 2
attacks: 2560
get_bishop_attacks for square 5
occupancy after mask: 20480
occupancy after magic mul: 2930165545624227840
occupancy after shift: 5
attacks: 20480
get_rook_attacks for square 0
occupancy after mask: 281474976776566
occupancy after magic mul: 15700679219996208832
occupancy after shift: 3486
attacks: 258
get_rook_attacks for square 7
occupancy after mask: 36028797027385462
occupancy after magic mul: 18100159721573989120
occupancy after shift: 4019
attacks: 32832
get_bishop_attacks for square 12
occupancy after mask: 2097152
occupancy after magic mul: 9268548822156443648
occupancy after shift: 16
attacks: 1108171292712
get_rook_attacks for square 12
occupancy after mask: 4503599895834112
occupancy after magic mul: 11169965056600768512
occupancy after shift: 620
attacks: 269494288
get_bishop_attacks for square 58
occupancy after mask: 2814749767106560
occupancy after magic mul: 2328361007350546432
occupancy after shift: 4
attacks: 2814749767106560
get_bishop_attacks for square 61
occupancy after mask: 22517998136852480
occupancy after magic mul: 2305843009213693952
occupancy after shift: 4
attacks: 22517998136852480
get_rook_attacks for square 56
occupancy after mask: 8503077571452272896
occupancy after magic mul: 1693846385522245888
occupancy after shift: 376
attacks: 144396663052566528
get_rook_attacks for square 63
occupancy after mask: 8538824893502881792
occupancy after magic mul: 11356544178996707328
occupancy after shift: 2521
attacks: 4647714815446351872
get_bishop_attacks for square 58
occupancy after mask: 2814749767106560
occupancy after magic mul: 2328361007350546432
occupancy after shift: 4
attacks: 2814749767106560
get_rook_attacks for square 58
occupancy after mask: 8215691620230890496
occupancy after magic mul: 17604150380800246784
occupancy after shift: 1954
attacks: 1874623344892968960
Undoing move: d8c8
Searching move 3: a8b8
Enter makemove
get_bishop_attacks for square 60
occupancy after mask: 11258999068426240
occupancy after magic mul: 2938598756859248640
occupancy after shift: 5
attacks: 11258999068426240
get_rook_attacks for square 60
occupancy after mask: 7930838944067883008
occupancy after magic mul: 4405225506530664448
occupancy after shift: 489
attacks: 2886807361144487936
Enter alpha_beta_search
Entering alpha_beta_search function (current_depth 0, max_depth 2)
tt.probe called with key = 1255859369261019192, num_entries = 18350080
calculated index = 5124152
Accessing table[index].key
get_bishop_attacks for square 2
occupancy after mask: 2560
occupancy after magic mul: 1175443006172430336
occupancy after shift: 2
attacks: 2560
get_bishop_attacks for square 5
occupancy after mask: 20480
occupancy after magic mul: 2930165545624227840
occupancy after shift: 5
attacks: 20480
get_rook_attacks for square 0
occupancy after mask: 281474976776574
occupancy after magic mul: 3306797234737065920
occupancy after shift: 734
attacks: 258
get_rook_attacks for square 7
occupancy after mask: 36028797027385470
occupancy after magic mul: 4553333150679318272
occupancy after shift: 1011
attacks: 32832
get_bishop_attacks for square 3
occupancy after mask: 2102272
occupancy after magic mul: 16216387500604694528
occupancy after shift: 28
attacks: 5120
get_rook_attacks for square 3
occupancy after mask: 2251799813687414
occupancy after magic mul: 1381021119838140534
occupancy after shift: 153
attacks: 2068
get_bishop_attacks for square 58
occupancy after mask: 2814749767106560
occupancy after magic mul: 2328361007350546432
occupancy after shift: 4
attacks: 2814749767106560
get_bishop_attacks for square 61
occupancy after mask: 22517998136852480
occupancy after magic mul: 2305843009213693952
occupancy after shift: 4
attacks: 22517998136852480
get_rook_attacks for square 57
occupancy after mask: 8935704610656485888
occupancy after magic mul: 3891744498442174976
occupancy after shift: 432
attacks: 360850920143060992
get_rook_attacks for square 63
occupancy after mask: 9115285645806305280
occupancy after magic mul: 12509465683603554304
occupancy after shift: 2777
attacks: 4647714815446351872
get_bishop_attacks for square 59
occupancy after mask: 5629499534213120
occupancy after magic mul: 15078051552436420608
occupancy after shift: 26
attacks: 5629499534213120
get_rook_attacks for square 59
occupancy after mask: 8505047896289183744
occupancy after magic mul: 15929372902967808000
occupancy after shift: 1768
attacks: 1443403680572243968
get_bishop_attacks for square 2
occupancy after mask: 2560
occupancy after magic mul: 1175443006172430336
occupancy after shift: 2
attacks: 2560
get_bishop_attacks for square 5
occupancy after mask: 20480
occupancy after magic mul: 2930165545624227840
occupancy after shift: 5
attacks: 20480
get_rook_attacks for square 0
occupancy after mask: 281474976776574
occupancy after magic mul: 3306797234737065920
occupancy after shift: 734
attacks: 258
get_rook_attacks for square 7
occupancy after mask: 36028797027385470
occupancy after magic mul: 4553333150679318272
occupancy after shift: 1011
attacks: 32832
get_rook_attacks for square 3
occupancy after mask: 2251799813687414
occupancy after magic mul: 1381021119838140534
occupancy after shift: 153
attacks: 2068
get_bishop_attacks for square 3
occupancy after mask: 2102272
occupancy after magic mul: 16216387500604694528
occupancy after shift: 28
attacks: 5120
Enter makemove
get_bishop_attacks for square 4
occupancy after mask: 272384
occupancy after magic mul: 12764626998232350720
occupancy after shift: 22
attacks: 10240
get_rook_attacks for square 4
occupancy after mask: 4503599895810158
occupancy after magic mul: 10622042918875262976
occupancy after shift: 1179
attacks: 4136
get_bishop_attacks for square 2
occupancy after mask: 2560
occupancy after magic mul: 1175443006172430336
occupancy after shift: 2
attacks: 2560
get_bishop_attacks for square 5
occupancy after mask: 20480
occupancy after magic mul: 2930165545624227840
occupancy after shift: 5
attacks: 20480
get_rook_attacks for square 0
occupancy after mask: 281474976776574
occupancy after magic mul: 3306797234737065920
occupancy after shift: 734
attacks: 258
get_rook_attacks for square 7
occupancy after mask: 36028797027385470
occupancy after magic mul: 4553333150679318272
occupancy after shift: 1011
attacks: 32832
get_bishop_attacks for square 3
occupancy after mask: 2102272
occupancy after magic mul: 16216387500604694528
occupancy after shift: 28
attacks: 5120
get_rook_attacks for square 3
occupancy after mask: 2251799813687414
occupancy after magic mul: 1381021119838140534
occupancy after shift: 153
attacks: 2068
get_bishop_attacks for square 58
occupancy after mask: 2814749767106560
occupancy after magic mul: 2328361007350546432
occupancy after shift: 4
attacks: 2814749767106560
get_bishop_attacks for square 61
occupancy after mask: 22517998136852480
occupancy after magic mul: 2305843009213693952
occupancy after shift: 4
attacks: 22517998136852480
get_rook_attacks for square 57
occupancy after mask: 8935704610656485888
occupancy after magic mul: 3891744498442174976
occupancy after shift: 432
attacks: 360850920143060992
get_rook_attacks for square 63
occupancy after mask: 9115285645806305280
occupancy after magic mul: 12509465683603554304
occupancy after shift: 2777
attacks: 4647714815446351872
get_bishop_attacks for square 59
occupancy after mask: 5629499534213120
occupancy after magic mul: 15078051552436420608
occupancy after shift: 26
attacks: 5629499534213120
get_rook_attacks for square 59
occupancy after mask: 8505047896289183744
occupancy after magic mul: 15929372902967808000
occupancy after shift: 1768
attacks: 1443403680572243968
Enter makemove
get_bishop_attacks for square 4
occupancy after mask: 272384
occupancy after magic mul: 12764626998232350720
occupancy after shift: 22
attacks: 10240
get_rook_attacks for square 4
occupancy after mask: 4503599895810158
occupancy after magic mul: 10622042918875262976
occupancy after shift: 1179
attacks: 4136
get_bishop_attacks for square 2
occupancy after mask: 2560
occupancy after magic mul: 1175443006172430336
occupancy after shift: 2
attacks: 2560
get_bishop_attacks for square 5
occupancy after mask: 20480
occupancy after magic mul: 2930165545624227840
occupancy after shift: 5
attacks: 20480
get_rook_attacks for square 0
occupancy after mask: 281474976776574
occupancy after magic mul: 3306797234737065920
occupancy after shift: 734
attacks: 258
get_rook_attacks for square 7
occupancy after mask: 36028797027385470
occupancy after magic mul: 4553333150679318272
occupancy after shift: 1011
attacks: 32832
get_bishop_attacks for square 3
occupancy after mask: 2102272
occupancy after magic mul: 16216387500604694528
occupancy after shift: 28
attacks: 5120
get_rook_attacks for square 3
occupancy after mask: 2251799813687414
occupancy after magic mul: 1381021119838140534
occupancy after shift: 153
attacks: 2068
get_bishop_attacks for square 58
occupancy after mask: 2814749767106560
occupancy after magic mul: 2328361007350546432
occupancy after shift: 4
attacks: 2814749767106560
get_bishop_attacks for square 61
occupancy after mask: 22517998136852480
occupancy after magic mul: 2305843009213693952
occupancy after shift: 4
attacks: 22517998136852480
get_rook_attacks for square 57
occupancy after mask: 8935704610656485888
occupancy after magic mul: 3891744498442174976
occupancy after shift: 432
attacks: 360850920143060992
get_rook_attacks for square 63
occupancy after mask: 9115285645806305280
occupancy after magic mul: 12509465683603554304
occupancy after shift: 2777
attacks: 4647714815446351872
get_bishop_attacks for square 59
occupancy after mask: 5629499534213120
occupancy after magic mul: 15078051552436420608
occupancy after shift: 26
attacks: 5629499534213120
get_rook_attacks for square 59
occupancy after mask: 8505047896289183744
occupancy after magic mul: 15929372902967808000
occupancy after shift: 1768
attacks: 1443403680572243968
Enter makemove
get_bishop_attacks for square 4
occupancy after mask: 272384
occupancy after magic mul: 12764626998232350720
occupancy after shift: 22
attacks: 10240
get_rook_attacks for square 4
occupancy after mask: 4503599895810158
occupancy after magic mul: 10622042918875262976
occupancy after shift: 1179
attacks: 4136
get_bishop_attacks for square 2
occupancy after mask: 2560
occupancy after magic mul: 1175443006172430336
occupancy after shift: 2
attacks: 2560
get_bishop_attacks for square 5
occupancy after mask: 20480
occupancy after magic mul: 2930165545624227840
occupancy after shift: 5
attacks: 20480
get_rook_attacks for square 0
occupancy after mask: 281474976776574
occupancy after magic mul: 3306797234737065920
occupancy after shift: 734
attacks: 258
get_rook_attacks for square 7
occupancy after mask: 36028797027385470
occupancy after magic mul: 4553333150679318272
occupancy after shift: 1011
attacks: 32832
get_bishop_attacks for square 3
occupancy after mask: 2102272
occupancy after magic mul: 16216387500604694528
occupancy after shift: 28
attacks: 5120
get_rook_attacks for square 3
occupancy after mask: 2251799813687414
occupancy after magic mul: 1381021119838140534
occupancy after shift: 153
attacks: 2068
get_bishop_attacks for square 58
occupancy after mask: 2814749767106560
occupancy after magic mul: 2328361007350546432
occupancy after shift: 4
attacks: 2814749767106560
get_bishop_attacks for square 61
occupancy after mask: 22517998136852480
occupancy after magic mul: 2305843009213693952
occupancy after shift: 4
attacks: 22517998136852480
get_rook_attacks for square 57
occupancy after mask: 8935704610656485888
occupancy after magic mul: 3891744498442174976
occupancy after shift: 432
attacks: 360850920143060992
get_rook_attacks for square 63
occupancy after mask: 9115285645806305280
occupancy after magic mul: 12509465683603554304
occupancy after shift: 2777
attacks: 4647714815446351872
get_bishop_attacks for square 59
occupancy after mask: 5629499534213120
occupancy after magic mul: 15078051552436420608
occupancy after shift: 26
attacks: 5629499534213120
get_rook_attacks for square 59
occupancy after mask: 8505047896289183744
occupancy after magic mul: 15929372902967808000
occupancy after shift: 1768
attacks: 1443403680572243968
Enter makemove
get_bishop_attacks for square 4
occupancy after mask: 272384
occupancy after magic mul: 12764626998232350720
occupancy after shift: 22
attacks: 10240
get_rook_attacks for square 4
occupancy after mask: 4503599895810158
occupancy after magic mul: 10622042918875262976
occupancy after shift: 1179
attacks: 4136
get_bishop_attacks for square 2
occupancy after mask: 2560
occupancy after magic mul: 1175443006172430336
occupancy after shift: 2
attacks: 2560
get_bishop_attacks for square 5
occupancy after mask: 20480
occupancy after magic mul: 2930165545624227840
occupancy after shift: 5
attacks: 20480
get_rook_attacks for square 0
occupancy after mask: 281474976776574
occupancy after magic mul: 3306797234737065920
occupancy after shift: 734
attacks: 258
get_rook_attacks for square 7
occupancy after mask: 36028797027385470
occupancy after magic mul: 4553333150679318272
occupancy after shift: 1011
attacks: 32832
get_bishop_attacks for square 3
occupancy after mask: 2102272
occupancy after magic mul: 16216387500604694528
occupancy after shift: 28
attacks: 5120
get_rook_attacks for square 3
occupancy after mask: 2251799813687414
occupancy after magic mul: 1381021119838140534
occupancy after shift: 153
attacks: 2068
get_bishop_attacks for square 58
occupancy after mask: 2814749767106560
occupancy after magic mul: 2328361007350546432
occupancy after shift: 4
attacks: 2814749767106560
get_bishop_attacks for square 61
occupancy after mask: 22517998136852480
occupancy after magic mul: 2305843009213693952
occupancy after shift: 4
attacks: 22517998136852480
get_rook_attacks for square 57
occupancy after mask: 8935704610656485888
occupancy after magic mul: 3891744498442174976
occupancy after shift: 432
attacks: 360850920143060992
get_rook_attacks for square 63
occupancy after mask: 9115285645806305280
occupancy after magic mul: 12509465683603554304
occupancy after shift: 2777
attacks: 4647714815446351872
get_bishop_attacks for square 59
occupancy after mask: 5629499534213120
occupancy after magic mul: 15078051552436420608
occupancy after shift: 26
attacks: 5629499534213120
get_rook_attacks for square 59
occupancy after mask: 8505047896289183744
occupancy after magic mul: 15929372902967808000
occupancy after shift: 1768
attacks: 1443403680572243968
Enter makemove
get_bishop_attacks for square 4
occupancy after mask: 272384
occupancy after magic mul: 12764626998232350720
occupancy after shift: 22
attacks: 10240
get_rook_attacks for square 4
occupancy after mask: 4503599895810158
occupancy after magic mul: 10622042918875262976
occupancy after shift: 1179
attacks: 4136
get_bishop_attacks for square 2
occupancy after mask: 2560
occupancy after magic mul: 1175443006172430336
occupancy after shift: 2
attacks: 2560
get_bishop_attacks for square 5
occupancy after mask: 20480
occupancy after magic mul: 2930165545624227840
occupancy after shift: 5
attacks: 20480
get_rook_attacks for square 0
occupancy after mask: 281474976776574
occupancy after magic mul: 3306797234737065920
occupancy after shift: 734
attacks: 258
get_rook_attacks for square 7
occupancy after mask: 36028797027385470
occupancy after magic mul: 4553333150679318272
occupancy after shift: 1011
attacks: 32832
get_bishop_attacks for square 3
occupancy after mask: 2102272
occupancy after magic mul: 16216387500604694528
occupancy after shift: 28
attacks: 5120
get_rook_attacks for square 3
occupancy after mask: 2251799813687414
occupancy after magic mul: 1381021119838140534
occupancy after shift: 153
attacks: 2068
get_bishop_attacks for square 58
occupancy after mask: 2814749767106560
occupancy after magic mul: 2328361007350546432
occupancy after shift: 4
attacks: 2814749767106560
get_bishop_attacks for square 61
occupancy after mask: 22517998136852480
occupancy after magic mul: 2305843009213693952
occupancy after shift: 4
attacks: 22517998136852480
get_rook_attacks for square 57
occupancy after mask: 8935704610656485888
occupancy after magic mul: 3891744498442174976
occupancy after shift: 432
attacks: 360850920143060992
get_rook_attacks for square 63
occupancy after mask: 9115285645806305280
occupancy after magic mul: 12509465683603554304
occupancy after shift: 2777
attacks: 4647714815446351872
get_bishop_attacks for square 59
occupancy after mask: 5629499534213120
occupancy after magic mul: 15078051552436420608
occupancy after shift: 26
attacks: 5629499534213120
get_rook_attacks for square 59
occupancy after mask: 8505047896289183744
occupancy after magic mul: 15929372902967808000
occupancy after shift: 1768
attacks: 1443403680572243968
Enter makemove
get_bishop_attacks for square 4
occupancy after mask: 272384
occupancy after magic mul: 12764626998232350720
occupancy after shift: 22
attacks: 10240
get_rook_attacks for square 4
occupancy after mask: 4503599895810158
occupancy after magic mul: 10622042918875262976
occupancy after shift: 1179
attacks: 4136
get_bishop_attacks for square 2
occupancy after mask: 2560
occupancy after magic mul: 1175443006172430336
occupancy after shift: 2
attacks: 2560
get_bishop_attacks for square 5
occupancy after mask: 20480
occupancy after magic mul: 2930165545624227840
occupancy after shift: 5
attacks: 20480
get_rook_attacks for square 0
occupancy after mask: 281474976776574
occupancy after magic mul: 3306797234737065920
occupancy after shift: 734
attacks: 258
get_rook_attacks for square 7
occupancy after mask: 36028797027385470
occupancy after magic mul: 4553333150679318272
occupancy after shift: 1011
attacks: 32832
get_bishop_attacks for square 3
occupancy after mask: 2102272
occupancy after magic mul: 16216387500604694528
occupancy after shift: 28
attacks: 5120
get_rook_attacks for square 3
occupancy after mask: 2251799813687414
occupancy after magic mul: 1381021119838140534
occupancy after shift: 153
attacks: 2068
get_bishop_attacks for square 58
occupancy after mask: 2814749767106560
occupancy after magic mul: 2328361007350546432
occupancy after shift: 4
attacks: 2814749767106560
get_bishop_attacks for square 61
occupancy after mask: 22517998136852480
occupancy after magic mul: 2305843009213693952
occupancy after shift: 4
attacks: 22517998136852480
get_rook_attacks for square 57
occupancy after mask: 8935704610656485888
occupancy after magic mul: 3891744498442174976
occupancy after shift: 432
attacks: 360850920143060992
get_rook_attacks for square 63
occupancy after mask: 9115285645806305280
occupancy after magic mul: 12509465683603554304
occupancy after shift: 2777
attacks: 4647714815446351872
get_bishop_attacks for square 59
occupancy after mask: 5629499534213120
occupancy after magic mul: 15078051552436420608
occupancy after shift: 26
attacks: 5629499534213120
get_rook_attacks for square 59
occupancy after mask: 8505047896289183744
occupancy after magic mul: 15929372902967808000
occupancy after shift: 1768
attacks: 1443403680572243968
Enter makemove
get_bishop_attacks for square 4
occupancy after mask: 272384
occupancy after magic mul: 12764626998232350720
occupancy after shift: 22
attacks: 10240
get_rook_attacks for square 4
occupancy after mask: 4503599895810158
occupancy after magic mul: 10622042918875262976
occupancy after shift: 1179
attacks: 4136
get_bishop_attacks for square 2
occupancy after mask: 2560
occupancy after magic mul: 1175443006172430336
occupancy after shift: 2
attacks: 2560
get_bishop_attacks for square 5
occupancy after mask: 20480
occupancy after magic mul: 2930165545624227840
occupancy after shift: 5
attacks: 20480
get_rook_attacks for square 0
occupancy after mask: 281474976776574
occupancy after magic mul: 3306797234737065920
occupancy after shift: 734
attacks: 258
get_rook_attacks for square 7
occupancy after mask: 36028797027385470
occupancy after magic mul: 4553333150679318272
occupancy after shift: 1011
attacks: 32832
get_bishop_attacks for square 3
occupancy after mask: 2102272
occupancy after magic mul: 16216387500604694528
occupancy after shift: 28
attacks: 5120
get_rook_attacks for square 3
occupancy after mask: 2251799813687414
occupancy after magic mul: 1381021119838140534
occupancy after shift: 153
attacks: 2068
get_bishop_attacks for square 58
occupancy after mask: 2814749767106560
occupancy after magic mul: 2328361007350546432
occupancy after shift: 4
attacks: 2814749767106560
get_bishop_attacks for square 61
occupancy after mask: 22517998136852480
occupancy after magic mul: 2305843009213693952
occupancy after shift: 4
attacks: 22517998136852480
get_rook_attacks for square 57
occupancy after mask: 8935704610656485888
occupancy after magic mul: 3891744498442174976
occupancy after shift: 432
attacks: 360850920143060992
get_rook_attacks for square 63
occupancy after mask: 9115285645806305280
occupancy after magic mul: 12509465683603554304
occupancy after shift: 2777
attacks: 4647714815446351872
get_bishop_attacks for square 59
occupancy after mask: 5629499534213120
occupancy after magic mul: 15078051552436420608
occupancy after shift: 26
attacks: 5629499534213120
get_rook_attacks for square 59
occupancy after mask: 8505047896289183744
occupancy after magic mul: 15929372902967808000
occupancy after shift: 1768
attacks: 1443403680572243968
Enter makemove
get_bishop_attacks for square 4
occupancy after mask: 272384
occupancy after magic mul: 12764626998232350720
occupancy after shift: 22
attacks: 10240
get_rook_attacks for square 4
occupancy after mask: 4503599895810158
occupancy after magic mul: 10622042918875262976
occupancy after shift: 1179
attacks: 4136
get_bishop_attacks for square 2
occupancy after mask: 2560
occupancy after magic mul: 1175443006172430336
occupancy after shift: 2
attacks: 2560
get_bishop_attacks for square 5
occupancy after mask: 20480
occupancy after magic mul: 2930165545624227840
occupancy after shift: 5
attacks: 20480
get_rook_attacks for square 0
occupancy after mask: 281474976776574
occupancy after magic mul: 3306797234737065920
occupancy after shift: 734
attacks: 258
get_rook_attacks for square 7
occupancy after mask: 36028797027385470
occupancy after magic mul: 4553333150679318272
occupancy after shift: 1011
attacks: 32832
get_bishop_attacks for square 3
occupancy after mask: 2102272
occupancy after magic mul: 16216387500604694528
occupancy after shift: 28
attacks: 5120
get_rook_attacks for square 3
occupancy after mask: 2251799813687414
occupancy after magic mul: 1381021119838140534
occupancy after shift: 153
attacks: 2068
get_bishop_attacks for square 58
occupancy after mask: 2814749767106560
occupancy after magic mul: 2328361007350546432
occupancy after shift: 4
attacks: 2814749767106560
get_bishop_attacks for square 61
occupancy after mask: 22517998136852480
occupancy after magic mul: 2305843009213693952
occupancy after shift: 4
attacks: 22517998136852480
get_rook_attacks for square 57
occupancy after mask: 8935704610656485888
occupancy after magic mul: 3891744498442174976
occupancy after shift: 432
attacks: 360850920143060992
get_rook_attacks for square 63
occupancy after mask: 9115285645806305280
occupancy after magic mul: 12509465683603554304
occupancy after shift: 2777
attacks: 4647714815446351872
get_bishop_attacks for square 59
occupancy after mask: 5629499534213120
occupancy after magic mul: 15078051552436420608
occupancy after shift: 26
attacks: 5629499534213120
get_rook_attacks for square 59
occupancy after mask: 8505047896289183744
occupancy after magic mul: 15929372902967808000
occupancy after shift: 1768
attacks: 1443403680572243968
get_bishop_attacks for square 58
occupancy after mask: 2814749767106560
occupancy after magic mul: 2328361007350546432
occupancy after shift: 4
attacks: 2814749767106560
get_bishop_attacks for square 61
occupancy after mask: 22517998136852480
occupancy after magic mul: 2305843009213693952
occupancy after shift: 4
attacks: 22517998136852480
get_rook_attacks for square 57
occupancy after mask: 8935704610656485888
occupancy after magic mul: 3891744498442174976
occupancy after shift: 432
attacks: 360850920143060992
get_rook_attacks for square 63
occupancy after mask: 9115285645806305280
occupancy after magic mul: 12509465683603554304
occupancy after shift: 2777
attacks: 4647714815446351872
get_rook_attacks for square 59
occupancy after mask: 8505047896289183744
occupancy after magic mul: 15929372902967808000
occupancy after shift: 1768
attacks: 1443403680572243968
get_bishop_attacks for square 59
occupancy after mask: 5629499534213120
occupancy after magic mul: 15078051552436420608
occupancy after shift: 26
attacks: 5629499534213120
Enter makemove
get_bishop_attacks for square 60
occupancy after mask: 11258999068426240
occupancy after magic mul: 2938598756859248640
occupancy after shift: 5
attacks: 11258999068426240
get_rook_attacks for square 60
occupancy after mask: 7786723755992027136
occupancy after magic mul: 4116995130378952704
occupancy after shift: 457
attacks: 2886807361144487936
get_bishop_attacks for square 2
occupancy after mask: 2560
occupancy after magic mul: 1175443006172430336
occupancy after shift: 2
attacks: 2560
get_bishop_attacks for square 5
occupancy after mask: 20480
occupancy after magic mul: 2930165545624227840
occupancy after shift: 5
attacks: 20480
get_rook_attacks for square 0
occupancy after mask: 281474976776574
occupancy after magic mul: 3306797234737065920
occupancy after shift: 734
attacks: 258
get_rook_attacks for square 7
occupancy after mask: 36028797027385470
occupancy after magic mul: 4553333150679318272
occupancy after shift: 1011
attacks: 32832
get_bishop_attacks for square 3
occupancy after mask: 2102272
occupancy after magic mul: 16216387500604694528
occupancy after shift: 28
attacks: 5120
get_rook_attacks for square 3
occupancy after mask: 2251799813687414
occupancy after magic mul: 1381021119838140534
occupancy after shift: 153
attacks: 2068
get_bishop_attacks for square 58
occupancy after mask: 2814749767106560
occupancy after magic mul: 2328361007350546432
occupancy after shift: 4
attacks: 2814749767106560
get_bishop_attacks for square 61
occupancy after mask: 22517998136852480
occupancy after magic mul: 2305843009213693952
occupancy after shift: 4
attacks: 22517998136852480
get_rook_attacks for square 57
occupancy after mask: 8935704610656485888
occupancy after magic mul: 3891744498442174976
occupancy after shift: 432
attacks: 360850920143060992
get_rook_attacks for square 63
occupancy after mask: 8971170457730449408
occupancy after magic mul: 2997863270597066752
occupancy after shift: 665
attacks: 4647714815446351872
get_bishop_attacks for square 59
occupancy after mask: 5629499534213120
occupancy after magic mul: 15078051552436420608
occupancy after shift: 26
attacks: 5629499534213120
get_rook_attacks for square 59
occupancy after mask: 8360932708213327872
occupancy after magic mul: 11029456508388708352
occupancy after shift: 1224
attacks: 1443403680572243968
get_bishop_attacks for square 2
occupancy after mask: 2560
occupancy after magic mul: 1175443006172430336
occupancy after shift: 2
attacks: 2560
get_bishop_attacks for square 5
occupancy after mask: 20480
occupancy after magic mul: 2930165545624227840
occupancy after shift: 5
attacks: 20480
get_rook_attacks for square 0
occupancy after mask: 281474976776574
occupancy after magic mul: 3306797234737065920
occupancy after shift: 734
attacks: 258
get_rook_attacks for square 7
occupancy after mask: 36028797027385470
occupancy after magic mul: 4553333150679318272
occupancy after shift: 1011
attacks: 32832
get_rook_attacks for square 3
occupancy after mask: 2251799813687414
occupancy after magic mul: 1381021119838140534
occupancy after shift: 153
attacks: 2068
get_bishop_attacks for square 3
occupancy after mask: 2102272
occupancy after magic mul: 16216387500604694528
occupancy after shift: 28
attacks: 5120
Enter makemove
get_bishop_attacks for square 4
occupancy after mask: 272384
occupancy after magic mul: 12764626998232350720
occupancy after shift: 22
attacks: 10240
get_rook_attacks for square 4
occupancy after mask: 4503599895810158
occupancy after magic mul: 10622042918875262976
occupancy after shift: 1179
attacks: 4136
get_bishop_attacks for square 2
occupancy after mask: 2560
occupancy after magic mul: 1175443006172430336
occupancy after shift: 2
attacks: 2560
get_bishop_attacks for square 5
occupancy after mask: 20480
occupancy after magic mul: 2930165545624227840
occupancy after shift: 5
attacks: 20480
get_rook_attacks for square 0
occupancy after mask: 281474976776574
occupancy after magic mul: 3306797234737065920
occupancy after shift: 734
attacks: 258
get_rook_attacks for square 7
occupancy after mask: 36028797027385470
occupancy after magic mul: 4553333150679318272
occupancy after shift: 1011
attacks: 32832
get_bishop_attacks for square 3
occupancy after mask: 2102272
occupancy after magic mul: 16216387500604694528
occupancy after shift: 28
attacks: 5120
get_rook_attacks for square 3
occupancy after mask: 2251799813687414
occupancy after magic mul: 1381021119838140534
occupancy after shift: 153
attacks: 2068
get_bishop_attacks for square 58
occupancy after mask: 2814749767106560
occupancy after magic mul: 2328361007350546432
occupancy after shift: 4
attacks: 2814749767106560
get_bishop_attacks for square 61
occupancy after mask: 22517998136852480
occupancy after magic mul: 2305843009213693952
occupancy after shift: 4
attacks: 22517998136852480
get_rook_attacks for square 57
occupancy after mask: 8935704610656485888
occupancy after magic mul: 3891744498442174976
occupancy after shift: 432
attacks: 360850920143060992
get_rook_attacks for square 63
occupancy after mask: 8971170457730449408
occupancy after magic mul: 2997863270597066752
occupancy after shift: 665
attacks: 4647714815446351872
get_bishop_attacks for square 59
occupancy after mask: 5629499534213120
occupancy after magic mul: 15078051552436420608
occupancy after shift: 26
attacks: 5629499534213120
get_rook_attacks for square 59
occupancy after mask: 8360932708213327872
occupancy after magic mul: 11029456508388708352
occupancy after shift: 1224
attacks: 1443403680572243968
Enter makemove
get_bishop_attacks for square 4
occupancy after mask: 272384
occupancy after magic mul: 12764626998232350720
occupancy after shift: 22
attacks: 10240
get_rook_attacks for square 4
occupancy after mask: 4503599895810158
occupancy after magic mul: 10622042918875262976
occupancy after shift: 1179
attacks: 4136
get_bishop_attacks for square 2
occupancy after mask: 2560
occupancy after magic mul: 1175443006172430336
occupancy after shift: 2
attacks: 2560
get_bishop_attacks for square 5
occupancy after mask: 20480
occupancy after magic mul: 2930165545624227840
occupancy after shift: 5
attacks: 20480
get_rook_attacks for square 0
occupancy after mask: 281474976776574
occupancy after magic mul: 3306797234737065920
occupancy after shift: 734
attacks: 258
get_rook_attacks for square 7
occupancy after mask: 36028797027385470
occupancy after magic mul: 4553333150679318272
occupancy after shift: 1011
attacks: 32832
get_bishop_attacks for square 3
occupancy after mask: 2102272
occupancy after magic mul: 16216387500604694528
occupancy after shift: 28
attacks: 5120
get_rook_attacks for square 3
occupancy after mask: 2251799813687414
occupancy after magic mul: 1381021119838140534
occupancy after shift: 153
attacks: 2068
get_bishop_attacks for square 58
occupancy after mask: 2814749767106560
occupancy after magic mul: 2328361007350546432
occupancy after shift: 4
attacks: 2814749767106560
get_bishop_attacks for square 61
occupancy after mask: 22517998136852480
occupancy after magic mul: 2305843009213693952
occupancy after shift: 4
attacks: 22517998136852480
get_rook_attacks for square 57
occupancy after mask: 8935704610656485888
occupancy after magic mul: 3891744498442174976
occupancy after shift: 432
attacks: 360850920143060992
get_rook_attacks for square 63
occupancy after mask: 8971170457730449408
occupancy after magic mul: 2997863270597066752
occupancy after shift: 665
attacks: 4647714815446351872
get_bishop_attacks for square 59
occupancy after mask: 5629499534213120
occupancy after magic mul: 15078051552436420608
occupancy after shift: 26
attacks: 5629499534213120
get_rook_attacks for square 59
occupancy after mask: 8360932708213327872
occupancy after magic mul: 11029456508388708352
occupancy after shift: 1224
attacks: 1443403680572243968
Enter makemove
get_bishop_attacks for square 4
occupancy after mask: 272384
occupancy after magic mul: 12764626998232350720
occupancy after shift: 22
attacks: 10240
get_rook_attacks for square 4
occupancy after mask: 4503599895810158
occupancy after magic mul: 10622042918875262976
occupancy after shift: 1179
attacks: 4136
get_bishop_attacks for square 2
occupancy after mask: 2560
occupancy after magic mul: 1175443006172430336
occupancy after shift: 2
attacks: 2560
get_bishop_attacks for square 5
occupancy after mask: 20480
occupancy after magic mul: 2930165545624227840
occupancy after shift: 5
attacks: 20480
get_rook_attacks for square 0
occupancy after mask: 281474976776574
occupancy after magic mul: 3306797234737065920
occupancy after shift: 734
attacks: 258
get_rook_attacks for square 7
occupancy after mask: 36028797027385470
occupancy after magic mul: 4553333150679318272
occupancy after shift: 1011
attacks: 32832
get_bishop_attacks for square 3
occupancy after mask: 2102272
occupancy after magic mul: 16216387500604694528
occupancy after shift: 28
attacks: 5120
get_rook_attacks for square 3
occupancy after mask: 2251799813687414
occupancy after magic mul: 1381021119838140534
occupancy after shift: 153
attacks: 2068
get_bishop_attacks for square 58
occupancy after mask: 2814749767106560
occupancy after magic mul: 2328361007350546432
occupancy after shift: 4
attacks: 2814749767106560
get_bishop_attacks for square 61
occupancy after mask: 22517998136852480
occupancy after magic mul: 2305843009213693952
occupancy after shift: 4
attacks: 22517998136852480
get_rook_attacks for square 57
occupancy after mask: 8935704610656485888
occupancy after magic mul: 3891744498442174976
occupancy after shift: 432
attacks: 360850920143060992
get_rook_attacks for square 63
occupancy after mask: 8971170457730449408
occupancy after magic mul: 2997863270597066752
occupancy after shift: 665
attacks: 4647714815446351872
get_bishop_attacks for square 59
occupancy after mask: 5629499534213120
occupancy after magic mul: 15078051552436420608
occupancy after shift: 26
attacks: 5629499534213120
get_rook_attacks for square 59
occupancy after mask: 8360932708213327872
occupancy after magic mul: 11029456508388708352
occupancy after shift: 1224
attacks: 1443403680572243968
get_bishop_attacks for square 58
occupancy after mask: 2814749767106560
occupancy after magic mul: 2328361007350546432
occupancy after shift: 4
attacks: 2814749767106560
get_bishop_attacks for square 61
occupancy after mask: 22517998136852480
occupancy after magic mul: 2305843009213693952
occupancy after shift: 4
attacks: 22517998136852480
get_rook_attacks for square 57
occupancy after mask: 8935704610656485888
occupancy after magic mul: 3891744498442174976
occupancy after shift: 432
attacks: 360850920143060992
get_rook_attacks for square 63
occupancy after mask: 8971170457730449408
occupancy after magic mul: 2997863270597066752
occupancy after shift: 665
attacks: 4647714815446351872
get_rook_attacks for square 59
occupancy after mask: 8360932708213327872
occupancy after magic mul: 11029456508388708352
occupancy after shift: 1224
attacks: 1443403680572243968
get_bishop_attacks for square 59
occupancy after mask: 5629499534213120
occupancy after magic mul: 15078051552436420608
occupancy after shift: 26
attacks: 5629499534213120
Enter makemove
get_bishop_attacks for square 60
occupancy after mask: 11258999068426240
occupancy after magic mul: 2938598756859248640
occupancy after shift: 5
attacks: 11258999068426240
get_rook_attacks for square 60
occupancy after mask: 7210263003688603648
occupancy after magic mul: 2964073625772105728
occupancy after shift: 329
attacks: 3175037737296199680
get_bishop_attacks for square 2
occupancy after mask: 2560
occupancy after magic mul: 1175443006172430336
occupancy after shift: 2
attacks: 2560
get_bishop_attacks for square 5
occupancy after mask: 20480
occupancy after magic mul: 2930165545624227840
occupancy after shift: 5
attacks: 20480
get_rook_attacks for square 0
occupancy after mask: 281474976776574
occupancy after magic mul: 3306797234737065920
occupancy after shift: 734
attacks: 258
get_rook_attacks for square 7
occupancy after mask: 36028797027385470
occupancy after magic mul: 4553333150679318272
occupancy after shift: 1011
attacks: 32832
get_bishop_attacks for square 3
occupancy after mask: 2102272
occupancy after magic mul: 16216387500604694528
occupancy after shift: 28
attacks: 5120
get_rook_attacks for square 3
occupancy after mask: 2251799813687414
occupancy after magic mul: 1381021119838140534
occupancy after shift: 153
attacks: 2068
get_bishop_attacks for square 58
occupancy after mask: 2814749767106560
occupancy after magic mul: 2328361007350546432
occupancy after shift: 4
attacks: 2814749767106560
get_bishop_attacks for square 61
occupancy after mask: 22517998136852480
occupancy after magic mul: 2305843009213693952
occupancy after shift: 4
attacks: 22517998136852480
get_rook_attacks for square 57
occupancy after mask: 8359243858353062400
occupancy after magic mul: 3315283746138751488
occupancy after shift: 368
attacks: 360850920143060992
get_rook_attacks for square 63
occupancy after mask: 8394709705427025920
occupancy after magic mul: 1844941765990219776
occupancy after shift: 409
attacks: 4647714815446351872
get_bishop_attacks for square 60
occupancy after mask: 11258999068426240
occupancy after magic mul: 2938598756859248640
occupancy after shift: 5
attacks: 11258999068426240
get_rook_attacks for square 60
occupancy after mask: 7210263003688603648
occupancy after magic mul: 2964073625772105728
occupancy after shift: 329
attacks: 3175037737296199680
Enter makemove
get_bishop_attacks for square 60
occupancy after mask: 11258999068426240
occupancy after magic mul: 2938598756859248640
occupancy after shift: 5
attacks: 11258999068426240
get_rook_attacks for square 60
occupancy after mask: 7354378191764459520
occupancy after magic mul: 3252304001923817472
occupancy after shift: 361
attacks: 3175037737296199680
get_bishop_attacks for square 2
occupancy after mask: 2560
occupancy after magic mul: 1175443006172430336
occupancy after shift: 2
attacks: 2560
get_bishop_attacks for square 5
occupancy after mask: 20480
occupancy after magic mul: 2930165545624227840
occupancy after shift: 5
attacks: 20480
get_rook_attacks for square 0
occupancy after mask: 281474976776574
occupancy after magic mul: 3306797234737065920
occupancy after shift: 734
attacks: 258
get_rook_attacks for square 7
occupancy after mask: 36028797027385470
occupancy after magic mul: 4553333150679318272
occupancy after shift: 1011
attacks: 32832
get_bishop_attacks for square 3
occupancy after mask: 2102272
occupancy after magic mul: 16216387500604694528
occupancy after shift: 28
attacks: 5120
get_rook_attacks for square 3
occupancy after mask: 2251799813687414
occupancy after magic mul: 1381021119838140534
occupancy after shift: 153
attacks: 2068
get_bishop_attacks for square 58
occupancy after mask: 2814749767106560
occupancy after magic mul: 2328361007350546432
occupancy after shift: 4
attacks: 2814749767106560
get_bishop_attacks for square 61
occupancy after mask: 22517998136852480
occupancy after magic mul: 2305843009213693952
occupancy after shift: 4
attacks: 22517998136852480
get_rook_attacks for square 57
occupancy after mask: 8359243858353062400
occupancy after magic mul: 3315283746138751488
occupancy after shift: 368
attacks: 360850920143060992
get_rook_attacks for square 63
occupancy after mask: 8538824893502881792
occupancy after magic mul: 11356544178996707328
occupancy after shift: 2521
attacks: 4647714815446351872
get_bishop_attacks for square 58
occupancy after mask: 2814749767106560
occupancy after magic mul: 2328361007350546432
occupancy after shift: 4
attacks: 2814749767106560
get_rook_attacks for square 58
occupancy after mask: 8215691620230890496
occupancy after magic mul: 17604150380800246784
occupancy after shift: 1954
attacks: 1874623344892968960
Enter makemove
get_bishop_attacks for square 60
occupancy after mask: 11258999068426240
occupancy after magic mul: 2938598756859248640
occupancy after shift: 5
attacks: 11258999068426240
get_rook_attacks for square 60
occupancy after mask: 7354378191764459520
occupancy after magic mul: 3252304001923817472
occupancy after shift: 361
attacks: 3175037737296199680
get_bishop_attacks for square 2
occupancy after mask: 2560
occupancy after magic mul: 1175443006172430336
occupancy after shift: 2
attacks: 2560
get_bishop_attacks for square 5
occupancy after mask: 20480
occupancy after magic mul: 2930165545624227840
occupancy after shift: 5
attacks: 20480
get_rook_attacks for square 0
occupancy after mask: 281474976776574
occupancy after magic mul: 3306797234737065920
occupancy after shift: 734
attacks: 258
get_rook_attacks for square 7
occupancy after mask: 36028797027385470
occupancy after magic mul: 4553333150679318272
occupancy after shift: 1011
attacks: 32832
get_bishop_attacks for square 3
occupancy after mask: 2102272
occupancy after magic mul: 16216387500604694528
occupancy after shift: 28
attacks: 5120
get_rook_attacks for square 3
occupancy after mask: 2251799813687414
occupancy after magic mul: 1381021119838140534
occupancy after shift: 153
attacks: 2068
get_bishop_attacks for square 58
occupancy after mask: 2814749767106560
occupancy after magic mul: 2328361007350546432
occupancy after shift: 4
attacks: 2814749767106560
get_bishop_attacks for square 61
occupancy after mask: 22517998136852480
occupancy after magic mul: 2305843009213693952
occupancy after shift: 4
attacks: 22517998136852480
get_rook_attacks for square 57
occupancy after mask: 8359243858353062400
occupancy after magic mul: 3315283746138751488
occupancy after shift: 368
attacks: 360850920143060992
get_rook_attacks for square 63
occupancy after mask: 8538824893502881792
occupancy after magic mul: 11356544178996707328
occupancy after shift: 2521
attacks: 4647714815446351872
get_bishop_attacks for square 60
occupancy after mask: 11258999068426240
occupancy after magic mul: 2938598756859248640
occupancy after shift: 5
attacks: 11258999068426240
get_rook_attacks for square 60
occupancy after mask: 7354378191764459520
occupancy after magic mul: 3252304001923817472
occupancy after shift: 361
attacks: 3175037737296199680
Enter makemove
get_bishop_attacks for square 4
occupancy after mask: 272384
occupancy after magic mul: 12764626998232350720
occupancy after shift: 22
attacks: 10240
get_rook_attacks for square 4
occupancy after mask: 4503599895810158
occupancy after magic mul: 10622042918875262976
occupancy after shift: 1179
attacks: 4136
get_bishop_attacks for square 2
occupancy after mask: 2560
occupancy after magic mul: 1175443006172430336
occupancy after shift: 2
attacks: 2560
get_bishop_attacks for square 5
occupancy after mask: 20480
occupancy after magic mul: 2930165545624227840
occupancy after shift: 5
attacks: 20480
get_rook_attacks for square 0
occupancy after mask: 281474976776574
occupancy after magic mul: 3306797234737065920
occupancy after shift: 734
attacks: 258
get_rook_attacks for square 7
occupancy after mask: 36028797027385470
occupancy after magic mul: 4553333150679318272
occupancy after shift: 1011
attacks: 32832
get_bishop_attacks for square 3
occupancy after mask: 2102272
occupancy after magic mul: 16216387500604694528
occupancy after shift: 28
attacks: 5120
get_rook_attacks for square 3
occupancy after mask: 2251799813687414
occupancy after magic mul: 1381021119838140534
occupancy after shift: 153
attacks: 2068
get_bishop_attacks for square 58
occupancy after mask: 2814749767106560
occupancy after magic mul: 2328361007350546432
occupancy after shift: 4
attacks: 2814749767106560
get_bishop_attacks for square 61
occupancy after mask: 22517998136852480
occupancy after magic mul: 2305843009213693952
occupancy after shift: 4
attacks: 22517998136852480
get_rook_attacks for square 57
occupancy after mask: 8935704610656485888
occupancy after magic mul: 3891744498442174976
occupancy after shift: 432
attacks: 360850920143060992
get_rook_attacks for square 63
occupancy after mask: 9115285645806305280
occupancy after magic mul: 12509465683603554304
occupancy after shift: 2777
attacks: 4647714815446351872
get_bishop_attacks for square 59
occupancy after mask: 5629499534213120
occupancy after magic mul: 15078051552436420608
occupancy after shift: 26
attacks: 5629499534213120
get_rook_attacks for square 59
occupancy after mask: 8505047896289183744
occupancy after magic mul: 15929372902967808000
occupancy after shift: 1768
attacks: 1443403680572243968
Enter makemove
get_bishop_attacks for square 4
occupancy after mask: 272384
occupancy after magic mul: 12764626998232350720
occupancy after shift: 22
attacks: 10240
get_rook_attacks for square 4
occupancy after mask: 4503599895810158
occupancy after magic mul: 10622042918875262976
occupancy after shift: 1179
attacks: 4136
get_bishop_attacks for square 2
occupancy after mask: 2560
occupancy after magic mul: 1175443006172430336
occupancy after shift: 2
attacks: 2560
get_bishop_attacks for square 5
occupancy after mask: 20480
occupancy after magic mul: 2930165545624227840
occupancy after shift: 5
attacks: 20480
get_rook_attacks for square 0
occupancy after mask: 281474976776574
occupancy after magic mul: 3306797234737065920
occupancy after shift: 734
attacks: 258
get_rook_attacks for square 7
occupancy after mask: 36028797027385470
occupancy after magic mul: 4553333150679318272
occupancy after shift: 1011
attacks: 32832
get_bishop_attacks for square 3
occupancy after mask: 2102272
occupancy after magic mul: 16216387500604694528
occupancy after shift: 28
attacks: 5120
get_rook_attacks for square 3
occupancy after mask: 2251799813687414
occupancy after magic mul: 1381021119838140534
occupancy after shift: 153
attacks: 2068
get_bishop_attacks for square 58
occupancy after mask: 2814749767106560
occupancy after magic mul: 2328361007350546432
occupancy after shift: 4
attacks: 2814749767106560
get_bishop_attacks for square 61
occupancy after mask: 22517998136852480
occupancy after magic mul: 2305843009213693952
occupancy after shift: 4
attacks: 22517998136852480
get_rook_attacks for square 57
occupancy after mask: 8935704610656485888
occupancy after magic mul: 3891744498442174976
occupancy after shift: 432
attacks: 360850920143060992
get_rook_attacks for square 63
occupancy after mask: 9115285645806305280
occupancy after magic mul: 12509465683603554304
occupancy after shift: 2777
attacks: 4647714815446351872
get_bishop_attacks for square 59
occupancy after mask: 5629499534213120
occupancy after magic mul: 15078051552436420608
occupancy after shift: 26
attacks: 5629499534213120
get_rook_attacks for square 59
occupancy after mask: 8505047896289183744
occupancy after magic mul: 15929372902967808000
occupancy after shift: 1768
attacks: 1443403680572243968
Enter makemove
get_bishop_attacks for square 4
occupancy after mask: 272384
occupancy after magic mul: 12764626998232350720
occupancy after shift: 22
attacks: 10240
get_rook_attacks for square 4
occupancy after mask: 4503599895810158
occupancy after magic mul: 10622042918875262976
occupancy after shift: 1179
attacks: 4136
get_bishop_attacks for square 2
occupancy after mask: 2560
occupancy after magic mul: 1175443006172430336
occupancy after shift: 2
attacks: 2560
get_bishop_attacks for square 5
occupancy after mask: 20480
occupancy after magic mul: 2930165545624227840
occupancy after shift: 5
attacks: 20480
get_rook_attacks for square 0
occupancy after mask: 281474976776574
occupancy after magic mul: 3306797234737065920
occupancy after shift: 734
attacks: 258
get_rook_attacks for square 7
occupancy after mask: 36028797027385470
occupancy after magic mul: 4553333150679318272
occupancy after shift: 1011
attacks: 32832
get_bishop_attacks for square 3
occupancy after mask: 2102272
occupancy after magic mul: 16216387500604694528
occupancy after shift: 28
attacks: 5120
get_rook_attacks for square 3
occupancy after mask: 2251799813687414
occupancy after magic mul: 1381021119838140534
occupancy after shift: 153
attacks: 2068
get_bishop_attacks for square 58
occupancy after mask: 2814749767106560
occupancy after magic mul: 2328361007350546432
occupancy after shift: 4
attacks: 2814749767106560
get_bishop_attacks for square 61
occupancy after mask: 22517998136852480
occupancy after magic mul: 2305843009213693952
occupancy after shift: 4
attacks: 22517998136852480
get_rook_attacks for square 57
occupancy after mask: 8935704610656485888
occupancy after magic mul: 3891744498442174976
occupancy after shift: 432
attacks: 360850920143060992
get_rook_attacks for square 63
occupancy after mask: 9115285645806305280
occupancy after magic mul: 12509465683603554304
occupancy after shift: 2777
attacks: 4647714815446351872
get_bishop_attacks for square 59
occupancy after mask: 5629499534213120
occupancy after magic mul: 15078051552436420608
occupancy after shift: 26
attacks: 5629499534213120
get_rook_attacks for square 59
occupancy after mask: 8505047896289183744
occupancy after magic mul: 15929372902967808000
occupancy after shift: 1768
attacks: 1443403680572243968
Enter makemove
get_bishop_attacks for square 4
occupancy after mask: 272384
occupancy after magic mul: 12764626998232350720
occupancy after shift: 22
attacks: 10240
get_rook_attacks for square 4
occupancy after mask: 4503599895810158
occupancy after magic mul: 10622042918875262976
occupancy after shift: 1179
attacks: 4136
get_bishop_attacks for square 2
occupancy after mask: 2560
occupancy after magic mul: 1175443006172430336
occupancy after shift: 2
attacks: 2560
get_bishop_attacks for square 5
occupancy after mask: 20480
occupancy after magic mul: 2930165545624227840
occupancy after shift: 5
attacks: 20480
get_rook_attacks for square 0
occupancy after mask: 281474976776574
occupancy after magic mul: 3306797234737065920
occupancy after shift: 734
attacks: 258
get_rook_attacks for square 7
occupancy after mask: 36028797027385470
occupancy after magic mul: 4553333150679318272
occupancy after shift: 1011
attacks: 32832
get_bishop_attacks for square 3
occupancy after mask: 2102272
occupancy after magic mul: 16216387500604694528
occupancy after shift: 28
attacks: 5120
get_rook_attacks for square 3
occupancy after mask: 2251799813687414
occupancy after magic mul: 1381021119838140534
occupancy after shift: 153
attacks: 2068
get_bishop_attacks for square 58
occupancy after mask: 2814749767106560
occupancy after magic mul: 2328361007350546432
occupancy after shift: 4
attacks: 2814749767106560
get_bishop_attacks for square 61
occupancy after mask: 22517998136852480
occupancy after magic mul: 2305843009213693952
occupancy after shift: 4
attacks: 22517998136852480
get_rook_attacks for square 57
occupancy after mask: 8935704610656485888
occupancy after magic mul: 3891744498442174976
occupancy after shift: 432
attacks: 360850920143060992
get_rook_attacks for square 63
occupancy after mask: 9115285645806305280
occupancy after magic mul: 12509465683603554304
occupancy after shift: 2777
attacks: 4647714815446351872
get_bishop_attacks for square 59
occupancy after mask: 5629499534213120
occupancy after magic mul: 15078051552436420608
occupancy after shift: 26
attacks: 5629499534213120
get_rook_attacks for square 59
occupancy after mask: 8505047896289183744
occupancy after magic mul: 15929372902967808000
occupancy after shift: 1768
attacks: 1443403680572243968
Enter makemove
get_bishop_attacks for square 4
occupancy after mask: 272384
occupancy after magic mul: 12764626998232350720
occupancy after shift: 22
attacks: 10240
get_rook_attacks for square 4
occupancy after mask: 4503599627374702
occupancy after magic mul: 10604027970609967104
occupancy after shift: 1177
attacks: 4136
get_bishop_attacks for square 2
occupancy after mask: 2560
occupancy after magic mul: 1175443006172430336
occupancy after shift: 2
attacks: 2560
get_bishop_attacks for square 5
occupancy after mask: 20480
occupancy after magic mul: 2930165545624227840
occupancy after shift: 5
attacks: 20480
get_rook_attacks for square 0
occupancy after mask: 281474976776574
occupancy after magic mul: 3306797234737065920
occupancy after shift: 734
attacks: 258
get_rook_attacks for square 7
occupancy after mask: 36028797027385470
occupancy after magic mul: 4553333150679318272
occupancy after shift: 1011
attacks: 32832
get_bishop_attacks for square 3
occupancy after mask: 2102272
occupancy after magic mul: 16216387500604694528
occupancy after shift: 28
attacks: 5120
get_rook_attacks for square 3
occupancy after mask: 2251799813687414
occupancy after magic mul: 1381021119838140534
occupancy after shift: 153
attacks: 2068
get_bishop_attacks for square 58
occupancy after mask: 2814749767106560
occupancy after magic mul: 2328361007350546432
occupancy after shift: 4
attacks: 2814749767106560
get_bishop_attacks for square 61
occupancy after mask: 22517998136852480
occupancy after magic mul: 2305843009213693952
occupancy after shift: 4
attacks: 22517998136852480
get_rook_attacks for square 57
occupancy after mask: 8935704610656485888
occupancy after magic mul: 3891744498442174976
occupancy after shift: 432
attacks: 360850920143060992
get_rook_attacks for square 63
occupancy after mask: 9115285645806305280
occupancy after magic mul: 12509465683603554304
occupancy after shift: 2777
attacks: 4647714815446351872
get_bishop_attacks for square 59
occupancy after mask: 5629499534213120
occupancy after magic mul: 15078051552436420608
occupancy after shift: 26
attacks: 5629499534213120
get_rook_attacks for square 59
occupancy after mask: 8505047896289183744
occupancy after magic mul: 15929372902967808000
occupancy after shift: 1768
attacks: 1443403680572243968
Enter makemove
get_bishop_attacks for square 4
occupancy after mask: 272384
occupancy after magic mul: 12764626998232350720
occupancy after shift: 22
attacks: 10240
get_rook_attacks for square 4
occupancy after mask: 4503599627374702
occupancy after magic mul: 10604027970609967104
occupancy after shift: 1177
attacks: 4136
get_bishop_attacks for square 2
occupancy after mask: 2560
occupancy after magic mul: 1175443006172430336
occupancy after shift: 2
attacks: 2560
get_bishop_attacks for square 5
occupancy after mask: 20480
occupancy after magic mul: 2930165545624227840
occupancy after shift: 5
attacks: 20480
get_rook_attacks for square 0
occupancy after mask: 281474976776574
occupancy after magic mul: 3306797234737065920
occupancy after shift: 734
attacks: 258
get_rook_attacks for square 7
occupancy after mask: 36028797027385470
occupancy after magic mul: 4553333150679318272
occupancy after shift: 1011
attacks: 32832
get_bishop_attacks for square 3
occupancy after mask: 2102272
occupancy after magic mul: 16216387500604694528
occupancy after shift: 28
attacks: 5120
get_rook_attacks for square 3
occupancy after mask: 2251799813687414
occupancy after magic mul: 1381021119838140534
occupancy after shift: 153
attacks: 2068
get_bishop_attacks for square 58
occupancy after mask: 2814749767106560
occupancy after magic mul: 2328361007350546432
occupancy after shift: 4
attacks: 2814749767106560
get_bishop_attacks for square 61
occupancy after mask: 22517998136852480
occupancy after magic mul: 2305843009213693952
occupancy after shift: 4
attacks: 22517998136852480
get_rook_attacks for square 57
occupancy after mask: 8935704610656485888
occupancy after magic mul: 3891744498442174976
occupancy after shift: 432
attacks: 360850920143060992
get_rook_attacks for square 63
occupancy after mask: 9115285645806305280
occupancy after magic mul: 12509465683603554304
occupancy after shift: 2777
attacks: 4647714815446351872
get_bishop_attacks for square 59
occupancy after mask: 5629499534213120
occupancy after magic mul: 15078051552436420608
occupancy after shift: 26
attacks: 5629499534213120
get_rook_attacks for square 59
occupancy after mask: 8505047896289183744
occupancy after magic mul: 15929372902967808000
occupancy after shift: 1768
attacks: 1443403680572243968
Enter makemove
get_bishop_attacks for square 4
occupancy after mask: 272384
occupancy after magic mul: 12764626998232350720
occupancy after shift: 22
attacks: 10240
get_rook_attacks for square 4
occupancy after mask: 4503599895810158
occupancy after magic mul: 10622042918875262976
occupancy after shift: 1179
attacks: 4136
get_bishop_attacks for square 2
occupancy after mask: 2560
occupancy after magic mul: 1175443006172430336
occupancy after shift: 2
attacks: 2560
get_bishop_attacks for square 5
occupancy after mask: 20480
occupancy after magic mul: 2930165545624227840
occupancy after shift: 5
attacks: 20480
get_rook_attacks for square 0
occupancy after mask: 281474976776574
occupancy after magic mul: 3306797234737065920
occupancy after shift: 734
attacks: 258
get_rook_attacks for square 7
occupancy after mask: 36028797027385470
occupancy after magic mul: 4553333150679318272
occupancy after shift: 1011
attacks: 32832
get_bishop_attacks for square 3
occupancy after mask: 2102272
occupancy after magic mul: 16216387500604694528
occupancy after shift: 28
attacks: 5120
get_rook_attacks for square 3
occupancy after mask: 2251799813687414
occupancy after magic mul: 1381021119838140534
occupancy after shift: 153
attacks: 2068
get_bishop_attacks for square 58
occupancy after mask: 2814749767106560
occupancy after magic mul: 2328361007350546432
occupancy after shift: 4
attacks: 2814749767106560
get_bishop_attacks for square 61
occupancy after mask: 22517998136852480
occupancy after magic mul: 2305843009213693952
occupancy after shift: 4
attacks: 22517998136852480
get_rook_attacks for square 57
occupancy after mask: 8935704610656485888
occupancy after magic mul: 3891744498442174976
occupancy after shift: 432
attacks: 360850920143060992
get_rook_attacks for square 63
occupancy after mask: 9115285645806305280
occupancy after magic mul: 12509465683603554304
occupancy after shift: 2777
attacks: 4647714815446351872
get_bishop_attacks for square 59
occupancy after mask: 5629499534213120
occupancy after magic mul: 15078051552436420608
occupancy after shift: 26
attacks: 5629499534213120
get_rook_attacks for square 59
occupancy after mask: 8505047896289183744
occupancy after magic mul: 15929372902967808000
occupancy after shift: 1768
attacks: 1443403680572243968
Enter makemove
get_bishop_attacks for square 4
occupancy after mask: 272384
occupancy after magic mul: 12764626998232350720
occupancy after shift: 22
attacks: 10240
get_rook_attacks for square 4
occupancy after mask: 4503599895810158
occupancy after magic mul: 10622042918875262976
occupancy after shift: 1179
attacks: 4136
get_bishop_attacks for square 2
occupancy after mask: 2560
occupancy after magic mul: 1175443006172430336
occupancy after shift: 2
attacks: 2560
get_bishop_attacks for square 5
occupancy after mask: 20480
occupancy after magic mul: 2930165545624227840
occupancy after shift: 5
attacks: 20480
get_rook_attacks for square 0
occupancy after mask: 281474976776574
occupancy after magic mul: 3306797234737065920
occupancy after shift: 734
attacks: 258
get_rook_attacks for square 7
occupancy after mask: 36028797027385470
occupancy after magic mul: 4553333150679318272
occupancy after shift: 1011
attacks: 32832
get_bishop_attacks for square 3
occupancy after mask: 2102272
occupancy after magic mul: 16216387500604694528
occupancy after shift: 28
attacks: 5120
get_rook_attacks for square 3
occupancy after mask: 2251799813687414
occupancy after magic mul: 1381021119838140534
occupancy after shift: 153
attacks: 2068
get_bishop_attacks for square 58
occupancy after mask: 2814749767106560
occupancy after magic mul: 2328361007350546432
occupancy after shift: 4
attacks: 2814749767106560
get_bishop_attacks for square 61
occupancy after mask: 22517998136852480
occupancy after magic mul: 2305843009213693952
occupancy after shift: 4
attacks: 22517998136852480
get_rook_attacks for square 57
occupancy after mask: 8935704610656485888
occupancy after magic mul: 3891744498442174976
occupancy after shift: 432
attacks: 360850920143060992
get_rook_attacks for square 63
occupancy after mask: 9115285645806305280
occupancy after magic mul: 12509465683603554304
occupancy after shift: 2777
attacks: 4647714815446351872
get_bishop_attacks for square 59
occupancy after mask: 5629499534213120
occupancy after magic mul: 15078051552436420608
occupancy after shift: 26
attacks: 5629499534213120
get_rook_attacks for square 59
occupancy after mask: 8505047896289183744
occupancy after magic mul: 15929372902967808000
occupancy after shift: 1768
attacks: 1443403680572243968
Enter makemove
get_bishop_attacks for square 4
occupancy after mask: 272384
occupancy after magic mul: 12764626998232350720
occupancy after shift: 22
attacks: 10240
get_rook_attacks for square 4
occupancy after mask: 4503599895810126
occupancy after magic mul: 4857347432763256832
occupancy after shift: 539
attacks: 4200
get_bishop_attacks for square 2
occupancy after mask: 2560
occupancy after magic mul: 1175443006172430336
occupancy after shift: 2
attacks: 2560
get_bishop_attacks for square 12
occupancy after mask: 2097152
occupancy after magic mul: 9268548822156443648
occupancy after shift: 16
attacks: 1108171292712
get_rook_attacks for square 0
occupancy after mask: 281474976776542
occupancy after magic mul: 15988837028354534336
occupancy after shift: 3550
attacks: 258
get_rook_attacks for square 7
occupancy after mask: 36028797027385438
occupancy after magic mul: 3400407213129346816
occupancy after shift: 755
attacks: 32832
get_bishop_attacks for square 3
occupancy after mask: 2102272
occupancy after magic mul: 16216387500604694528
occupancy after shift: 28
attacks: 5120
get_rook_attacks for square 3
occupancy after mask: 2251799813687382
occupancy after magic mul: 9451328715305957462
occupancy after shift: 1049
attacks: 2068
get_bishop_attacks for square 58
occupancy after mask: 2814749767106560
occupancy after magic mul: 2328361007350546432
occupancy after shift: 4
attacks: 2814749767106560
get_bishop_attacks for square 61
occupancy after mask: 22517998136852480
occupancy after magic mul: 2305843009213693952
occupancy after shift: 4
attacks: 22517998136852480
get_rook_attacks for square 57
occupancy after mask: 8935704610656485888
occupancy after magic mul: 3891744498442174976
occupancy after shift: 432
attacks: 360850920143060992
get_rook_attacks for square 63
occupancy after mask: 9115285645806305280
occupancy after magic mul: 12509465683603554304
occupancy after shift: 2777
attacks: 4647714815446351872
get_bishop_attacks for square 59
occupancy after mask: 5629499534213120
occupancy after magic mul: 15078051552436420608
occupancy after shift: 26
attacks: 5629499534213120
get_rook_attacks for square 59
occupancy after mask: 8505047896289183744
occupancy after magic mul: 15929372902967808000
occupancy after shift: 1768
attacks: 1443403680572243968
Enter makemove
get_bishop_attacks for square 4
occupancy after mask: 272384
occupancy after magic mul: 12764626998232350720
occupancy after shift: 22
attacks: 10240
get_rook_attacks for square 4
occupancy after mask: 4503599895810126
occupancy after magic mul: 4857347432763256832
occupancy after shift: 539
attacks: 4200
get_bishop_attacks for square 2
occupancy after mask: 2560
occupancy after magic mul: 1175443006172430336
occupancy after shift: 2
attacks: 2560
get_bishop_attacks for square 14
occupancy after mask: 562950223953920
occupancy after magic mul: 6595101095922499584
occupancy after shift: 11
attacks: 10485920
get_rook_attacks for square 0
occupancy after mask: 281474976776542
occupancy after magic mul: 15988837028354534336
occupancy after shift: 3550
attacks: 258
get_rook_attacks for square 7
occupancy after mask: 36028797027385438
occupancy after magic mul: 3400407213129346816
occupancy after shift: 755
attacks: 32832
get_bishop_attacks for square 3
occupancy after mask: 2102272
occupancy after magic mul: 16216387500604694528
occupancy after shift: 28
attacks: 5120
get_rook_attacks for square 3
occupancy after mask: 2251799813687382
occupancy after magic mul: 9451328715305957462
occupancy after shift: 1049
attacks: 2068
get_bishop_attacks for square 58
occupancy after mask: 2814749767106560
occupancy after magic mul: 2328361007350546432
occupancy after shift: 4
attacks: 2814749767106560
get_bishop_attacks for square 61
occupancy after mask: 22517998136852480
occupancy after magic mul: 2305843009213693952
occupancy after shift: 4
attacks: 22517998136852480
get_rook_attacks for square 57
occupancy after mask: 8935704610656485888
occupancy after magic mul: 3891744498442174976
occupancy after shift: 432
attacks: 360850920143060992
get_rook_attacks for square 63
occupancy after mask: 9115285645806305280
occupancy after magic mul: 12509465683603554304
occupancy after shift: 2777
attacks: 4647714815446351872
get_bishop_attacks for square 59
occupancy after mask: 5629499534213120
occupancy after magic mul: 15078051552436420608
occupancy after shift: 26
attacks: 5629499534213120
get_rook_attacks for square 59
occupancy after mask: 8505047896289183744
occupancy after magic mul: 15929372902967808000
occupancy after shift: 1768
attacks: 1443403680572243968
Enter makemove
get_bishop_attacks for square 4
occupancy after mask: 272384
occupancy after magic mul: 12764626998232350720
occupancy after shift: 22
attacks: 10240
get_rook_attacks for square 4
occupancy after mask: 4503599895810158
occupancy after magic mul: 10622042918875262976
occupancy after shift: 1179
attacks: 4136
get_bishop_attacks for square 2
occupancy after mask: 2560
occupancy after magic mul: 1175443006172430336
occupancy after shift: 2
attacks: 2560
get_bishop_attacks for square 5
occupancy after mask: 20480
occupancy after magic mul: 2930165545624227840
occupancy after shift: 5
attacks: 20480
get_rook_attacks for square 1
occupancy after mask: 562949953421948
occupancy after magic mul: 361052204864340604
occupancy after shift: 40
attacks: 517
get_rook_attacks for square 7
occupancy after mask: 36028797027385470
occupancy after magic mul: 4553333150679318272
occupancy after shift: 1011
attacks: 32832
get_bishop_attacks for square 3
occupancy after mask: 2102272
occupancy after magic mul: 16216387500604694528
occupancy after shift: 28
attacks: 5120
get_rook_attacks for square 3
occupancy after mask: 2251799813687414
occupancy after magic mul: 1381021119838140534
occupancy after shift: 153
attacks: 2068
get_bishop_attacks for square 58
occupancy after mask: 2814749767106560
occupancy after magic mul: 2328361007350546432
occupancy after shift: 4
attacks: 2814749767106560
get_bishop_attacks for square 61
occupancy after mask: 22517998136852480
occupancy after magic mul: 2305843009213693952
occupancy after shift: 4
attacks: 22517998136852480
get_rook_attacks for square 57
occupancy after mask: 8935704610656485888
occupancy after magic mul: 3891744498442174976
occupancy after shift: 432
attacks: 360850920143060992
get_rook_attacks for square 63
occupancy after mask: 9115285645806305280
occupancy after magic mul: 12509465683603554304
occupancy after shift: 2777
attacks: 4647714815446351872
get_bishop_attacks for square 59
occupancy after mask: 5629499534213120
occupancy after magic mul: 15078051552436420608
occupancy after shift: 26
attacks: 5629499534213120
get_rook_attacks for square 59
occupancy after mask: 8505047896289183744
occupancy after magic mul: 15929372902967808000
occupancy after shift: 1768
attacks: 1443403680572243968
Enter makemove
get_bishop_attacks for square 4
occupancy after mask: 272384
occupancy after magic mul: 12764626998232350720
occupancy after shift: 22
attacks: 10240
get_rook_attacks for square 4
occupancy after mask: 4503599895810158
occupancy after magic mul: 10622042918875262976
occupancy after shift: 1179
attacks: 4136
get_bishop_attacks for square 2
occupancy after mask: 2560
occupancy after magic mul: 1175443006172430336
occupancy after shift: 2
attacks: 2560
get_bishop_attacks for square 5
occupancy after mask: 20480
occupancy after magic mul: 2930165545624227840
occupancy after shift: 5
attacks: 20480
get_rook_attacks for square 7
occupancy after mask: 36028797027385470
occupancy after magic mul: 4553333150679318272
occupancy after shift: 1011
attacks: 32832
get_rook_attacks for square 8
occupancy after mask: 281474976808448
occupancy after magic mul: 13777847576928557056
occupancy after shift: 1529
attacks: 66049
get_bishop_attacks for square 3
occupancy after mask: 2102272
occupancy after magic mul: 16216387500604694528
occupancy after shift: 28
attacks: 5120
get_rook_attacks for square 3
occupancy after mask: 2251799813687414
occupancy after magic mul: 1381021119838140534
occupancy after shift: 153
attacks: 2068
get_bishop_attacks for square 58
occupancy after mask: 2814749767106560
occupancy after magic mul: 2328361007350546432
occupancy after shift: 4
attacks: 2814749767106560
get_bishop_attacks for square 61
occupancy after mask: 22517998136852480
occupancy after magic mul: 2305843009213693952
occupancy after shift: 4
attacks: 22517998136852480
get_rook_attacks for square 57
occupancy after mask: 8935704610656485888
occupancy after magic mul: 3891744498442174976
occupancy after shift: 432
attacks: 360850920143060992
get_rook_attacks for square 63
occupancy after mask: 9115285645806305280
occupancy after magic mul: 12509465683603554304
occupancy after shift: 2777
attacks: 4647714815446351872
get_bishop_attacks for square 59
occupancy after mask: 5629499534213120
occupancy after magic mul: 15078051552436420608
occupancy after shift: 26
attacks: 5629499534213120
get_rook_attacks for square 59
occupancy after mask: 8505047896289183744
occupancy after magic mul: 15929372902967808000
occupancy after shift: 1768
attacks: 1443403680572243968
Enter makemove
get_bishop_attacks for square 4
occupancy after mask: 272384
occupancy after magic mul: 12764626998232350720
occupancy after shift: 22
attacks: 10240
get_rook_attacks for square 4
occupancy after mask: 4503599895810158
occupancy after magic mul: 10622042918875262976
occupancy after shift: 1179
attacks: 4136
get_bishop_attacks for square 2
occupancy after mask: 2560
occupancy after magic mul: 1175443006172430336
occupancy after shift: 2
attacks: 2560
get_bishop_attacks for square 5
occupancy after mask: 20480
occupancy after magic mul: 2930165545624227840
occupancy after shift: 5
attacks: 20480
get_rook_attacks for square 0
occupancy after mask: 281474976776574
occupancy after magic mul: 3306797234737065920
occupancy after shift: 734
attacks: 258
get_rook_attacks for square 6
occupancy after mask: 18014398509498430
occupancy after magic mul: 13510935497540894464
occupancy after shift: 1500
attacks: 16544
get_bishop_attacks for square 3
occupancy after mask: 2102272
occupancy after magic mul: 16216387500604694528
occupancy after shift: 28
attacks: 5120
get_rook_attacks for square 3
occupancy after mask: 2251799813687414
occupancy after magic mul: 1381021119838140534
occupancy after shift: 153
attacks: 2068
get_bishop_attacks for square 58
occupancy after mask: 2814749767106560
occupancy after magic mul: 2328361007350546432
occupancy after shift: 4
attacks: 2814749767106560
get_bishop_attacks for square 61
occupancy after mask: 22517998136852480
occupancy after magic mul: 2305843009213693952
occupancy after shift: 4
attacks: 22517998136852480
get_rook_attacks for square 57
occupancy after mask: 8935704610656485888
occupancy after magic mul: 3891744498442174976
occupancy after shift: 432
attacks: 360850920143060992
get_rook_attacks for square 63
occupancy after mask: 9115285645806305280
occupancy after magic mul: 12509465683603554304
occupancy after shift: 2777
attacks: 4647714815446351872
get_bishop_attacks for square 59
occupancy after mask: 5629499534213120
occupancy after magic mul: 15078051552436420608
occupancy after shift: 26
attacks: 5629499534213120
get_rook_attacks for square 59
occupancy after mask: 8505047896289183744
occupancy after magic mul: 15929372902967808000
occupancy after shift: 1768
attacks: 1443403680572243968
Enter makemove
get_bishop_attacks for square 4
occupancy after mask: 272384
occupancy after magic mul: 12764626998232350720
occupancy after shift: 22
attacks: 10240
get_rook_attacks for square 4
occupancy after mask: 4503599895810158
occupancy after magic mul: 10622042918875262976
occupancy after shift: 1179
attacks: 4136
get_bishop_attacks for square 2
occupancy after mask: 2560
occupancy after magic mul: 1175443006172430336
occupancy after shift: 2
attacks: 2560
get_bishop_attacks for square 5
occupancy after mask: 20480
occupancy after magic mul: 2930165545624227840
occupancy after shift: 5
attacks: 20480
get_rook_attacks for square 0
occupancy after mask: 281474976776574
occupancy after magic mul: 3306797234737065920
occupancy after shift: 734
attacks: 258
get_rook_attacks for square 15
occupancy after mask: 36028797027384832
occupancy after magic mul: 14956522671280487424
occupancy after shift: 1660
attacks: 8405120
get_bishop_attacks for square 3
occupancy after mask: 2102272
occupancy after magic mul: 16216387500604694528
occupancy after shift: 28
attacks: 5120
get_rook_attacks for square 3
occupancy after mask: 2251799813687414
occupancy after magic mul: 1381021119838140534
occupancy after shift: 153
attacks: 2068
get_bishop_attacks for square 58
occupancy after mask: 2814749767106560
occupancy after magic mul: 2328361007350546432
occupancy after shift: 4
attacks: 2814749767106560
get_bishop_attacks for square 61
occupancy after mask: 22517998136852480
occupancy after magic mul: 2305843009213693952
occupancy after shift: 4
attacks: 22517998136852480
get_rook_attacks for square 57
occupancy after mask: 8935704610656485888
occupancy after magic mul: 3891744498442174976
occupancy after shift: 432
attacks: 360850920143060992
get_rook_attacks for square 63
occupancy after mask: 9115285645806305280
occupancy after magic mul: 12509465683603554304
occupancy after shift: 2777
attacks: 4647714815446351872
get_bishop_attacks for square 59
occupancy after mask: 5629499534213120
occupancy after magic mul: 15078051552436420608
occupancy after shift: 26
attacks: 5629499534213120
get_rook_attacks for square 59
occupancy after mask: 8505047896289183744
occupancy after magic mul: 15929372902967808000
occupancy after shift: 1768
attacks: 1443403680572243968
Enter makemove
get_bishop_attacks for square 4
occupancy after mask: 272384
occupancy after magic mul: 12764626998232350720
occupancy after shift: 22
attacks: 10240
get_rook_attacks for square 4
occupancy after mask: 4503599895810150
occupancy after magic mul: 9180869047347261440
occupancy after shift: 1019
attacks: 4140
get_bishop_attacks for square 2
occupancy after mask: 2560
occupancy after magic mul: 1175443006172430336
occupancy after shift: 2
attacks: 2560
get_bishop_attacks for square 5
occupancy after mask: 20480
occupancy after magic mul: 2930165545624227840
occupancy after shift: 5
attacks: 20480
get_rook_attacks for square 0
occupancy after mask: 281474976776566
occupancy after magic mul: 15700679219996208832
occupancy after shift: 3486
attacks: 258
get_rook_attacks for square 7
occupancy after mask: 36028797027385462
occupancy after magic mul: 18100159721573989120
occupancy after shift: 4019
attacks: 32832
get_bishop_attacks for square 2
occupancy after mask: 2560
occupancy after magic mul: 1175443006172430336
occupancy after shift: 2
attacks: 2560
get_rook_attacks for square 2
occupancy after mask: 1125899907105906
occupancy after magic mul: 17550105996184198272
occupancy after shift: 1948
attacks: 1050
get_bishop_attacks for square 58
occupancy after mask: 2814749767106560
occupancy after magic mul: 2328361007350546432
occupancy after shift: 4
attacks: 2814749767106560
get_bishop_attacks for square 61
occupancy after mask: 22517998136852480
occupancy after magic mul: 2305843009213693952
occupancy after shift: 4
attacks: 22517998136852480
get_rook_attacks for square 57
occupancy after mask: 8935704610656485888
occupancy after magic mul: 3891744498442174976
occupancy after shift: 432
attacks: 360850920143060992
get_rook_attacks for square 63
occupancy after mask: 9115285645806305280
occupancy after magic mul: 12509465683603554304
occupancy after shift: 2777
attacks: 4647714815446351872
get_bishop_attacks for square 59
occupancy after mask: 5629499534213120
occupancy after magic mul: 15078051552436420608
occupancy after shift: 26
attacks: 5629499534213120
get_rook_attacks for square 59
occupancy after mask: 8505047896289183744
occupancy after magic mul: 15929372902967808000
occupancy after shift: 1768
attacks: 1443403680572243968
Enter makemove
get_bishop_attacks for square 4
occupancy after mask: 272384
occupancy after magic mul: 12764626998232350720
occupancy after shift: 22
attacks: 10240
get_rook_attacks for square 4
occupancy after mask: 4503599895810150
occupancy after magic mul: 9180869047347261440
occupancy after shift: 1019
attacks: 4140
get_bishop_attacks for square 2
occupancy after mask: 2560
occupancy after magic mul: 1175443006172430336
occupancy after shift: 2
attacks: 2560
get_bishop_attacks for square 5
occupancy after mask: 20480
occupancy after magic mul: 2930165545624227840
occupancy after shift: 5
attacks: 20480
get_rook_attacks for square 0
occupancy after mask: 281474976776566
occupancy after magic mul: 15700679219996208832
occupancy after shift: 3486
attacks: 258
get_rook_attacks for square 7
occupancy after mask: 36028797027385462
occupancy after magic mul: 18100159721573989120
occupancy after shift: 4019
attacks: 32832
get_bishop_attacks for square 4
occupancy after mask: 272384
occupancy after magic mul: 12764626998232350720
occupancy after shift: 22
attacks: 10240
get_rook_attacks for square 4
occupancy after mask: 4503599895810150
occupancy after magic mul: 9180869047347261440
occupancy after shift: 1019
attacks: 4140
get_bishop_attacks for square 58
occupancy after mask: 2814749767106560
occupancy after magic mul: 2328361007350546432
occupancy after shift: 4
attacks: 2814749767106560
get_bishop_attacks for square 61
occupancy after mask: 22517998136852480
occupancy after magic mul: 2305843009213693952
occupancy after shift: 4
attacks: 22517998136852480
get_rook_attacks for square 57
occupancy after mask: 8935704610656485888
occupancy after magic mul: 3891744498442174976
occupancy after shift: 432
attacks: 360850920143060992
get_rook_attacks for square 63
occupancy after mask: 9115285645806305280
occupancy after magic mul: 12509465683603554304
occupancy after shift: 2777
attacks: 4647714815446351872
get_bishop_attacks for square 59
occupancy after mask: 5629499534213120
occupancy after magic mul: 15078051552436420608
occupancy after shift: 26
attacks: 5629499534213120
get_rook_attacks for square 59
occupancy after mask: 8505047896289183744
occupancy after magic mul: 15929372902967808000
occupancy after shift: 1768
attacks: 1443403680572243968
Enter makemove
get_bishop_attacks for square 4
occupancy after mask: 272384
occupancy after magic mul: 12764626998232350720
occupancy after shift: 22
attacks: 10240
get_rook_attacks for square 4
occupancy after mask: 4503599895810150
occupancy after magic mul: 9180869047347261440
occupancy after shift: 1019
attacks: 4140
get_bishop_attacks for square 2
occupancy after mask: 2560
occupancy after magic mul: 1175443006172430336
occupancy after shift: 2
attacks: 2560
get_bishop_attacks for square 5
occupancy after mask: 20480
occupancy after magic mul: 2930165545624227840
occupancy after shift: 5
attacks: 20480
get_rook_attacks for square 0
occupancy after mask: 281474976776566
occupancy after magic mul: 15700679219996208832
occupancy after shift: 3486
attacks: 258
get_rook_attacks for square 7
occupancy after mask: 36028797027385462
occupancy after magic mul: 18100159721573989120
occupancy after shift: 4019
attacks: 32832
get_bishop_attacks for square 10
occupancy after mask: 268435456
occupancy after magic mul: 653197872124133376
occupancy after shift: 1
attacks: 285868042
get_rook_attacks for square 10
occupancy after mask: 1125899907136000
occupancy after magic mul: 2130013667861725184
occupancy after shift: 118
attacks: 264708
get_bishop_attacks for square 58
occupancy after mask: 2814749767106560
occupancy after magic mul: 2328361007350546432
occupancy after shift: 4
attacks: 2814749767106560
get_bishop_attacks for square 61
occupancy after mask: 22517998136852480
occupancy after magic mul: 2305843009213693952
occupancy after shift: 4
attacks: 22517998136852480
get_rook_attacks for square 57
occupancy after mask: 8935704610656485888
occupancy after magic mul: 3891744498442174976
occupancy after shift: 432
attacks: 360850920143060992
get_rook_attacks for square 63
occupancy after mask: 9115285645806305280
occupancy after magic mul: 12509465683603554304
occupancy after shift: 2777
attacks: 4647714815446351872
get_bishop_attacks for square 59
occupancy after mask: 5629499534213120
occupancy after magic mul: 15078051552436420608
occupancy after shift: 26
attacks: 5629499534213120
get_rook_attacks for square 59
occupancy after mask: 8505047896289183744
occupancy after magic mul: 15929372902967808000
occupancy after shift: 1768
attacks: 1443403680572243968
Enter makemove
get_bishop_attacks for square 4
occupancy after mask: 272384
occupancy after magic mul: 12764626998232350720
occupancy after shift: 22
attacks: 10240
get_rook_attacks for square 4
occupancy after mask: 4503599895810150
occupancy after magic mul: 9180869047347261440
occupancy after shift: 1019
attacks: 4140
get_bishop_attacks for square 2
occupancy after mask: 2560
occupancy after magic mul: 1175443006172430336
occupancy after shift: 2
attacks: 2560
get_bishop_attacks for square 5
occupancy after mask: 20480
occupancy after magic mul: 2930165545624227840
occupancy after shift: 5
attacks: 20480
get_rook_attacks for square 0
occupancy after mask: 281474976776566
occupancy after magic mul: 15700679219996208832
occupancy after shift: 3486
attacks: 258
get_rook_attacks for square 7
occupancy after mask: 36028797027385462
occupancy after magic mul: 18100159721573989120
occupancy after shift: 4019
attacks: 32832
get_bishop_attacks for square 11
occupancy after mask: 262144
occupancy after magic mul: 2342435374686535680
occupancy after shift: 4
attacks: 141012904443924
get_rook_attacks for square 11
occupancy after mask: 2251799813715456
occupancy after magic mul: 15494069400667865088
occupancy after shift: 860
attacks: 2260630401192968
get_bishop_attacks for square 58
occupancy after mask: 2814749767106560
occupancy after magic mul: 2328361007350546432
occupancy after shift: 4
attacks: 2814749767106560
get_bishop_attacks for square 61
occupancy after mask: 22517998136852480
occupancy after magic mul: 2305843009213693952
occupancy after shift: 4
attacks: 22517998136852480
get_rook_attacks for square 57
occupancy after mask: 8935704610656485888
occupancy after magic mul: 3891744498442174976
occupancy after shift: 432
attacks: 360850920143060992
get_rook_attacks for square 63
occupancy after mask: 9115285645806305280
occupancy after magic mul: 12509465683603554304
occupancy after shift: 2777
attacks: 4647714815446351872
get_bishop_attacks for square 59
occupancy after mask: 5629499534213120
occupancy after magic mul: 15078051552436420608
occupancy after shift: 26
attacks: 5629499534213120
get_rook_attacks for square 59
occupancy after mask: 8505047896289183744
occupancy after magic mul: 15929372902967808000
occupancy after shift: 1768
attacks: 1443403680572243968
Enter makemove
get_bishop_attacks for square 4
occupancy after mask: 272384
occupancy after magic mul: 12764626998232350720
occupancy after shift: 22
attacks: 10240
get_rook_attacks for square 4
occupancy after mask: 4503599895810150
occupancy after magic mul: 9180869047347261440
occupancy after shift: 1019
attacks: 4140
get_bishop_attacks for square 2
occupancy after mask: 2560
occupancy after magic mul: 1175443006172430336
occupancy after shift: 2
attacks: 2560
get_bishop_attacks for square 5
occupancy after mask: 20480
occupancy after magic mul: 2930165545624227840
occupancy after shift: 5
attacks: 20480
get_rook_attacks for square 0
occupancy after mask: 281474976776566
occupancy after magic mul: 15700679219996208832
occupancy after shift: 3486
attacks: 258
get_rook_attacks for square 7
occupancy after mask: 36028797027385462
occupancy after magic mul: 18100159721573989120
occupancy after shift: 4019
attacks: 32832
get_bishop_attacks for square 12
occupancy after mask: 2097152
occupancy after magic mul: 9268548822156443648
occupancy after shift: 16
attacks: 1108171292712
get_rook_attacks for square 12
occupancy after mask: 4503599895834112
occupancy after magic mul: 11169965056600768512
occupancy after shift: 620
attacks: 269494288
get_bishop_attacks for square 58
occupancy after mask: 2814749767106560
occupancy after magic mul: 2328361007350546432
occupancy after shift: 4
attacks: 2814749767106560
get_bishop_attacks for square 61
occupancy after mask: 22517998136852480
occupancy after magic mul: 2305843009213693952
occupancy after shift: 4
attacks: 22517998136852480
get_rook_attacks for square 57
occupancy after mask: 8935704610656485888
occupancy after magic mul: 3891744498442174976
occupancy after shift: 432
attacks: 360850920143060992
get_rook_attacks for square 63
occupancy after mask: 9115285645806305280
occupancy after magic mul: 12509465683603554304
occupancy after shift: 2777
attacks: 4647714815446351872
get_bishop_attacks for square 59
occupancy after mask: 5629499534213120
occupancy after magic mul: 15078051552436420608
occupancy after shift: 26
attacks: 5629499534213120
get_rook_attacks for square 59
occupancy after mask: 8505047896289183744
occupancy after magic mul: 15929372902967808000
occupancy after shift: 1768
attacks: 1443403680572243968
Undoing move: a8b8
Searching move 4: h8g8
Enter makemove
get_bishop_attacks for square 60
occupancy after mask: 11258999068426240
occupancy after magic mul: 2938598756859248640
occupancy after shift: 5
attacks: 11258999068426240
get_rook_attacks for square 60
occupancy after mask: 7930838944067883008
occupancy after magic mul: 4405225506530664448
occupancy after shift: 489
attacks: 2886807361144487936
Enter alpha_beta_search
Entering alpha_beta_search function (current_depth 0, max_depth 2)
tt.probe called with key = 15077415436796270404, num_entries = 18350080
calculated index = 2332484
Accessing table[index].key
get_bishop_attacks for square 2
occupancy after mask: 2560
occupancy after magic mul: 1175443006172430336
occupancy after shift: 2
attacks: 2560
get_bishop_attacks for square 5
occupancy after mask: 20480
occupancy after magic mul: 2930165545624227840
occupancy after shift: 5
attacks: 20480
get_rook_attacks for square 0
occupancy after mask: 281474976776574
occupancy after magic mul: 3306797234737065920
occupancy after shift: 734
attacks: 258
get_rook_attacks for square 7
occupancy after mask: 36028797027385470
occupancy after magic mul: 4553333150679318272
occupancy after shift: 1011
attacks: 32832
get_bishop_attacks for square 3
occupancy after mask: 2102272
occupancy after magic mul: 16216387500604694528
occupancy after shift: 28
attacks: 5120
get_rook_attacks for square 3
occupancy after mask: 2251799813687414
occupancy after magic mul: 1381021119838140534
occupancy after shift: 153
attacks: 2068
get_bishop_attacks for square 58
occupancy after mask: 2814749767106560
occupancy after magic mul: 2328361007350546432
occupancy after shift: 4
attacks: 2814749767106560
get_bishop_attacks for square 61
occupancy after mask: 22517998136852480
occupancy after magic mul: 2305843009213693952
occupancy after shift: 4
attacks: 22517998136852480
get_rook_attacks for square 56
occupancy after mask: 9079538323755696384
occupancy after magic mul: 2270307137825669376
occupancy after shift: 504
attacks: 144396663052566528
get_rook_attacks for square 62
occupancy after mask: 4485585228861030400
occupancy after magic mul: 1820582350537424896
occupancy after shift: 202
attacks: 11547229444577951744
get_bishop_attacks for square 59
occupancy after mask: 5629499534213120
occupancy after magic mul: 15078051552436420608
occupancy after shift: 26
attacks: 5629499534213120
get_rook_attacks for square 59
occupancy after mask: 8505047896289183744
occupancy after magic mul: 15929372902967808000
occupancy after shift: 1768
attacks: 1443403680572243968
get_bishop_attacks for square 2
occupancy after mask: 2560
occupancy after magic mul: 1175443006172430336
occupancy after shift: 2
attacks: 2560
get_bishop_attacks for square 5
occupancy after mask: 20480
occupancy after magic mul: 2930165545624227840
occupancy after shift: 5
attacks: 20480
get_rook_attacks for square 0
occupancy after mask: 281474976776574
occupancy after magic mul: 3306797234737065920
occupancy after shift: 734
attacks: 258
get_rook_attacks for square 7
occupancy after mask: 36028797027385470
occupancy after magic mul: 4553333150679318272
occupancy after shift: 1011
attacks: 32832
get_rook_attacks for square 3
occupancy after mask: 2251799813687414
occupancy after magic mul: 1381021119838140534
occupancy after shift: 153
attacks: 2068
get_bishop_attacks for square 3
occupancy after mask: 2102272
occupancy after magic mul: 16216387500604694528
occupancy after shift: 28
attacks: 5120
Enter makemove
get_bishop_attacks for square 4
occupancy after mask: 272384
occupancy after magic mul: 12764626998232350720
occupancy after shift: 22
attacks: 10240
get_rook_attacks for square 4
occupancy after mask: 4503599895810158
occupancy after magic mul: 10622042918875262976
occupancy after shift: 1179
attacks: 4136
get_bishop_attacks for square 2
occupancy after mask: 2560
occupancy after magic mul: 1175443006172430336
occupancy after shift: 2
attacks: 2560
get_bishop_attacks for square 5
occupancy after mask: 20480
occupancy after magic mul: 2930165545624227840
occupancy after shift: 5
attacks: 20480
get_rook_attacks for square 0
occupancy after mask: 281474976776574
occupancy after magic mul: 3306797234737065920
occupancy after shift: 734
attacks: 258
get_rook_attacks for square 7
occupancy after mask: 36028797027385470
occupancy after magic mul: 4553333150679318272
occupancy after shift: 1011
attacks: 32832
get_bishop_attacks for square 3
occupancy after mask: 2102272
occupancy after magic mul: 16216387500604694528
occupancy after shift: 28
attacks: 5120
get_rook_attacks for square 3
occupancy after mask: 2251799813687414
occupancy after magic mul: 1381021119838140534
occupancy after shift: 153
attacks: 2068
get_bishop_attacks for square 58
occupancy after mask: 2814749767106560
occupancy after magic mul: 2328361007350546432
occupancy after shift: 4
attacks: 2814749767106560
get_bishop_attacks for square 61
occupancy after mask: 22517998136852480
occupancy after magic mul: 2305843009213693952
occupancy after shift: 4
attacks: 22517998136852480
get_rook_attacks for square 56
occupancy after mask: 9079538323755696384
occupancy after magic mul: 2270307137825669376
occupancy after shift: 504
attacks: 144396663052566528
get_rook_attacks for square 62
occupancy after mask: 4485585228861030400
occupancy after magic mul: 1820582350537424896
occupancy after shift: 202
attacks: 11547229444577951744
get_bishop_attacks for square 59
occupancy after mask: 5629499534213120
occupancy after magic mul: 15078051552436420608
occupancy after shift: 26
attacks: 5629499534213120
get_rook_attacks for square 59
occupancy after mask: 8505047896289183744
occupancy after magic mul: 15929372902967808000
occupancy after shift: 1768
attacks: 1443403680572243968
Enter makemove
get_bishop_attacks for square 4
occupancy after mask: 272384
occupancy after magic mul: 12764626998232350720
occupancy after shift: 22
attacks: 10240
get_rook_attacks for square 4
occupancy after mask: 4503599895810158
occupancy after magic mul: 10622042918875262976
occupancy after shift: 1179
attacks: 4136
get_bishop_attacks for square 2
occupancy after mask: 2560
occupancy after magic mul: 1175443006172430336
occupancy after shift: 2
attacks: 2560
get_bishop_attacks for square 5
occupancy after mask: 20480
occupancy after magic mul: 2930165545624227840
occupancy after shift: 5
attacks: 20480
get_rook_attacks for square 0
occupancy after mask: 281474976776574
occupancy after magic mul: 3306797234737065920
occupancy after shift: 734
attacks: 258
get_rook_attacks for square 7
occupancy after mask: 36028797027385470
occupancy after magic mul: 4553333150679318272
occupancy after shift: 1011
attacks: 32832
get_bishop_attacks for square 3
occupancy after mask: 2102272
occupancy after magic mul: 16216387500604694528
occupancy after shift: 28
attacks: 5120
get_rook_attacks for square 3
occupancy after mask: 2251799813687414
occupancy after magic mul: 1381021119838140534
occupancy after shift: 153
attacks: 2068
get_bishop_attacks for square 58
occupancy after mask: 2814749767106560
occupancy after magic mul: 2328361007350546432
occupancy after shift: 4
attacks: 2814749767106560
get_bishop_attacks for square 61
occupancy after mask: 22517998136852480
occupancy after magic mul: 2305843009213693952
occupancy after shift: 4
attacks: 22517998136852480
get_rook_attacks for square 56
occupancy after mask: 9079538323755696384
occupancy after magic mul: 2270307137825669376
occupancy after shift: 504
attacks: 144396663052566528
get_rook_attacks for square 62
occupancy after mask: 4485585228861030400
occupancy after magic mul: 1820582350537424896
occupancy after shift: 202
attacks: 11547229444577951744
get_bishop_attacks for square 59
occupancy after mask: 5629499534213120
occupancy after magic mul: 15078051552436420608
occupancy after shift: 26
attacks: 5629499534213120
get_rook_attacks for square 59
occupancy after mask: 8505047896289183744
occupancy after magic mul: 15929372902967808000
occupancy after shift: 1768
attacks: 1443403680572243968
Enter makemove
get_bishop_attacks for square 4
occupancy after mask: 272384
occupancy after magic mul: 12764626998232350720
occupancy after shift: 22
attacks: 10240
get_rook_attacks for square 4
occupancy after mask: 4503599895810158
occupancy after magic mul: 10622042918875262976
occupancy after shift: 1179
attacks: 4136
get_bishop_attacks for square 2
occupancy after mask: 2560
occupancy after magic mul: 1175443006172430336
occupancy after shift: 2
attacks: 2560
get_bishop_attacks for square 5
occupancy after mask: 20480
occupancy after magic mul: 2930165545624227840
occupancy after shift: 5
attacks: 20480
get_rook_attacks for square 0
occupancy after mask: 281474976776574
occupancy after magic mul: 3306797234737065920
occupancy after shift: 734
attacks: 258
get_rook_attacks for square 7
occupancy after mask: 36028797027385470
occupancy after magic mul: 4553333150679318272
occupancy after shift: 1011
attacks: 32832
get_bishop_attacks for square 3
occupancy after mask: 2102272
occupancy after magic mul: 16216387500604694528
occupancy after shift: 28
attacks: 5120
get_rook_attacks for square 3
occupancy after mask: 2251799813687414
occupancy after magic mul: 1381021119838140534
occupancy after shift: 153
attacks: 2068
get_bishop_attacks for square 58
occupancy after mask: 2814749767106560
occupancy after magic mul: 2328361007350546432
occupancy after shift: 4
attacks: 2814749767106560
get_bishop_attacks for square 61
occupancy after mask: 22517998136852480
occupancy after magic mul: 2305843009213693952
occupancy after shift: 4
attacks: 22517998136852480
get_rook_attacks for square 56
occupancy after mask: 9079538323755696384
occupancy after magic mul: 2270307137825669376
occupancy after shift: 504
attacks: 144396663052566528
get_rook_attacks for square 62
occupancy after mask: 4485585228861030400
occupancy after magic mul: 1820582350537424896
occupancy after shift: 202
attacks: 11547229444577951744
get_bishop_attacks for square 59
occupancy after mask: 5629499534213120
occupancy after magic mul: 15078051552436420608
occupancy after shift: 26
attacks: 5629499534213120
get_rook_attacks for square 59
occupancy after mask: 8505047896289183744
occupancy after magic mul: 15929372902967808000
occupancy after shift: 1768
attacks: 1443403680572243968
Enter makemove
get_bishop_attacks for square 4
occupancy after mask: 272384
occupancy after magic mul: 12764626998232350720
occupancy after shift: 22
attacks: 10240
get_rook_attacks for square 4
occupancy after mask: 4503599895810158
occupancy after magic mul: 10622042918875262976
occupancy after shift: 1179
attacks: 4136
get_bishop_attacks for square 2
occupancy after mask: 2560
occupancy after magic mul: 1175443006172430336
occupancy after shift: 2
attacks: 2560
get_bishop_attacks for square 5
occupancy after mask: 20480
occupancy after magic mul: 2930165545624227840
occupancy after shift: 5
attacks: 20480
get_rook_attacks for square 0
occupancy after mask: 281474976776574
occupancy after magic mul: 3306797234737065920
occupancy after shift: 734
attacks: 258
get_rook_attacks for square 7
occupancy after mask: 36028797027385470
occupancy after magic mul: 4553333150679318272
occupancy after shift: 1011
attacks: 32832
get_bishop_attacks for square 3
occupancy after mask: 2102272
occupancy after magic mul: 16216387500604694528
occupancy after shift: 28
attacks: 5120
get_rook_attacks for square 3
occupancy after mask: 2251799813687414
occupancy after magic mul: 1381021119838140534
occupancy after shift: 153
attacks: 2068
get_bishop_attacks for square 58
occupancy after mask: 2814749767106560
occupancy after magic mul: 2328361007350546432
occupancy after shift: 4
attacks: 2814749767106560
get_bishop_attacks for square 61
occupancy after mask: 22517998136852480
occupancy after magic mul: 2305843009213693952
occupancy after shift: 4
attacks: 22517998136852480
get_rook_attacks for square 56
occupancy after mask: 9079538323755696384
occupancy after magic mul: 2270307137825669376
occupancy after shift: 504
attacks: 144396663052566528
get_rook_attacks for square 62
occupancy after mask: 4485585228861030400
occupancy after magic mul: 1820582350537424896
occupancy after shift: 202
attacks: 11547229444577951744
get_bishop_attacks for square 59
occupancy after mask: 5629499534213120
occupancy after magic mul: 15078051552436420608
occupancy after shift: 26
attacks: 5629499534213120
get_rook_attacks for square 59
occupancy after mask: 8505047896289183744
occupancy after magic mul: 15929372902967808000
occupancy after shift: 1768
attacks: 1443403680572243968
Enter makemove
get_bishop_attacks for square 4
occupancy after mask: 272384
occupancy after magic mul: 12764626998232350720
occupancy after shift: 22
attacks: 10240
get_rook_attacks for square 4
occupancy after mask: 4503599895810158
occupancy after magic mul: 10622042918875262976
occupancy after shift: 1179
attacks: 4136
get_bishop_attacks for square 2
occupancy after mask: 2560
occupancy after magic mul: 1175443006172430336
occupancy after shift: 2
attacks: 2560
get_bishop_attacks for square 5
occupancy after mask: 20480
occupancy after magic mul: 2930165545624227840
occupancy after shift: 5
attacks: 20480
get_rook_attacks for square 0
occupancy after mask: 281474976776574
occupancy after magic mul: 3306797234737065920
occupancy after shift: 734
attacks: 258
get_rook_attacks for square 7
occupancy after mask: 36028797027385470
occupancy after magic mul: 4553333150679318272
occupancy after shift: 1011
attacks: 32832
get_bishop_attacks for square 3
occupancy after mask: 2102272
occupancy after magic mul: 16216387500604694528
occupancy after shift: 28
attacks: 5120
get_rook_attacks for square 3
occupancy after mask: 2251799813687414
occupancy after magic mul: 1381021119838140534
occupancy after shift: 153
attacks: 2068
get_bishop_attacks for square 58
occupancy after mask: 2814749767106560
occupancy after magic mul: 2328361007350546432
occupancy after shift: 4
attacks: 2814749767106560
get_bishop_attacks for square 61
occupancy after mask: 22517998136852480
occupancy after magic mul: 2305843009213693952
occupancy after shift: 4
attacks: 22517998136852480
get_rook_attacks for square 56
occupancy after mask: 9079538323755696384
occupancy after magic mul: 2270307137825669376
occupancy after shift: 504
attacks: 144396663052566528
get_rook_attacks for square 62
occupancy after mask: 4485585228861030400
occupancy after magic mul: 1820582350537424896
occupancy after shift: 202
attacks: 11547229444577951744
get_bishop_attacks for square 59
occupancy after mask: 5629499534213120
occupancy after magic mul: 15078051552436420608
occupancy after shift: 26
attacks: 5629499534213120
get_rook_attacks for square 59
occupancy after mask: 8505047896289183744
occupancy after magic mul: 15929372902967808000
occupancy after shift: 1768
attacks: 1443403680572243968
Enter makemove
get_bishop_attacks for square 4
occupancy after mask: 272384
occupancy after magic mul: 12764626998232350720
occupancy after shift: 22
attacks: 10240
get_rook_attacks for square 4
occupancy after mask: 4503599895810158
occupancy after magic mul: 10622042918875262976
occupancy after shift: 1179
attacks: 4136
get_bishop_attacks for square 2
occupancy after mask: 2560
occupancy after magic mul: 1175443006172430336
occupancy after shift: 2
attacks: 2560
get_bishop_attacks for square 5
occupancy after mask: 20480
occupancy after magic mul: 2930165545624227840
occupancy after shift: 5
attacks: 20480
get_rook_attacks for square 0
occupancy after mask: 281474976776574
occupancy after magic mul: 3306797234737065920
occupancy after shift: 734
attacks: 258
get_rook_attacks for square 7
occupancy after mask: 36028797027385470
occupancy after magic mul: 4553333150679318272
occupancy after shift: 1011
attacks: 32832
get_bishop_attacks for square 3
occupancy after mask: 2102272
occupancy after magic mul: 16216387500604694528
occupancy after shift: 28
attacks: 5120
get_rook_attacks for square 3
occupancy after mask: 2251799813687414
occupancy after magic mul: 1381021119838140534
occupancy after shift: 153
attacks: 2068
get_bishop_attacks for square 58
occupancy after mask: 2814749767106560
occupancy after magic mul: 2328361007350546432
occupancy after shift: 4
attacks: 2814749767106560
get_bishop_attacks for square 61
occupancy after mask: 22517998136852480
occupancy after magic mul: 2305843009213693952
occupancy after shift: 4
attacks: 22517998136852480
get_rook_attacks for square 56
occupancy after mask: 9079538323755696384
occupancy after magic mul: 2270307137825669376
occupancy after shift: 504
attacks: 144396663052566528
get_rook_attacks for square 62
occupancy after mask: 4485585228861030400
occupancy after magic mul: 1820582350537424896
occupancy after shift: 202
attacks: 11547229444577951744
get_bishop_attacks for square 59
occupancy after mask: 5629499534213120
occupancy after magic mul: 15078051552436420608
occupancy after shift: 26
attacks: 5629499534213120
get_rook_attacks for square 59
occupancy after mask: 8505047896289183744
occupancy after magic mul: 15929372902967808000
occupancy after shift: 1768
attacks: 1443403680572243968
Enter makemove
get_bishop_attacks for square 4
occupancy after mask: 272384
occupancy after magic mul: 12764626998232350720
occupancy after shift: 22
attacks: 10240
get_rook_attacks for square 4
occupancy after mask: 4503599895810158
occupancy after magic mul: 10622042918875262976
occupancy after shift: 1179
attacks: 4136
get_bishop_attacks for square 2
occupancy after mask: 2560
occupancy after magic mul: 1175443006172430336
occupancy after shift: 2
attacks: 2560
get_bishop_attacks for square 5
occupancy after mask: 20480
occupancy after magic mul: 2930165545624227840
occupancy after shift: 5
attacks: 20480
get_rook_attacks for square 0
occupancy after mask: 281474976776574
occupancy after magic mul: 3306797234737065920
occupancy after shift: 734
attacks: 258
get_rook_attacks for square 7
occupancy after mask: 36028797027385470
occupancy after magic mul: 4553333150679318272
occupancy after shift: 1011
attacks: 32832
get_bishop_attacks for square 3
occupancy after mask: 2102272
occupancy after magic mul: 16216387500604694528
occupancy after shift: 28
attacks: 5120
get_rook_attacks for square 3
occupancy after mask: 2251799813687414
occupancy after magic mul: 1381021119838140534
occupancy after shift: 153
attacks: 2068
get_bishop_attacks for square 58
occupancy after mask: 2814749767106560
occupancy after magic mul: 2328361007350546432
occupancy after shift: 4
attacks: 2814749767106560
get_bishop_attacks for square 61
occupancy after mask: 22517998136852480
occupancy after magic mul: 2305843009213693952
occupancy after shift: 4
attacks: 22517998136852480
get_rook_attacks for square 56
occupancy after mask: 9079538323755696384
occupancy after magic mul: 2270307137825669376
occupancy after shift: 504
attacks: 144396663052566528
get_rook_attacks for square 62
occupancy after mask: 4485585228861030400
occupancy after magic mul: 1820582350537424896
occupancy after shift: 202
attacks: 11547229444577951744
get_bishop_attacks for square 59
occupancy after mask: 5629499534213120
occupancy after magic mul: 15078051552436420608
occupancy after shift: 26
attacks: 5629499534213120
get_rook_attacks for square 59
occupancy after mask: 8505047896289183744
occupancy after magic mul: 15929372902967808000
occupancy after shift: 1768
attacks: 1443403680572243968
Enter makemove
get_bishop_attacks for square 4
occupancy after mask: 272384
occupancy after magic mul: 12764626998232350720
occupancy after shift: 22
attacks: 10240
get_rook_attacks for square 4
occupancy after mask: 4503599895810158
occupancy after magic mul: 10622042918875262976
occupancy after shift: 1179
attacks: 4136
get_bishop_attacks for square 2
occupancy after mask: 2560
occupancy after magic mul: 1175443006172430336
occupancy after shift: 2
attacks: 2560
get_bishop_attacks for square 5
occupancy after mask: 20480
occupancy after magic mul: 2930165545624227840
occupancy after shift: 5
attacks: 20480
get_rook_attacks for square 0
occupancy after mask: 281474976776574
occupancy after magic mul: 3306797234737065920
occupancy after shift: 734
attacks: 258
get_rook_attacks for square 7
occupancy after mask: 36028797027385470
occupancy after magic mul: 4553333150679318272
occupancy after shift: 1011
attacks: 32832
get_bishop_attacks for square 3
occupancy after mask: 2102272
occupancy after magic mul: 16216387500604694528
occupancy after shift: 28
attacks: 5120
get_rook_attacks for square 3
occupancy after mask: 2251799813687414
occupancy after magic mul: 1381021119838140534
occupancy after shift: 153
attacks: 2068
get_bishop_attacks for square 58
occupancy after mask: 2814749767106560
occupancy after magic mul: 2328361007350546432
occupancy after shift: 4
attacks: 2814749767106560
get_bishop_attacks for square 61
occupancy after mask: 22517998136852480
occupancy after magic mul: 2305843009213693952
occupancy after shift: 4
attacks: 22517998136852480
get_rook_attacks for square 56
occupancy after mask: 9079538323755696384
occupancy after magic mul: 2270307137825669376
occupancy after shift: 504
attacks: 144396663052566528
get_rook_attacks for square 62
occupancy after mask: 4485585228861030400
occupancy after magic mul: 1820582350537424896
occupancy after shift: 202
attacks: 11547229444577951744
get_bishop_attacks for square 59
occupancy after mask: 5629499534213120
occupancy after magic mul: 15078051552436420608
occupancy after shift: 26
attacks: 5629499534213120
get_rook_attacks for square 59
occupancy after mask: 8505047896289183744
occupancy after magic mul: 15929372902967808000
occupancy after shift: 1768
attacks: 1443403680572243968
get_bishop_attacks for square 58
occupancy after mask: 2814749767106560
occupancy after magic mul: 2328361007350546432
occupancy after shift: 4
attacks: 2814749767106560
get_bishop_attacks for square 61
occupancy after mask: 22517998136852480
occupancy after magic mul: 2305843009213693952
occupancy after shift: 4
attacks: 22517998136852480
get_rook_attacks for square 56
occupancy after mask: 9079538323755696384
occupancy after magic mul: 2270307137825669376
occupancy after shift: 504
attacks: 144396663052566528
get_rook_attacks for square 62
occupancy after mask: 4485585228861030400
occupancy after magic mul: 1820582350537424896
occupancy after shift: 202
attacks: 11547229444577951744
get_rook_attacks for square 59
occupancy after mask: 8505047896289183744
occupancy after magic mul: 15929372902967808000
occupancy after shift: 1768
attacks: 1443403680572243968
get_bishop_attacks for square 59
occupancy after mask: 5629499534213120
occupancy after magic mul: 15078051552436420608
occupancy after shift: 26
attacks: 5629499534213120
Enter makemove
get_bishop_attacks for square 60
occupancy after mask: 11258999068426240
occupancy after magic mul: 2938598756859248640
occupancy after shift: 5
attacks: 11258999068426240
get_rook_attacks for square 60
occupancy after mask: 7930838944067883008
occupancy after magic mul: 4405225506530664448
occupancy after shift: 489
attacks: 2886807361144487936
get_bishop_attacks for square 2
occupancy after mask: 2560
occupancy after magic mul: 1175443006172430336
occupancy after shift: 2
attacks: 2560
get_bishop_attacks for square 5
occupancy after mask: 20480
occupancy after magic mul: 2930165545624227840
occupancy after shift: 5
attacks: 20480
get_rook_attacks for square 0
occupancy after mask: 281474976776574
occupancy after magic mul: 3306797234737065920
occupancy after shift: 734
attacks: 258
get_rook_attacks for square 7
occupancy after mask: 36028797027385470
occupancy after magic mul: 4553333150679318272
occupancy after shift: 1011
attacks: 32832
get_bishop_attacks for square 3
occupancy after mask: 2102272
occupancy after magic mul: 16216387500604694528
occupancy after shift: 28
attacks: 5120
get_rook_attacks for square 3
occupancy after mask: 2251799813687414
occupancy after magic mul: 1381021119838140534
occupancy after shift: 153
attacks: 2068
get_bishop_attacks for square 58
occupancy after mask: 2814749767106560
occupancy after magic mul: 2328361007350546432
occupancy after shift: 4
attacks: 2814749767106560
get_bishop_attacks for square 61
occupancy after mask: 22517998136852480
occupancy after magic mul: 2305843009213693952
occupancy after shift: 4
attacks: 22517998136852480
get_rook_attacks for square 57
occupancy after mask: 8935704610656485888
occupancy after magic mul: 3891744498442174976
occupancy after shift: 432
attacks: 360850920143060992
get_rook_attacks for square 62
occupancy after mask: 4485585228861030400
occupancy after magic mul: 1820582350537424896
occupancy after shift: 202
attacks: 11547229444577951744
get_bishop_attacks for square 59
occupancy after mask: 5629499534213120
occupancy after magic mul: 15078051552436420608
occupancy after shift: 26
attacks: 5629499534213120
get_rook_attacks for square 59
occupancy after mask: 8505047896289183744
occupancy after magic mul: 15929372902967808000
occupancy after shift: 1768
attacks: 1443403680572243968
get_bishop_attacks for square 2
occupancy after mask: 2560
occupancy after magic mul: 1175443006172430336
occupancy after shift: 2
attacks: 2560
get_bishop_attacks for square 5
occupancy after mask: 20480
occupancy after magic mul: 2930165545624227840
occupancy after shift: 5
attacks: 20480
get_rook_attacks for square 0
occupancy after mask: 281474976776574
occupancy after magic mul: 3306797234737065920
occupancy after shift: 734
attacks: 258
get_rook_attacks for square 7
occupancy after mask: 36028797027385470
occupancy after magic mul: 4553333150679318272
occupancy after shift: 1011
attacks: 32832
get_rook_attacks for square 3
occupancy after mask: 2251799813687414
occupancy after magic mul: 1381021119838140534
occupancy after shift: 153
attacks: 2068
get_bishop_attacks for square 3
occupancy after mask: 2102272
occupancy after magic mul: 16216387500604694528
occupancy after shift: 28
attacks: 5120
Enter makemove
get_bishop_attacks for square 4
occupancy after mask: 272384
occupancy after magic mul: 12764626998232350720
occupancy after shift: 22
attacks: 10240
get_rook_attacks for square 4
occupancy after mask: 4503599895810158
occupancy after magic mul: 10622042918875262976
occupancy after shift: 1179
attacks: 4136
get_bishop_attacks for square 2
occupancy after mask: 2560
occupancy after magic mul: 1175443006172430336
occupancy after shift: 2
attacks: 2560
get_bishop_attacks for square 5
occupancy after mask: 20480
occupancy after magic mul: 2930165545624227840
occupancy after shift: 5
attacks: 20480
get_rook_attacks for square 0
occupancy after mask: 281474976776574
occupancy after magic mul: 3306797234737065920
occupancy after shift: 734
attacks: 258
get_rook_attacks for square 7
occupancy after mask: 36028797027385470
occupancy after magic mul: 4553333150679318272
occupancy after shift: 1011
attacks: 32832
get_bishop_attacks for square 3
occupancy after mask: 2102272
occupancy after magic mul: 16216387500604694528
occupancy after shift: 28
attacks: 5120
get_rook_attacks for square 3
occupancy after mask: 2251799813687414
occupancy after magic mul: 1381021119838140534
occupancy after shift: 153
attacks: 2068
get_bishop_attacks for square 58
occupancy after mask: 2814749767106560
occupancy after magic mul: 2328361007350546432
occupancy after shift: 4
attacks: 2814749767106560
get_bishop_attacks for square 61
occupancy after mask: 22517998136852480
occupancy after magic mul: 2305843009213693952
occupancy after shift: 4
attacks: 22517998136852480
get_rook_attacks for square 57
occupancy after mask: 8935704610656485888
occupancy after magic mul: 3891744498442174976
occupancy after shift: 432
attacks: 360850920143060992
get_rook_attacks for square 62
occupancy after mask: 4485585228861030400
occupancy after magic mul: 1820582350537424896
occupancy after shift: 202
attacks: 11547229444577951744
get_bishop_attacks for square 59
occupancy after mask: 5629499534213120
occupancy after magic mul: 15078051552436420608
occupancy after shift: 26
attacks: 5629499534213120
get_rook_attacks for square 59
occupancy after mask: 8505047896289183744
occupancy after magic mul: 15929372902967808000
occupancy after shift: 1768
attacks: 1443403680572243968
Enter makemove
get_bishop_attacks for square 4
occupancy after mask: 272384
occupancy after magic mul: 12764626998232350720
occupancy after shift: 22
attacks: 10240
get_rook_attacks for square 4
occupancy after mask: 4503599895810158
occupancy after magic mul: 10622042918875262976
occupancy after shift: 1179
attacks: 4136
get_bishop_attacks for square 2
occupancy after mask: 2560
occupancy after magic mul: 1175443006172430336
occupancy after shift: 2
attacks: 2560
get_bishop_attacks for square 5
occupancy after mask: 20480
occupancy after magic mul: 2930165545624227840
occupancy after shift: 5
attacks: 20480
get_rook_attacks for square 0
occupancy after mask: 281474976776574
occupancy after magic mul: 3306797234737065920
occupancy after shift: 734
attacks: 258
get_rook_attacks for square 7
occupancy after mask: 36028797027385470
occupancy after magic mul: 4553333150679318272
occupancy after shift: 1011
attacks: 32832
get_bishop_attacks for square 3
occupancy after mask: 2102272
occupancy after magic mul: 16216387500604694528
occupancy after shift: 28
attacks: 5120
get_rook_attacks for square 3
occupancy after mask: 2251799813687414
occupancy after magic mul: 1381021119838140534
occupancy after shift: 153
attacks: 2068
get_bishop_attacks for square 58
occupancy after mask: 2814749767106560
occupancy after magic mul: 2328361007350546432
occupancy after shift: 4
attacks: 2814749767106560
get_bishop_attacks for square 61
occupancy after mask: 22517998136852480
occupancy after magic mul: 2305843009213693952
occupancy after shift: 4
attacks: 22517998136852480
get_rook_attacks for square 57
occupancy after mask: 8935704610656485888
occupancy after magic mul: 3891744498442174976
occupancy after shift: 432
attacks: 360850920143060992
get_rook_attacks for square 62
occupancy after mask: 4485585228861030400
occupancy after magic mul: 1820582350537424896
occupancy after shift: 202
attacks: 11547229444577951744
get_bishop_attacks for square 59
occupancy after mask: 5629499534213120
occupancy after magic mul: 15078051552436420608
occupancy after shift: 26
attacks: 5629499534213120
get_rook_attacks for square 59
occupancy after mask: 8505047896289183744
occupancy after magic mul: 15929372902967808000
occupancy after shift: 1768
attacks: 1443403680572243968
Enter makemove
get_bishop_attacks for square 4
occupancy after mask: 272384
occupancy after magic mul: 12764626998232350720
occupancy after shift: 22
attacks: 10240
get_rook_attacks for square 4
occupancy after mask: 4503599895810158
occupancy after magic mul: 10622042918875262976
occupancy after shift: 1179
attacks: 4136
get_bishop_attacks for square 2
occupancy after mask: 2560
occupancy after magic mul: 1175443006172430336
occupancy after shift: 2
attacks: 2560
get_bishop_attacks for square 5
occupancy after mask: 20480
occupancy after magic mul: 2930165545624227840
occupancy after shift: 5
attacks: 20480
get_rook_attacks for square 0
occupancy after mask: 281474976776574
occupancy after magic mul: 3306797234737065920
occupancy after shift: 734
attacks: 258
get_rook_attacks for square 7
occupancy after mask: 36028797027385470
occupancy after magic mul: 4553333150679318272
occupancy after shift: 1011
attacks: 32832
get_bishop_attacks for square 3
occupancy after mask: 2102272
occupancy after magic mul: 16216387500604694528
occupancy after shift: 28
attacks: 5120
get_rook_attacks for square 3
occupancy after mask: 2251799813687414
occupancy after magic mul: 1381021119838140534
occupancy after shift: 153
attacks: 2068
get_bishop_attacks for square 58
occupancy after mask: 2814749767106560
occupancy after magic mul: 2328361007350546432
occupancy after shift: 4
attacks: 2814749767106560
get_bishop_attacks for square 61
occupancy after mask: 22517998136852480
occupancy after magic mul: 2305843009213693952
occupancy after shift: 4
attacks: 22517998136852480
get_rook_attacks for square 57
occupancy after mask: 8935704610656485888
occupancy after magic mul: 3891744498442174976
occupancy after shift: 432
attacks: 360850920143060992
get_rook_attacks for square 62
occupancy after mask: 4485585228861030400
occupancy after magic mul: 1820582350537424896
occupancy after shift: 202
attacks: 11547229444577951744
get_bishop_attacks for square 59
occupancy after mask: 5629499534213120
occupancy after magic mul: 15078051552436420608
occupancy after shift: 26
attacks: 5629499534213120
get_rook_attacks for square 59
occupancy after mask: 8505047896289183744
occupancy after magic mul: 15929372902967808000
occupancy after shift: 1768
attacks: 1443403680572243968
get_bishop_attacks for square 58
occupancy after mask: 2814749767106560
occupancy after magic mul: 2328361007350546432
occupancy after shift: 4
attacks: 2814749767106560
get_bishop_attacks for square 61
occupancy after mask: 22517998136852480
occupancy after magic mul: 2305843009213693952
occupancy after shift: 4
attacks: 22517998136852480
get_rook_attacks for square 57
occupancy after mask: 8935704610656485888
occupancy after magic mul: 3891744498442174976
occupancy after shift: 432
attacks: 360850920143060992
get_rook_attacks for square 62
occupancy after mask: 4485585228861030400
occupancy after magic mul: 1820582350537424896
occupancy after shift: 202
attacks: 11547229444577951744
get_rook_attacks for square 59
occupancy after mask: 8505047896289183744
occupancy after magic mul: 15929372902967808000
occupancy after shift: 1768
attacks: 1443403680572243968
get_bishop_attacks for square 59
occupancy after mask: 5629499534213120
occupancy after magic mul: 15078051552436420608
occupancy after shift: 26
attacks: 5629499534213120
Enter makemove
get_bishop_attacks for square 60
occupancy after mask: 11258999068426240
occupancy after magic mul: 2938598756859248640
occupancy after shift: 5
attacks: 11258999068426240
get_rook_attacks for square 60
occupancy after mask: 7786723755992027136
occupancy after magic mul: 4116995130378952704
occupancy after shift: 457
attacks: 2886807361144487936
get_bishop_attacks for square 2
occupancy after mask: 2560
occupancy after magic mul: 1175443006172430336
occupancy after shift: 2
attacks: 2560
get_bishop_attacks for square 5
occupancy after mask: 20480
occupancy after magic mul: 2930165545624227840
occupancy after shift: 5
attacks: 20480
get_rook_attacks for square 0
occupancy after mask: 281474976776574
occupancy after magic mul: 3306797234737065920
occupancy after shift: 734
attacks: 258
get_rook_attacks for square 7
occupancy after mask: 36028797027385470
occupancy after magic mul: 4553333150679318272
occupancy after shift: 1011
attacks: 32832
get_bishop_attacks for square 3
occupancy after mask: 2102272
occupancy after magic mul: 16216387500604694528
occupancy after shift: 28
attacks: 5120
get_rook_attacks for square 3
occupancy after mask: 2251799813687414
occupancy after magic mul: 1381021119838140534
occupancy after shift: 153
attacks: 2068
get_bishop_attacks for square 58
occupancy after mask: 2814749767106560
occupancy after magic mul: 2328361007350546432
occupancy after shift: 4
attacks: 2814749767106560
get_bishop_attacks for square 61
occupancy after mask: 22517998136852480
occupancy after magic mul: 2305843009213693952
occupancy after shift: 4
attacks: 22517998136852480
get_rook_attacks for square 57
occupancy after mask: 8935704610656485888
occupancy after magic mul: 3891744498442174976
occupancy after shift: 432
attacks: 360850920143060992
get_rook_attacks for square 62
occupancy after mask: 4341470040785174528
occupancy after magic mul: 1244121598234001408
occupancy after shift: 138
attacks: 11547229444577951744
get_bishop_attacks for square 59
occupancy after mask: 5629499534213120
occupancy after magic mul: 15078051552436420608
occupancy after shift: 26
attacks: 5629499534213120
get_rook_attacks for square 59
occupancy after mask: 8360932708213327872
occupancy after magic mul: 11029456508388708352
occupancy after shift: 1224
attacks: 1443403680572243968
Enter makemove
get_bishop_attacks for square 60
occupancy after mask: 11258999068426240
occupancy after magic mul: 2938598756859248640
occupancy after shift: 5
attacks: 11258999068426240
get_rook_attacks for square 60
occupancy after mask: 7354378191764459520
occupancy after magic mul: 3252304001923817472
occupancy after shift: 361
attacks: 3175037737296199680
get_bishop_attacks for square 2
occupancy after mask: 2560
occupancy after magic mul: 1175443006172430336
occupancy after shift: 2
attacks: 2560
get_bishop_attacks for square 5
occupancy after mask: 20480
occupancy after magic mul: 2930165545624227840
occupancy after shift: 5
attacks: 20480
get_rook_attacks for square 0
occupancy after mask: 281474976776574
occupancy after magic mul: 3306797234737065920
occupancy after shift: 734
attacks: 258
get_rook_attacks for square 7
occupancy after mask: 36028797027385470
occupancy after magic mul: 4553333150679318272
occupancy after shift: 1011
attacks: 32832
get_bishop_attacks for square 3
occupancy after mask: 2102272
occupancy after magic mul: 16216387500604694528
occupancy after shift: 28
attacks: 5120
get_rook_attacks for square 3
occupancy after mask: 2251799813687414
occupancy after magic mul: 1381021119838140534
occupancy after shift: 153
attacks: 2068
get_bishop_attacks for square 58
occupancy after mask: 2814749767106560
occupancy after magic mul: 2328361007350546432
occupancy after shift: 4
attacks: 2814749767106560
get_bishop_attacks for square 61
occupancy after mask: 22517998136852480
occupancy after magic mul: 2305843009213693952
occupancy after shift: 4
attacks: 22517998136852480
get_rook_attacks for square 57
occupancy after mask: 8359243858353062400
occupancy after magic mul: 3315283746138751488
occupancy after shift: 368
attacks: 360850920143060992
get_rook_attacks for square 62
occupancy after mask: 3909124476557606912
occupancy after magic mul: 17961483415033282560
occupancy after shift: 1994
attacks: 11547229444577951744
get_bishop_attacks for square 58
occupancy after mask: 2814749767106560
occupancy after magic mul: 2328361007350546432
occupancy after shift: 4
attacks: 2814749767106560
get_rook_attacks for square 58
occupancy after mask: 8215691620230890496
occupancy after magic mul: 17604150380800246784
occupancy after shift: 1954
attacks: 1874623344892968960
Enter makemove
get_bishop_attacks for square 60
occupancy after mask: 11258999068426240
occupancy after magic mul: 2938598756859248640
occupancy after shift: 5
attacks: 11258999068426240
get_rook_attacks for square 60
occupancy after mask: 7354378191764459520
occupancy after magic mul: 3252304001923817472
occupancy after shift: 361
attacks: 3175037737296199680
get_bishop_attacks for square 2
occupancy after mask: 2560
occupancy after magic mul: 1175443006172430336
occupancy after shift: 2
attacks: 2560
get_bishop_attacks for square 5
occupancy after mask: 20480
occupancy after magic mul: 2930165545624227840
occupancy after shift: 5
attacks: 20480
get_rook_attacks for square 0
occupancy after mask: 281474976776574
occupancy after magic mul: 3306797234737065920
occupancy after shift: 734
attacks: 258
get_rook_attacks for square 7
occupancy after mask: 36028797027385470
occupancy after magic mul: 4553333150679318272
occupancy after shift: 1011
attacks: 32832
get_bishop_attacks for square 3
occupancy after mask: 2102272
occupancy after magic mul: 16216387500604694528
occupancy after shift: 28
attacks: 5120
get_rook_attacks for square 3
occupancy after mask: 2251799813687414
occupancy after magic mul: 1381021119838140534
occupancy after shift: 153
attacks: 2068
get_bishop_attacks for square 58
occupancy after mask: 2814749767106560
occupancy after magic mul: 2328361007350546432
occupancy after shift: 4
attacks: 2814749767106560
get_bishop_attacks for square 61
occupancy after mask: 22517998136852480
occupancy after magic mul: 2305843009213693952
occupancy after shift: 4
attacks: 22517998136852480
get_rook_attacks for square 57
occupancy after mask: 8359243858353062400
occupancy after magic mul: 3315283746138751488
occupancy after shift: 368
attacks: 360850920143060992
get_rook_attacks for square 62
occupancy after mask: 3909124476557606912
occupancy after magic mul: 17961483415033282560
occupancy after shift: 1994
attacks: 11547229444577951744
get_bishop_attacks for square 60
occupancy after mask: 11258999068426240
occupancy after magic mul: 2938598756859248640
occupancy after shift: 5
attacks: 11258999068426240
get_rook_attacks for square 60
occupancy after mask: 7354378191764459520
occupancy after magic mul: 3252304001923817472
occupancy after shift: 361
attacks: 3175037737296199680
Enter makemove
get_bishop_attacks for square 60
occupancy after mask: 11258999068426240
occupancy after magic mul: 2938598756859248640
occupancy after shift: 5
attacks: 11258999068426240
get_rook_attacks for square 60
occupancy after mask: 7354378191764459520
occupancy after magic mul: 3252304001923817472
occupancy after shift: 361
attacks: 3175037737296199680
get_bishop_attacks for square 2
occupancy after mask: 2560
occupancy after magic mul: 1175443006172430336
occupancy after shift: 2
attacks: 2560
get_bishop_attacks for square 5
occupancy after mask: 20480
occupancy after magic mul: 2930165545624227840
occupancy after shift: 5
attacks: 20480
get_rook_attacks for square 0
occupancy after mask: 281474976776574
occupancy after magic mul: 3306797234737065920
occupancy after shift: 734
attacks: 258
get_rook_attacks for square 7
occupancy after mask: 36028797027385470
occupancy after magic mul: 4553333150679318272
occupancy after shift: 1011
attacks: 32832
get_bishop_attacks for square 3
occupancy after mask: 2102272
occupancy after magic mul: 16216387500604694528
occupancy after shift: 28
attacks: 5120
get_rook_attacks for square 3
occupancy after mask: 2251799813687414
occupancy after magic mul: 1381021119838140534
occupancy after shift: 153
attacks: 2068
get_bishop_attacks for square 58
occupancy after mask: 2814749767106560
occupancy after magic mul: 2328361007350546432
occupancy after shift: 4
attacks: 2814749767106560
get_bishop_attacks for square 61
occupancy after mask: 22517998136852480
occupancy after magic mul: 2305843009213693952
occupancy after shift: 4
attacks: 22517998136852480
get_rook_attacks for square 56
occupancy after mask: 8503077571452272896
occupancy after magic mul: 1693846385522245888
occupancy after shift: 376
attacks: 144396663052566528
get_rook_attacks for square 62
occupancy after mask: 3909124476557606912
occupancy after magic mul: 17961483415033282560
occupancy after shift: 1994
attacks: 11547229444577951744
get_bishop_attacks for square 58
occupancy after mask: 2814749767106560
occupancy after magic mul: 2328361007350546432
occupancy after shift: 4
attacks: 2814749767106560
get_rook_attacks for square 58
occupancy after mask: 8215691620230890496
occupancy after magic mul: 17604150380800246784
occupancy after shift: 1954
attacks: 1874623344892968960
Enter makemove
get_bishop_attacks for square 60
occupancy after mask: 11258999068426240
occupancy after magic mul: 2938598756859248640
occupancy after shift: 5
attacks: 11258999068426240
get_rook_attacks for square 60
occupancy after mask: 7354378191764459520
occupancy after magic mul: 3252304001923817472
occupancy after shift: 361
attacks: 3175037737296199680
get_bishop_attacks for square 2
occupancy after mask: 2560
occupancy after magic mul: 1175443006172430336
occupancy after shift: 2
attacks: 2560
get_bishop_attacks for square 5
occupancy after mask: 20480
occupancy after magic mul: 2930165545624227840
occupancy after shift: 5
attacks: 20480
get_rook_attacks for square 0
occupancy after mask: 281474976776574
occupancy after magic mul: 3306797234737065920
occupancy after shift: 734
attacks: 258
get_rook_attacks for square 7
occupancy after mask: 36028797027385470
occupancy after magic mul: 4553333150679318272
occupancy after shift: 1011
attacks: 32832
get_bishop_attacks for square 3
occupancy after mask: 2102272
occupancy after magic mul: 16216387500604694528
occupancy after shift: 28
attacks: 5120
get_rook_attacks for square 3
occupancy after mask: 2251799813687414
occupancy after magic mul: 1381021119838140534
occupancy after shift: 153
attacks: 2068
get_bishop_attacks for square 58
occupancy after mask: 2814749767106560
occupancy after magic mul: 2328361007350546432
occupancy after shift: 4
attacks: 2814749767106560
get_bishop_attacks for square 61
occupancy after mask: 22517998136852480
occupancy after magic mul: 2305843009213693952
occupancy after shift: 4
attacks: 22517998136852480
get_rook_attacks for square 56
occupancy after mask: 8503077571452272896
occupancy after magic mul: 1693846385522245888
occupancy after shift: 376
attacks: 144396663052566528
get_rook_attacks for square 62
occupancy after mask: 3909124476557606912
occupancy after magic mul: 17961483415033282560
occupancy after shift: 1994
attacks: 11547229444577951744
get_bishop_attacks for square 60
occupancy after mask: 11258999068426240
occupancy after magic mul: 2938598756859248640
occupancy after shift: 5
attacks: 11258999068426240
get_rook_attacks for square 60
occupancy after mask: 7354378191764459520
occupancy after magic mul: 3252304001923817472
occupancy after shift: 361
attacks: 3175037737296199680
Enter makemove
get_bishop_attacks for square 4
occupancy after mask: 272384
occupancy after magic mul: 12764626998232350720
occupancy after shift: 22
attacks: 10240
get_rook_attacks for square 4
occupancy after mask: 4503599895810158
occupancy after magic mul: 10622042918875262976
occupancy after shift: 1179
attacks: 4136
get_bishop_attacks for square 2
occupancy after mask: 2560
occupancy after magic mul: 1175443006172430336
occupancy after shift: 2
attacks: 2560
get_bishop_attacks for square 5
occupancy after mask: 20480
occupancy after magic mul: 2930165545624227840
occupancy after shift: 5
attacks: 20480
get_rook_attacks for square 0
occupancy after mask: 281474976776574
occupancy after magic mul: 3306797234737065920
occupancy after shift: 734
attacks: 258
get_rook_attacks for square 7
occupancy after mask: 36028797027385470
occupancy after magic mul: 4553333150679318272
occupancy after shift: 1011
attacks: 32832
get_bishop_attacks for square 3
occupancy after mask: 2102272
occupancy after magic mul: 16216387500604694528
occupancy after shift: 28
attacks: 5120
get_rook_attacks for square 3
occupancy after mask: 2251799813687414
occupancy after magic mul: 1381021119838140534
occupancy after shift: 153
attacks: 2068
get_bishop_attacks for square 58
occupancy after mask: 2814749767106560
occupancy after magic mul: 2328361007350546432
occupancy after shift: 4
attacks: 2814749767106560
get_bishop_attacks for square 61
occupancy after mask: 22517998136852480
occupancy after magic mul: 2305843009213693952
occupancy after shift: 4
attacks: 22517998136852480
get_rook_attacks for square 56
occupancy after mask: 9079538323755696384
occupancy after magic mul: 2270307137825669376
occupancy after shift: 504
attacks: 144396663052566528
get_rook_attacks for square 62
occupancy after mask: 4485585228861030400
occupancy after magic mul: 1820582350537424896
occupancy after shift: 202
attacks: 11547229444577951744
get_bishop_attacks for square 59
occupancy after mask: 5629499534213120
occupancy after magic mul: 15078051552436420608
occupancy after shift: 26
attacks: 5629499534213120
get_rook_attacks for square 59
occupancy after mask: 8505047896289183744
occupancy after magic mul: 15929372902967808000
occupancy after shift: 1768
attacks: 1443403680572243968
Enter makemove
get_bishop_attacks for square 4
occupancy after mask: 272384
occupancy after magic mul: 12764626998232350720
occupancy after shift: 22
attacks: 10240
get_rook_attacks for square 4
occupancy after mask: 4503599895810158
occupancy after magic mul: 10622042918875262976
occupancy after shift: 1179
attacks: 4136
get_bishop_attacks for square 2
occupancy after mask: 2560
occupancy after magic mul: 1175443006172430336
occupancy after shift: 2
attacks: 2560
get_bishop_attacks for square 5
occupancy after mask: 20480
occupancy after magic mul: 2930165545624227840
occupancy after shift: 5
attacks: 20480
get_rook_attacks for square 0
occupancy after mask: 281474976776574
occupancy after magic mul: 3306797234737065920
occupancy after shift: 734
attacks: 258
get_rook_attacks for square 7
occupancy after mask: 36028797027385470
occupancy after magic mul: 4553333150679318272
occupancy after shift: 1011
attacks: 32832
get_bishop_attacks for square 3
occupancy after mask: 2102272
occupancy after magic mul: 16216387500604694528
occupancy after shift: 28
attacks: 5120
get_rook_attacks for square 3
occupancy after mask: 2251799813687414
occupancy after magic mul: 1381021119838140534
occupancy after shift: 153
attacks: 2068
get_bishop_attacks for square 58
occupancy after mask: 2814749767106560
occupancy after magic mul: 2328361007350546432
occupancy after shift: 4
attacks: 2814749767106560
get_bishop_attacks for square 61
occupancy after mask: 22517998136852480
occupancy after magic mul: 2305843009213693952
occupancy after shift: 4
attacks: 22517998136852480
get_rook_attacks for square 56
occupancy after mask: 9079538323755696384
occupancy after magic mul: 2270307137825669376
occupancy after shift: 504
attacks: 144396663052566528
get_rook_attacks for square 62
occupancy after mask: 4485585228861030400
occupancy after magic mul: 1820582350537424896
occupancy after shift: 202
attacks: 11547229444577951744
get_bishop_attacks for square 59
occupancy after mask: 5629499534213120
occupancy after magic mul: 15078051552436420608
occupancy after shift: 26
attacks: 5629499534213120
get_rook_attacks for square 59
occupancy after mask: 8505047896289183744
occupancy after magic mul: 15929372902967808000
occupancy after shift: 1768
attacks: 1443403680572243968
Enter makemove
get_bishop_attacks for square 4
occupancy after mask: 272384
occupancy after magic mul: 12764626998232350720
occupancy after shift: 22
attacks: 10240
get_rook_attacks for square 4
occupancy after mask: 4503599895810158
occupancy after magic mul: 10622042918875262976
occupancy after shift: 1179
attacks: 4136
get_bishop_attacks for square 2
occupancy after mask: 2560
occupancy after magic mul: 1175443006172430336
occupancy after shift: 2
attacks: 2560
get_bishop_attacks for square 5
occupancy after mask: 20480
occupancy after magic mul: 2930165545624227840
occupancy after shift: 5
attacks: 20480
get_rook_attacks for square 0
occupancy after mask: 281474976776574
occupancy after magic mul: 3306797234737065920
occupancy after shift: 734
attacks: 258
get_rook_attacks for square 7
occupancy after mask: 36028797027385470
occupancy after magic mul: 4553333150679318272
occupancy after shift: 1011
attacks: 32832
get_bishop_attacks for square 3
occupancy after mask: 2102272
occupancy after magic mul: 16216387500604694528
occupancy after shift: 28
attacks: 5120
get_rook_attacks for square 3
occupancy after mask: 2251799813687414
occupancy after magic mul: 1381021119838140534
occupancy after shift: 153
attacks: 2068
get_bishop_attacks for square 58
occupancy after mask: 2814749767106560
occupancy after magic mul: 2328361007350546432
occupancy after shift: 4
attacks: 2814749767106560
get_bishop_attacks for square 61
occupancy after mask: 22517998136852480
occupancy after magic mul: 2305843009213693952
occupancy after shift: 4
attacks: 22517998136852480
get_rook_attacks for square 56
occupancy after mask: 9079538323755696384
occupancy after magic mul: 2270307137825669376
occupancy after shift: 504
attacks: 144396663052566528
get_rook_attacks for square 62
occupancy after mask: 4485585228861030400
occupancy after magic mul: 1820582350537424896
occupancy after shift: 202
attacks: 11547229444577951744
get_bishop_attacks for square 59
occupancy after mask: 5629499534213120
occupancy after magic mul: 15078051552436420608
occupancy after shift: 26
attacks: 5629499534213120
get_rook_attacks for square 59
occupancy after mask: 8505047896289183744
occupancy after magic mul: 15929372902967808000
occupancy after shift: 1768
attacks: 1443403680572243968
Enter makemove
get_bishop_attacks for square 4
occupancy after mask: 272384
occupancy after magic mul: 12764626998232350720
occupancy after shift: 22
attacks: 10240
get_rook_attacks for square 4
occupancy after mask: 4503599895810158
occupancy after magic mul: 10622042918875262976
occupancy after shift: 1179
attacks: 4136
get_bishop_attacks for square 2
occupancy after mask: 2560
occupancy after magic mul: 1175443006172430336
occupancy after shift: 2
attacks: 2560
get_bishop_attacks for square 5
occupancy after mask: 20480
occupancy after magic mul: 2930165545624227840
occupancy after shift: 5
attacks: 20480
get_rook_attacks for square 0
occupancy after mask: 281474976776574
occupancy after magic mul: 3306797234737065920
occupancy after shift: 734
attacks: 258
get_rook_attacks for square 7
occupancy after mask: 36028797027385470
occupancy after magic mul: 4553333150679318272
occupancy after shift: 1011
attacks: 32832
get_bishop_attacks for square 3
occupancy after mask: 2102272
occupancy after magic mul: 16216387500604694528
occupancy after shift: 28
attacks: 5120
get_rook_attacks for square 3
occupancy after mask: 2251799813687414
occupancy after magic mul: 1381021119838140534
occupancy after shift: 153
attacks: 2068
get_bishop_attacks for square 58
occupancy after mask: 2814749767106560
occupancy after magic mul: 2328361007350546432
occupancy after shift: 4
attacks: 2814749767106560
get_bishop_attacks for square 61
occupancy after mask: 22517998136852480
occupancy after magic mul: 2305843009213693952
occupancy after shift: 4
attacks: 22517998136852480
get_rook_attacks for square 56
occupancy after mask: 9079538323755696384
occupancy after magic mul: 2270307137825669376
occupancy after shift: 504
attacks: 144396663052566528
get_rook_attacks for square 62
occupancy after mask: 4485585228861030400
occupancy after magic mul: 1820582350537424896
occupancy after shift: 202
attacks: 11547229444577951744
get_bishop_attacks for square 59
occupancy after mask: 5629499534213120
occupancy after magic mul: 15078051552436420608
occupancy after shift: 26
attacks: 5629499534213120
get_rook_attacks for square 59
occupancy after mask: 8505047896289183744
occupancy after magic mul: 15929372902967808000
occupancy after shift: 1768
attacks: 1443403680572243968
Enter makemove
get_bishop_attacks for square 4
occupancy after mask: 272384
occupancy after magic mul: 12764626998232350720
occupancy after shift: 22
attacks: 10240
get_rook_attacks for square 4
occupancy after mask: 4503599627374702
occupancy after magic mul: 10604027970609967104
occupancy after shift: 1177
attacks: 4136
get_bishop_attacks for square 2
occupancy after mask: 2560
occupancy after magic mul: 1175443006172430336
occupancy after shift: 2
attacks: 2560
get_bishop_attacks for square 5
occupancy after mask: 20480
occupancy after magic mul: 2930165545624227840
occupancy after shift: 5
attacks: 20480
get_rook_attacks for square 0
occupancy after mask: 281474976776574
occupancy after magic mul: 3306797234737065920
occupancy after shift: 734
attacks: 258
get_rook_attacks for square 7
occupancy after mask: 36028797027385470
occupancy after magic mul: 4553333150679318272
occupancy after shift: 1011
attacks: 32832
get_bishop_attacks for square 3
occupancy after mask: 2102272
occupancy after magic mul: 16216387500604694528
occupancy after shift: 28
attacks: 5120
get_rook_attacks for square 3
occupancy after mask: 2251799813687414
occupancy after magic mul: 1381021119838140534
occupancy after shift: 153
attacks: 2068
get_bishop_attacks for square 58
occupancy after mask: 2814749767106560
occupancy after magic mul: 2328361007350546432
occupancy after shift: 4
attacks: 2814749767106560
get_bishop_attacks for square 61
occupancy after mask: 22517998136852480
occupancy after magic mul: 2305843009213693952
occupancy after shift: 4
attacks: 22517998136852480
get_rook_attacks for square 56
occupancy after mask: 9079538323755696384
occupancy after magic mul: 2270307137825669376
occupancy after shift: 504
attacks: 144396663052566528
get_rook_attacks for square 62
occupancy after mask: 4485585228861030400
occupancy after magic mul: 1820582350537424896
occupancy after shift: 202
attacks: 11547229444577951744
get_bishop_attacks for square 59
occupancy after mask: 5629499534213120
occupancy after magic mul: 15078051552436420608
occupancy after shift: 26
attacks: 5629499534213120
get_rook_attacks for square 59
occupancy after mask: 8505047896289183744
occupancy after magic mul: 15929372902967808000
occupancy after shift: 1768
attacks: 1443403680572243968
Enter makemove
get_bishop_attacks for square 4
occupancy after mask: 272384
occupancy after magic mul: 12764626998232350720
occupancy after shift: 22
attacks: 10240
get_rook_attacks for square 4
occupancy after mask: 4503599627374702
occupancy after magic mul: 10604027970609967104
occupancy after shift: 1177
attacks: 4136
get_bishop_attacks for square 2
occupancy after mask: 2560
occupancy after magic mul: 1175443006172430336
occupancy after shift: 2
attacks: 2560
get_bishop_attacks for square 5
occupancy after mask: 20480
occupancy after magic mul: 2930165545624227840
occupancy after shift: 5
attacks: 20480
get_rook_attacks for square 0
occupancy after mask: 281474976776574
occupancy after magic mul: 3306797234737065920
occupancy after shift: 734
attacks: 258
get_rook_attacks for square 7
occupancy after mask: 36028797027385470
occupancy after magic mul: 4553333150679318272
occupancy after shift: 1011
attacks: 32832
get_bishop_attacks for square 3
occupancy after mask: 2102272
occupancy after magic mul: 16216387500604694528
occupancy after shift: 28
attacks: 5120
get_rook_attacks for square 3
occupancy after mask: 2251799813687414
occupancy after magic mul: 1381021119838140534
occupancy after shift: 153
attacks: 2068
get_bishop_attacks for square 58
occupancy after mask: 2814749767106560
occupancy after magic mul: 2328361007350546432
occupancy after shift: 4
attacks: 2814749767106560
get_bishop_attacks for square 61
occupancy after mask: 22517998136852480
occupancy after magic mul: 2305843009213693952
occupancy after shift: 4
attacks: 22517998136852480
get_rook_attacks for square 56
occupancy after mask: 9079538323755696384
occupancy after magic mul: 2270307137825669376
occupancy after shift: 504
attacks: 144396663052566528
get_rook_attacks for square 62
occupancy after mask: 4485585228861030400
occupancy after magic mul: 1820582350537424896
occupancy after shift: 202
attacks: 11547229444577951744
get_bishop_attacks for square 59
occupancy after mask: 5629499534213120
occupancy after magic mul: 15078051552436420608
occupancy after shift: 26
attacks: 5629499534213120
get_rook_attacks for square 59
occupancy after mask: 8505047896289183744
occupancy after magic mul: 15929372902967808000
occupancy after shift: 1768
attacks: 1443403680572243968
Enter makemove
get_bishop_attacks for square 4
occupancy after mask: 272384
occupancy after magic mul: 12764626998232350720
occupancy after shift: 22
attacks: 10240
get_rook_attacks for square 4
occupancy after mask: 4503599895810158
occupancy after magic mul: 10622042918875262976
occupancy after shift: 1179
attacks: 4136
get_bishop_attacks for square 2
occupancy after mask: 2560
occupancy after magic mul: 1175443006172430336
occupancy after shift: 2
attacks: 2560
get_bishop_attacks for square 5
occupancy after mask: 20480
occupancy after magic mul: 2930165545624227840
occupancy after shift: 5
attacks: 20480
get_rook_attacks for square 0
occupancy after mask: 281474976776574
occupancy after magic mul: 3306797234737065920
occupancy after shift: 734
attacks: 258
get_rook_attacks for square 7
occupancy after mask: 36028797027385470
occupancy after magic mul: 4553333150679318272
occupancy after shift: 1011
attacks: 32832
get_bishop_attacks for square 3
occupancy after mask: 2102272
occupancy after magic mul: 16216387500604694528
occupancy after shift: 28
attacks: 5120
get_rook_attacks for square 3
occupancy after mask: 2251799813687414
occupancy after magic mul: 1381021119838140534
occupancy after shift: 153
attacks: 2068
get_bishop_attacks for square 58
occupancy after mask: 2814749767106560
occupancy after magic mul: 2328361007350546432
occupancy after shift: 4
attacks: 2814749767106560
get_bishop_attacks for square 61
occupancy after mask: 22517998136852480
occupancy after magic mul: 2305843009213693952
occupancy after shift: 4
attacks: 22517998136852480
get_rook_attacks for square 56
occupancy after mask: 9079538323755696384
occupancy after magic mul: 2270307137825669376
occupancy after shift: 504
attacks: 144396663052566528
get_rook_attacks for square 62
occupancy after mask: 4485585228861030400
occupancy after magic mul: 1820582350537424896
occupancy after shift: 202
attacks: 11547229444577951744
get_bishop_attacks for square 59
occupancy after mask: 5629499534213120
occupancy after magic mul: 15078051552436420608
occupancy after shift: 26
attacks: 5629499534213120
get_rook_attacks for square 59
occupancy after mask: 8505047896289183744
occupancy after magic mul: 15929372902967808000
occupancy after shift: 1768
attacks: 1443403680572243968
Enter makemove
get_bishop_attacks for square 4
occupancy after mask: 272384
occupancy after magic mul: 12764626998232350720
occupancy after shift: 22
attacks: 10240
get_rook_attacks for square 4
occupancy after mask: 4503599895810158
occupancy after magic mul: 10622042918875262976
occupancy after shift: 1179
attacks: 4136
get_bishop_attacks for square 2
occupancy after mask: 2560
occupancy after magic mul: 1175443006172430336
occupancy after shift: 2
attacks: 2560
get_bishop_attacks for square 5
occupancy after mask: 20480
occupancy after magic mul: 2930165545624227840
occupancy after shift: 5
attacks: 20480
get_rook_attacks for square 0
occupancy after mask: 281474976776574
occupancy after magic mul: 3306797234737065920
occupancy after shift: 734
attacks: 258
get_rook_attacks for square 7
occupancy after mask: 36028797027385470
occupancy after magic mul: 4553333150679318272
occupancy after shift: 1011
attacks: 32832
get_bishop_attacks for square 3
occupancy after mask: 2102272
occupancy after magic mul: 16216387500604694528
occupancy after shift: 28
attacks: 5120
get_rook_attacks for square 3
occupancy after mask: 2251799813687414
occupancy after magic mul: 1381021119838140534
occupancy after shift: 153
attacks: 2068
get_bishop_attacks for square 58
occupancy after mask: 2814749767106560
occupancy after magic mul: 2328361007350546432
occupancy after shift: 4
attacks: 2814749767106560
get_bishop_attacks for square 61
occupancy after mask: 22517998136852480
occupancy after magic mul: 2305843009213693952
occupancy after shift: 4
attacks: 22517998136852480
get_rook_attacks for square 56
occupancy after mask: 9079538323755696384
occupancy after magic mul: 2270307137825669376
occupancy after shift: 504
attacks: 144396663052566528
get_rook_attacks for square 62
occupancy after mask: 4485585228861030400
occupancy after magic mul: 1820582350537424896
occupancy after shift: 202
attacks: 11547229444577951744
get_bishop_attacks for square 59
occupancy after mask: 5629499534213120
occupancy after magic mul: 15078051552436420608
occupancy after shift: 26
attacks: 5629499534213120
get_rook_attacks for square 59
occupancy after mask: 8505047896289183744
occupancy after magic mul: 15929372902967808000
occupancy after shift: 1768
attacks: 1443403680572243968
Enter makemove
get_bishop_attacks for square 4
occupancy after mask: 272384
occupancy after magic mul: 12764626998232350720
occupancy after shift: 22
attacks: 10240
get_rook_attacks for square 4
occupancy after mask: 4503599895810126
occupancy after magic mul: 4857347432763256832
occupancy after shift: 539
attacks: 4200
get_bishop_attacks for square 2
occupancy after mask: 2560
occupancy after magic mul: 1175443006172430336
occupancy after shift: 2
attacks: 2560
get_bishop_attacks for square 12
occupancy after mask: 2097152
occupancy after magic mul: 9268548822156443648
occupancy after shift: 16
attacks: 1108171292712
get_rook_attacks for square 0
occupancy after mask: 281474976776542
occupancy after magic mul: 15988837028354534336
occupancy after shift: 3550
attacks: 258
get_rook_attacks for square 7
occupancy after mask: 36028797027385438
occupancy after magic mul: 3400407213129346816
occupancy after shift: 755
attacks: 32832
get_bishop_attacks for square 3
occupancy after mask: 2102272
occupancy after magic mul: 16216387500604694528
occupancy after shift: 28
attacks: 5120
get_rook_attacks for square 3
occupancy after mask: 2251799813687382
occupancy after magic mul: 9451328715305957462
occupancy after shift: 1049
attacks: 2068
get_bishop_attacks for square 58
occupancy after mask: 2814749767106560
occupancy after magic mul: 2328361007350546432
occupancy after shift: 4
attacks: 2814749767106560
get_bishop_attacks for square 61
occupancy after mask: 22517998136852480
occupancy after magic mul: 2305843009213693952
occupancy after shift: 4
attacks: 22517998136852480
get_rook_attacks for square 56
occupancy after mask: 9079538323755696384
occupancy after magic mul: 2270307137825669376
occupancy after shift: 504
attacks: 144396663052566528
get_rook_attacks for square 62
occupancy after mask: 4485585228861030400
occupancy after magic mul: 1820582350537424896
occupancy after shift: 202
attacks: 11547229444577951744
get_bishop_attacks for square 59
occupancy after mask: 5629499534213120
occupancy after magic mul: 15078051552436420608
occupancy after shift: 26
attacks: 5629499534213120
get_rook_attacks for square 59
occupancy after mask: 8505047896289183744
occupancy after magic mul: 15929372902967808000
occupancy after shift: 1768
attacks: 1443403680572243968
Enter makemove
get_bishop_attacks for square 4
occupancy after mask: 272384
occupancy after magic mul: 12764626998232350720
occupancy after shift: 22
attacks: 10240
get_rook_attacks for square 4
occupancy after mask: 4503599895810126
occupancy after magic mul: 4857347432763256832
occupancy after shift: 539
attacks: 4200
get_bishop_attacks for square 2
occupancy after mask: 2560
occupancy after magic mul: 1175443006172430336
occupancy after shift: 2
attacks: 2560
get_bishop_attacks for square 14
occupancy after mask: 562950223953920
occupancy after magic mul: 6595101095922499584
occupancy after shift: 11
attacks: 10485920
get_rook_attacks for square 0
occupancy after mask: 281474976776542
occupancy after magic mul: 15988837028354534336
occupancy after shift: 3550
attacks: 258
get_rook_attacks for square 7
occupancy after mask: 36028797027385438
occupancy after magic mul: 3400407213129346816
occupancy after shift: 755
attacks: 32832
get_bishop_attacks for square 3
occupancy after mask: 2102272
occupancy after magic mul: 16216387500604694528
occupancy after shift: 28
attacks: 5120
get_rook_attacks for square 3
occupancy after mask: 2251799813687382
occupancy after magic mul: 9451328715305957462
occupancy after shift: 1049
attacks: 2068
get_bishop_attacks for square 58
occupancy after mask: 2814749767106560
occupancy after magic mul: 2328361007350546432
occupancy after shift: 4
attacks: 2814749767106560
get_bishop_attacks for square 61
occupancy after mask: 22517998136852480
occupancy after magic mul: 2305843009213693952
occupancy after shift: 4
attacks: 22517998136852480
get_rook_attacks for square 56
occupancy after mask: 9079538323755696384
occupancy after magic mul: 2270307137825669376
occupancy after shift: 504
attacks: 144396663052566528
get_rook_attacks for square 62
occupancy after mask: 4485585228861030400
occupancy after magic mul: 1820582350537424896
occupancy after shift: 202
attacks: 11547229444577951744
get_bishop_attacks for square 59
occupancy after mask: 5629499534213120
occupancy after magic mul: 15078051552436420608
occupancy after shift: 26
attacks: 5629499534213120
get_rook_attacks for square 59
occupancy after mask: 8505047896289183744
occupancy after magic mul: 15929372902967808000
occupancy after shift: 1768
attacks: 1443403680572243968
Enter makemove
get_bishop_attacks for square 4
occupancy after mask: 272384
occupancy after magic mul: 12764626998232350720
occupancy after shift: 22
attacks: 10240
get_rook_attacks for square 4
occupancy after mask: 4503599895810158
occupancy after magic mul: 10622042918875262976
occupancy after shift: 1179
attacks: 4136
get_bishop_attacks for square 2
occupancy after mask: 2560
occupancy after magic mul: 1175443006172430336
occupancy after shift: 2
attacks: 2560
get_bishop_attacks for square 5
occupancy after mask: 20480
occupancy after magic mul: 2930165545624227840
occupancy after shift: 5
attacks: 20480
get_rook_attacks for square 1
occupancy after mask: 562949953421948
occupancy after magic mul: 361052204864340604
occupancy after shift: 40
attacks: 517
get_rook_attacks for square 7
occupancy after mask: 36028797027385470
occupancy after magic mul: 4553333150679318272
occupancy after shift: 1011
attacks: 32832
get_bishop_attacks for square 3
occupancy after mask: 2102272
occupancy after magic mul: 16216387500604694528
occupancy after shift: 28
attacks: 5120
get_rook_attacks for square 3
occupancy after mask: 2251799813687414
occupancy after magic mul: 1381021119838140534
occupancy after shift: 153
attacks: 2068
get_bishop_attacks for square 58
occupancy after mask: 2814749767106560
occupancy after magic mul: 2328361007350546432
occupancy after shift: 4
attacks: 2814749767106560
get_bishop_attacks for square 61
occupancy after mask: 22517998136852480
occupancy after magic mul: 2305843009213693952
occupancy after shift: 4
attacks: 22517998136852480
get_rook_attacks for square 56
occupancy after mask: 9079538323755696384
occupancy after magic mul: 2270307137825669376
occupancy after shift: 504
attacks: 144396663052566528
get_rook_attacks for square 62
occupancy after mask: 4485585228861030400
occupancy after magic mul: 1820582350537424896
occupancy after shift: 202
attacks: 11547229444577951744
get_bishop_attacks for square 59
occupancy after mask: 5629499534213120
occupancy after magic mul: 15078051552436420608
occupancy after shift: 26
attacks: 5629499534213120
get_rook_attacks for square 59
occupancy after mask: 8505047896289183744
occupancy after magic mul: 15929372902967808000
occupancy after shift: 1768
attacks: 1443403680572243968
Enter makemove
get_bishop_attacks for square 4
occupancy after mask: 272384
occupancy after magic mul: 12764626998232350720
occupancy after shift: 22
attacks: 10240
get_rook_attacks for square 4
occupancy after mask: 4503599895810158
occupancy after magic mul: 10622042918875262976
occupancy after shift: 1179
attacks: 4136
get_bishop_attacks for square 2
occupancy after mask: 2560
occupancy after magic mul: 1175443006172430336
occupancy after shift: 2
attacks: 2560
get_bishop_attacks for square 5
occupancy after mask: 20480
occupancy after magic mul: 2930165545624227840
occupancy after shift: 5
attacks: 20480
get_rook_attacks for square 7
occupancy after mask: 36028797027385470
occupancy after magic mul: 4553333150679318272
occupancy after shift: 1011
attacks: 32832
get_rook_attacks for square 8
occupancy after mask: 281474976808448
occupancy after magic mul: 13777847576928557056
occupancy after shift: 1529
attacks: 66049
get_bishop_attacks for square 3
occupancy after mask: 2102272
occupancy after magic mul: 16216387500604694528
occupancy after shift: 28
attacks: 5120
get_rook_attacks for square 3
occupancy after mask: 2251799813687414
occupancy after magic mul: 1381021119838140534
occupancy after shift: 153
attacks: 2068
get_bishop_attacks for square 58
occupancy after mask: 2814749767106560
occupancy after magic mul: 2328361007350546432
occupancy after shift: 4
attacks: 2814749767106560
get_bishop_attacks for square 61
occupancy after mask: 22517998136852480
occupancy after magic mul: 2305843009213693952
occupancy after shift: 4
attacks: 22517998136852480
get_rook_attacks for square 56
occupancy after mask: 9079538323755696384
occupancy after magic mul: 2270307137825669376
occupancy after shift: 504
attacks: 144396663052566528
get_rook_attacks for square 62
occupancy after mask: 4485585228861030400
occupancy after magic mul: 1820582350537424896
occupancy after shift: 202
attacks: 11547229444577951744
get_bishop_attacks for square 59
occupancy after mask: 5629499534213120
occupancy after magic mul: 15078051552436420608
occupancy after shift: 26
attacks: 5629499534213120
get_rook_attacks for square 59
occupancy after mask: 8505047896289183744
occupancy after magic mul: 15929372902967808000
occupancy after shift: 1768
attacks: 1443403680572243968
Enter makemove
get_bishop_attacks for square 4
occupancy after mask: 272384
occupancy after magic mul: 12764626998232350720
occupancy after shift: 22
attacks: 10240
get_rook_attacks for square 4
occupancy after mask: 4503599895810158
occupancy after magic mul: 10622042918875262976
occupancy after shift: 1179
attacks: 4136
get_bishop_attacks for square 2
occupancy after mask: 2560
occupancy after magic mul: 1175443006172430336
occupancy after shift: 2
attacks: 2560
get_bishop_attacks for square 5
occupancy after mask: 20480
occupancy after magic mul: 2930165545624227840
occupancy after shift: 5
attacks: 20480
get_rook_attacks for square 0
occupancy after mask: 281474976776574
occupancy after magic mul: 3306797234737065920
occupancy after shift: 734
attacks: 258
get_rook_attacks for square 6
occupancy after mask: 18014398509498430
occupancy after magic mul: 13510935497540894464
occupancy after shift: 1500
attacks: 16544
get_bishop_attacks for square 3
occupancy after mask: 2102272
occupancy after magic mul: 16216387500604694528
occupancy after shift: 28
attacks: 5120
get_rook_attacks for square 3
occupancy after mask: 2251799813687414
occupancy after magic mul: 1381021119838140534
occupancy after shift: 153
attacks: 2068
get_bishop_attacks for square 58
occupancy after mask: 2814749767106560
occupancy after magic mul: 2328361007350546432
occupancy after shift: 4
attacks: 2814749767106560
get_bishop_attacks for square 61
occupancy after mask: 22517998136852480
occupancy after magic mul: 2305843009213693952
occupancy after shift: 4
attacks: 22517998136852480
get_rook_attacks for square 56
occupancy after mask: 9079538323755696384
occupancy after magic mul: 2270307137825669376
occupancy after shift: 504
attacks: 144396663052566528
get_rook_attacks for square 62
occupancy after mask: 4485585228861030400
occupancy after magic mul: 1820582350537424896
occupancy after shift: 202
attacks: 11547229444577951744
get_bishop_attacks for square 59
occupancy after mask: 5629499534213120
occupancy after magic mul: 15078051552436420608
occupancy after shift: 26
attacks: 5629499534213120
get_rook_attacks for square 59
occupancy after mask: 8505047896289183744
occupancy after magic mul: 15929372902967808000
occupancy after shift: 1768
attacks: 1443403680572243968
Enter makemove
get_bishop_attacks for square 4
occupancy after mask: 272384
occupancy after magic mul: 12764626998232350720
occupancy after shift: 22
attacks: 10240
get_rook_attacks for square 4
occupancy after mask: 4503599895810158
occupancy after magic mul: 10622042918875262976
occupancy after shift: 1179
attacks: 4136
get_bishop_attacks for square 2
occupancy after mask: 2560
occupancy after magic mul: 1175443006172430336
occupancy after shift: 2
attacks: 2560
get_bishop_attacks for square 5
occupancy after mask: 20480
occupancy after magic mul: 2930165545624227840
occupancy after shift: 5
attacks: 20480
get_rook_attacks for square 0
occupancy after mask: 281474976776574
occupancy after magic mul: 3306797234737065920
occupancy after shift: 734
attacks: 258
get_rook_attacks for square 15
occupancy after mask: 36028797027384832
occupancy after magic mul: 14956522671280487424
occupancy after shift: 1660
attacks: 8405120
get_bishop_attacks for square 3
occupancy after mask: 2102272
occupancy after magic mul: 16216387500604694528
occupancy after shift: 28
attacks: 5120
get_rook_attacks for square 3
occupancy after mask: 2251799813687414
occupancy after magic mul: 1381021119838140534
occupancy after shift: 153
attacks: 2068
get_bishop_attacks for square 58
occupancy after mask: 2814749767106560
occupancy after magic mul: 2328361007350546432
occupancy after shift: 4
attacks: 2814749767106560
get_bishop_attacks for square 61
occupancy after mask: 22517998136852480
occupancy after magic mul: 2305843009213693952
occupancy after shift: 4
attacks: 22517998136852480
get_rook_attacks for square 56
occupancy after mask: 9079538323755696384
occupancy after magic mul: 2270307137825669376
occupancy after shift: 504
attacks: 144396663052566528
get_rook_attacks for square 62
occupancy after mask: 4485585228861030400
occupancy after magic mul: 1820582350537424896
occupancy after shift: 202
attacks: 11547229444577951744
get_bishop_attacks for square 59
occupancy after mask: 5629499534213120
occupancy after magic mul: 15078051552436420608
occupancy after shift: 26
attacks: 5629499534213120
get_rook_attacks for square 59
occupancy after mask: 8505047896289183744
occupancy after magic mul: 15929372902967808000
occupancy after shift: 1768
attacks: 1443403680572243968
Enter makemove
get_bishop_attacks for square 4
occupancy after mask: 272384
occupancy after magic mul: 12764626998232350720
occupancy after shift: 22
attacks: 10240
get_rook_attacks for square 4
occupancy after mask: 4503599895810150
occupancy after magic mul: 9180869047347261440
occupancy after shift: 1019
attacks: 4140
get_bishop_attacks for square 2
occupancy after mask: 2560
occupancy after magic mul: 1175443006172430336
occupancy after shift: 2
attacks: 2560
get_bishop_attacks for square 5
occupancy after mask: 20480
occupancy after magic mul: 2930165545624227840
occupancy after shift: 5
attacks: 20480
get_rook_attacks for square 0
occupancy after mask: 281474976776566
occupancy after magic mul: 15700679219996208832
occupancy after shift: 3486
attacks: 258
get_rook_attacks for square 7
occupancy after mask: 36028797027385462
occupancy after magic mul: 18100159721573989120
occupancy after shift: 4019
attacks: 32832
get_bishop_attacks for square 2
occupancy after mask: 2560
occupancy after magic mul: 1175443006172430336
occupancy after shift: 2
attacks: 2560
get_rook_attacks for square 2
occupancy after mask: 1125899907105906
occupancy after magic mul: 17550105996184198272
occupancy after shift: 1948
attacks: 1050
get_bishop_attacks for square 58
occupancy after mask: 2814749767106560
occupancy after magic mul: 2328361007350546432
occupancy after shift: 4
attacks: 2814749767106560
get_bishop_attacks for square 61
occupancy after mask: 22517998136852480
occupancy after magic mul: 2305843009213693952
occupancy after shift: 4
attacks: 22517998136852480
get_rook_attacks for square 56
occupancy after mask: 9079538323755696384
occupancy after magic mul: 2270307137825669376
occupancy after shift: 504
attacks: 144396663052566528
get_rook_attacks for square 62
occupancy after mask: 4485585228861030400
occupancy after magic mul: 1820582350537424896
occupancy after shift: 202
attacks: 11547229444577951744
get_bishop_attacks for square 59
occupancy after mask: 5629499534213120
occupancy after magic mul: 15078051552436420608
occupancy after shift: 26
attacks: 5629499534213120
get_rook_attacks for square 59
occupancy after mask: 8505047896289183744
occupancy after magic mul: 15929372902967808000
occupancy after shift: 1768
attacks: 1443403680572243968
Enter makemove
get_bishop_attacks for square 4
occupancy after mask: 272384
occupancy after magic mul: 12764626998232350720
occupancy after shift: 22
attacks: 10240
get_rook_attacks for square 4
occupancy after mask: 4503599895810150
occupancy after magic mul: 9180869047347261440
occupancy after shift: 1019
attacks: 4140
get_bishop_attacks for square 2
occupancy after mask: 2560
occupancy after magic mul: 1175443006172430336
occupancy after shift: 2
attacks: 2560
get_bishop_attacks for square 5
occupancy after mask: 20480
occupancy after magic mul: 2930165545624227840
occupancy after shift: 5
attacks: 20480
get_rook_attacks for square 0
occupancy after mask: 281474976776566
occupancy after magic mul: 15700679219996208832
occupancy after shift: 3486
attacks: 258
get_rook_attacks for square 7
occupancy after mask: 36028797027385462
occupancy after magic mul: 18100159721573989120
occupancy after shift: 4019
attacks: 32832
get_bishop_attacks for square 4
occupancy after mask: 272384
occupancy after magic mul: 12764626998232350720
occupancy after shift: 22
attacks: 10240
get_rook_attacks for square 4
occupancy after mask: 4503599895810150
occupancy after magic mul: 9180869047347261440
occupancy after shift: 1019
attacks: 4140
get_bishop_attacks for square 58
occupancy after mask: 2814749767106560
occupancy after magic mul: 2328361007350546432
occupancy after shift: 4
attacks: 2814749767106560
get_bishop_attacks for square 61
occupancy after mask: 22517998136852480
occupancy after magic mul: 2305843009213693952
occupancy after shift: 4
attacks: 22517998136852480
get_rook_attacks for square 56
occupancy after mask: 9079538323755696384
occupancy after magic mul: 2270307137825669376
occupancy after shift: 504
attacks: 144396663052566528
get_rook_attacks for square 62
occupancy after mask: 4485585228861030400
occupancy after magic mul: 1820582350537424896
occupancy after shift: 202
attacks: 11547229444577951744
get_bishop_attacks for square 59
occupancy after mask: 5629499534213120
occupancy after magic mul: 15078051552436420608
occupancy after shift: 26
attacks: 5629499534213120
get_rook_attacks for square 59
occupancy after mask: 8505047896289183744
occupancy after magic mul: 15929372902967808000
occupancy after shift: 1768
attacks: 1443403680572243968
Enter makemove
get_bishop_attacks for square 4
occupancy after mask: 272384
occupancy after magic mul: 12764626998232350720
occupancy after shift: 22
attacks: 10240
get_rook_attacks for square 4
occupancy after mask: 4503599895810150
occupancy after magic mul: 9180869047347261440
occupancy after shift: 1019
attacks: 4140
get_bishop_attacks for square 2
occupancy after mask: 2560
occupancy after magic mul: 1175443006172430336
occupancy after shift: 2
attacks: 2560
get_bishop_attacks for square 5
occupancy after mask: 20480
occupancy after magic mul: 2930165545624227840
occupancy after shift: 5
attacks: 20480
get_rook_attacks for square 0
occupancy after mask: 281474976776566
occupancy after magic mul: 15700679219996208832
occupancy after shift: 3486
attacks: 258
get_rook_attacks for square 7
occupancy after mask: 36028797027385462
occupancy after magic mul: 18100159721573989120
occupancy after shift: 4019
attacks: 32832
get_bishop_attacks for square 10
occupancy after mask: 268435456
occupancy after magic mul: 653197872124133376
occupancy after shift: 1
attacks: 285868042
get_rook_attacks for square 10
occupancy after mask: 1125899907136000
occupancy after magic mul: 2130013667861725184
occupancy after shift: 118
attacks: 264708
get_bishop_attacks for square 58
occupancy after mask: 2814749767106560
occupancy after magic mul: 2328361007350546432
occupancy after shift: 4
attacks: 2814749767106560
get_bishop_attacks for square 61
occupancy after mask: 22517998136852480
occupancy after magic mul: 2305843009213693952
occupancy after shift: 4
attacks: 22517998136852480
get_rook_attacks for square 56
occupancy after mask: 9079538323755696384
occupancy after magic mul: 2270307137825669376
occupancy after shift: 504
attacks: 144396663052566528
get_rook_attacks for square 62
occupancy after mask: 4485585228861030400
occupancy after magic mul: 1820582350537424896
occupancy after shift: 202
attacks: 11547229444577951744
get_bishop_attacks for square 59
occupancy after mask: 5629499534213120
occupancy after magic mul: 15078051552436420608
occupancy after shift: 26
attacks: 5629499534213120
get_rook_attacks for square 59
occupancy after mask: 8505047896289183744
occupancy after magic mul: 15929372902967808000
occupancy after shift: 1768
attacks: 1443403680572243968
Enter makemove
get_bishop_attacks for square 4
occupancy after mask: 272384
occupancy after magic mul: 12764626998232350720
occupancy after shift: 22
attacks: 10240
get_rook_attacks for square 4
occupancy after mask: 4503599895810150
occupancy after magic mul: 9180869047347261440
occupancy after shift: 1019
attacks: 4140
get_bishop_attacks for square 2
occupancy after mask: 2560
occupancy after magic mul: 1175443006172430336
occupancy after shift: 2
attacks: 2560
get_bishop_attacks for square 5
occupancy after mask: 20480
occupancy after magic mul: 2930165545624227840
occupancy after shift: 5
attacks: 20480
get_rook_attacks for square 0
occupancy after mask: 281474976776566
occupancy after magic mul: 15700679219996208832
occupancy after shift: 3486
attacks: 258
get_rook_attacks for square 7
occupancy after mask: 36028797027385462
occupancy after magic mul: 18100159721573989120
occupancy after shift: 4019
attacks: 32832
get_bishop_attacks for square 11
occupancy after mask: 262144
occupancy after magic mul: 2342435374686535680
occupancy after shift: 4
attacks: 141012904443924
get_rook_attacks for square 11
occupancy after mask: 2251799813715456
occupancy after magic mul: 15494069400667865088
occupancy after shift: 860
attacks: 2260630401192968
get_bishop_attacks for square 58
occupancy after mask: 2814749767106560
occupancy after magic mul: 2328361007350546432
occupancy after shift: 4
attacks: 2814749767106560
get_bishop_attacks for square 61
occupancy after mask: 22517998136852480
occupancy after magic mul: 2305843009213693952
occupancy after shift: 4
attacks: 22517998136852480
get_rook_attacks for square 56
occupancy after mask: 9079538323755696384
occupancy after magic mul: 2270307137825669376
occupancy after shift: 504
attacks: 144396663052566528
get_rook_attacks for square 62
occupancy after mask: 4485585228861030400
occupancy after magic mul: 1820582350537424896
occupancy after shift: 202
attacks: 11547229444577951744
get_bishop_attacks for square 59
occupancy after mask: 5629499534213120
occupancy after magic mul: 15078051552436420608
occupancy after shift: 26
attacks: 5629499534213120
get_rook_attacks for square 59
occupancy after mask: 8505047896289183744
occupancy after magic mul: 15929372902967808000
occupancy after shift: 1768
attacks: 1443403680572243968
Enter makemove
get_bishop_attacks for square 4
occupancy after mask: 272384
occupancy after magic mul: 12764626998232350720
occupancy after shift: 22
attacks: 10240
get_rook_attacks for square 4
occupancy after mask: 4503599895810150
occupancy after magic mul: 9180869047347261440
occupancy after shift: 1019
attacks: 4140
get_bishop_attacks for square 2
occupancy after mask: 2560
occupancy after magic mul: 1175443006172430336
occupancy after shift: 2
attacks: 2560
get_bishop_attacks for square 5
occupancy after mask: 20480
occupancy after magic mul: 2930165545624227840
occupancy after shift: 5
attacks: 20480
get_rook_attacks for square 0
occupancy after mask: 281474976776566
occupancy after magic mul: 15700679219996208832
occupancy after shift: 3486
attacks: 258
get_rook_attacks for square 7
occupancy after mask: 36028797027385462
occupancy after magic mul: 18100159721573989120
occupancy after shift: 4019
attacks: 32832
get_bishop_attacks for square 12
occupancy after mask: 2097152
occupancy after magic mul: 9268548822156443648
occupancy after shift: 16
attacks: 1108171292712
get_rook_attacks for square 12
occupancy after mask: 4503599895834112
occupancy after magic mul: 11169965056600768512
occupancy after shift: 620
attacks: 269494288
get_bishop_attacks for square 58
occupancy after mask: 2814749767106560
occupancy after magic mul: 2328361007350546432
occupancy after shift: 4
attacks: 2814749767106560
get_bishop_attacks for square 61
occupancy after mask: 22517998136852480
occupancy after magic mul: 2305843009213693952
occupancy after shift: 4
attacks: 22517998136852480
get_rook_attacks for square 56
occupancy after mask: 9079538323755696384
occupancy after magic mul: 2270307137825669376
occupancy after shift: 504
attacks: 144396663052566528
get_rook_attacks for square 62
occupancy after mask: 4485585228861030400
occupancy after magic mul: 1820582350537424896
occupancy after shift: 202
attacks: 11547229444577951744
get_bishop_attacks for square 59
occupancy after mask: 5629499534213120
occupancy after magic mul: 15078051552436420608
occupancy after shift: 26
attacks: 5629499534213120
get_rook_attacks for square 59
occupancy after mask: 8505047896289183744
occupancy after magic mul: 15929372902967808000
occupancy after shift: 1768
attacks: 1443403680572243968
Undoing move: h8g8
Searching move 5: g8e7
Enter makemove
get_bishop_attacks for square 60
occupancy after mask: 11258999068426240
occupancy after magic mul: 2938598756859248640
occupancy after shift: 5
attacks: 11258999068426240
get_rook_attacks for square 60
occupancy after mask: 7930838944067883008
occupancy after magic mul: 4405225506530664448
occupancy after shift: 489
attacks: 2886807361144487936
Enter alpha_beta_search
Entering alpha_beta_search function (current_depth 0, max_depth 2)
tt.probe called with key = 3200390908526217875, num_entries = 18350080
calculated index = 6834835
Accessing table[index].key
get_bishop_attacks for square 2
occupancy after mask: 2560
occupancy after magic mul: 1175443006172430336
occupancy after shift: 2
attacks: 2560
get_bishop_attacks for square 5
occupancy after mask: 20480
occupancy after magic mul: 2930165545624227840
occupancy after shift: 5
attacks: 20480
get_rook_attacks for square 0
occupancy after mask: 281474976776574
occupancy after magic mul: 3306797234737065920
occupancy after shift: 734
attacks: 258
get_rook_attacks for square 7
occupancy after mask: 36028797027385470
occupancy after magic mul: 4553333150679318272
occupancy after shift: 1011
attacks: 32832
get_bishop_attacks for square 3
occupancy after mask: 2102272
occupancy after magic mul: 16216387500604694528
occupancy after shift: 28
attacks: 5120
get_rook_attacks for square 3
occupancy after mask: 2251799813687414
occupancy after magic mul: 1381021119838140534
occupancy after shift: 153
attacks: 2068
get_bishop_attacks for square 58
occupancy after mask: 2814749767106560
occupancy after magic mul: 2328361007350546432
occupancy after shift: 4
attacks: 2814749767106560
get_bishop_attacks for square 61
occupancy after mask: 22517998136852480
occupancy after magic mul: 2305843009213693952
occupancy after shift: 4
attacks: 22517998136852480
get_rook_attacks for square 56
occupancy after mask: 9079538323755696384
occupancy after magic mul: 2270307137825669376
occupancy after shift: 504
attacks: 144396663052566528
get_rook_attacks for square 63
occupancy after mask: 9115285645806305280
occupancy after magic mul: 12509465683603554304
occupancy after shift: 2777
attacks: 4647714815446351872
get_bishop_attacks for square 59
occupancy after mask: 5629499534213120
occupancy after magic mul: 15078051552436420608
occupancy after shift: 26
attacks: 5629499534213120
get_rook_attacks for square 59
occupancy after mask: 8505047896289183744
occupancy after magic mul: 15929372902967808000
occupancy after shift: 1768
attacks: 1443403680572243968
Undoing move: g8e7
Searching move 6: f8e7
Enter makemove
get_bishop_attacks for square 60
occupancy after mask: 11258999068426240
occupancy after magic mul: 2938598756859248640
occupancy after shift: 5
attacks: 11258999068426240
get_rook_attacks for square 60
occupancy after mask: 5624995934854189056
occupancy after magic mul: 18240283561812828160
occupancy after shift: 2025
attacks: 7498493379571875840
Enter alpha_beta_search
Entering alpha_beta_search function (current_depth 0, max_depth 2)
tt.probe called with key = 5144694964800545000, num_entries = 18350080
calculated index = 5071080
Accessing table[index].key
get_bishop_attacks for square 2
occupancy after mask: 2560
occupancy after magic mul: 1175443006172430336
occupancy after shift: 2
attacks: 2560
get_bishop_attacks for square 5
occupancy after mask: 20480
occupancy after magic mul: 2930165545624227840
occupancy after shift: 5
attacks: 20480
get_rook_attacks for square 0
occupancy after mask: 281474976776574
occupancy after magic mul: 3306797234737065920
occupancy after shift: 734
attacks: 258
get_rook_attacks for square 7
occupancy after mask: 36028797027385470
occupancy after magic mul: 4553333150679318272
occupancy after shift: 1011
attacks: 32832
get_bishop_attacks for square 3
occupancy after mask: 2102272
occupancy after magic mul: 16216387500604694528
occupancy after shift: 28
attacks: 5120
get_rook_attacks for square 3
occupancy after mask: 2251799813687414
occupancy after magic mul: 1381021119838140534
occupancy after shift: 153
attacks: 2068
get_bishop_attacks for square 52
occupancy after mask: 0
occupancy after magic mul: 0
occupancy after shift: 0
attacks: 2882348036221108224
get_bishop_attacks for square 58
occupancy after mask: 2814749767106560
occupancy after magic mul: 2328361007350546432
occupancy after shift: 4
attacks: 2814749767106560
get_rook_attacks for square 56
occupancy after mask: 6773695314542002432
occupancy after magic mul: 18411208202321527040
occupancy after shift: 4088
attacks: 144396663052566528
get_rook_attacks for square 63
occupancy after mask: 6809442636592611328
occupancy after magic mul: 7897779665176166400
occupancy after shift: 1753
attacks: 4647714815446351872
get_bishop_attacks for square 59
occupancy after mask: 5629499534213120
occupancy after magic mul: 15078051552436420608
occupancy after shift: 26
attacks: 5629499534213120
get_rook_attacks for square 59
occupancy after mask: 6199204887075489792
occupancy after magic mul: 11317686884540420096
occupancy after shift: 1256
attacks: 1443403680572243968
get_bishop_attacks for square 2
occupancy after mask: 2560
occupancy after magic mul: 1175443006172430336
occupancy after shift: 2
attacks: 2560
get_bishop_attacks for square 5
occupancy after mask: 20480
occupancy after magic mul: 2930165545624227840
occupancy after shift: 5
attacks: 20480
get_rook_attacks for square 0
occupancy after mask: 281474976776574
occupancy after magic mul: 3306797234737065920
occupancy after shift: 734
attacks: 258
get_rook_attacks for square 7
occupancy after mask: 36028797027385470
occupancy after magic mul: 4553333150679318272
occupancy after shift: 1011
attacks: 32832
get_rook_attacks for square 3
occupancy after mask: 2251799813687414
occupancy after magic mul: 1381021119838140534
occupancy after shift: 153
attacks: 2068
get_bishop_attacks for square 3
occupancy after mask: 2102272
occupancy after magic mul: 16216387500604694528
occupancy after shift: 28
attacks: 5120
Enter makemove
get_bishop_attacks for square 4
occupancy after mask: 272384
occupancy after magic mul: 12764626998232350720
occupancy after shift: 22
attacks: 10240
get_rook_attacks for square 4
occupancy after mask: 4503599895810158
occupancy after magic mul: 10622042918875262976
occupancy after shift: 1179
attacks: 4136
get_bishop_attacks for square 2
occupancy after mask: 2560
occupancy after magic mul: 1175443006172430336
occupancy after shift: 2
attacks: 2560
get_bishop_attacks for square 5
occupancy after mask: 20480
occupancy after magic mul: 2930165545624227840
occupancy after shift: 5
attacks: 20480
get_rook_attacks for square 0
occupancy after mask: 281474976776574
occupancy after magic mul: 3306797234737065920
occupancy after shift: 734
attacks: 258
get_rook_attacks for square 7
occupancy after mask: 36028797027385470
occupancy after magic mul: 4553333150679318272
occupancy after shift: 1011
attacks: 32832
get_bishop_attacks for square 3
occupancy after mask: 2102272
occupancy after magic mul: 16216387500604694528
occupancy after shift: 28
attacks: 5120
get_rook_attacks for square 3
occupancy after mask: 2251799813687414
occupancy after magic mul: 1381021119838140534
occupancy after shift: 153
attacks: 2068
get_bishop_attacks for square 52
occupancy after mask: 0
occupancy after magic mul: 0
occupancy after shift: 0
attacks: 2882348036221108224
get_bishop_attacks for square 58
occupancy after mask: 2814749767106560
occupancy after magic mul: 2328361007350546432
occupancy after shift: 4
attacks: 2814749767106560
get_rook_attacks for square 56
occupancy after mask: 6773695314542002432
occupancy after magic mul: 18411208202321527040
occupancy after shift: 4088
attacks: 144396663052566528
get_rook_attacks for square 63
occupancy after mask: 6809442636592611328
occupancy after magic mul: 7897779665176166400
occupancy after shift: 1753
attacks: 4647714815446351872
get_bishop_attacks for square 59
occupancy after mask: 5629499534213120
occupancy after magic mul: 15078051552436420608
occupancy after shift: 26
attacks: 5629499534213120
get_rook_attacks for square 59
occupancy after mask: 6199204887075489792
occupancy after magic mul: 11317686884540420096
occupancy after shift: 1256
attacks: 1443403680572243968
Enter makemove
get_bishop_attacks for square 4
occupancy after mask: 272384
occupancy after magic mul: 12764626998232350720
occupancy after shift: 22
attacks: 10240
get_rook_attacks for square 4
occupancy after mask: 4503599895810158
occupancy after magic mul: 10622042918875262976
occupancy after shift: 1179
attacks: 4136
get_bishop_attacks for square 2
occupancy after mask: 2560
occupancy after magic mul: 1175443006172430336
occupancy after shift: 2
attacks: 2560
get_bishop_attacks for square 5
occupancy after mask: 20480
occupancy after magic mul: 2930165545624227840
occupancy after shift: 5
attacks: 20480
get_rook_attacks for square 0
occupancy after mask: 281474976776574
occupancy after magic mul: 3306797234737065920
occupancy after shift: 734
attacks: 258
get_rook_attacks for square 7
occupancy after mask: 36028797027385470
occupancy after magic mul: 4553333150679318272
occupancy after shift: 1011
attacks: 32832
get_bishop_attacks for square 3
occupancy after mask: 2102272
occupancy after magic mul: 16216387500604694528
occupancy after shift: 28
attacks: 5120
get_rook_attacks for square 3
occupancy after mask: 2251799813687414
occupancy after magic mul: 1381021119838140534
occupancy after shift: 153
attacks: 2068
get_bishop_attacks for square 52
occupancy after mask: 0
occupancy after magic mul: 0
occupancy after shift: 0
attacks: 2882348036221108224
get_bishop_attacks for square 58
occupancy after mask: 2814749767106560
occupancy after magic mul: 2328361007350546432
occupancy after shift: 4
attacks: 2814749767106560
get_rook_attacks for square 56
occupancy after mask: 6773695314542002432
occupancy after magic mul: 18411208202321527040
occupancy after shift: 4088
attacks: 144396663052566528
get_rook_attacks for square 63
occupancy after mask: 6809442636592611328
occupancy after magic mul: 7897779665176166400
occupancy after shift: 1753
attacks: 4647714815446351872
get_bishop_attacks for square 59
occupancy after mask: 5629499534213120
occupancy after magic mul: 15078051552436420608
occupancy after shift: 26
attacks: 5629499534213120
get_rook_attacks for square 59
occupancy after mask: 6199204887075489792
occupancy after magic mul: 11317686884540420096
occupancy after shift: 1256
attacks: 1443403680572243968
Enter makemove
get_bishop_attacks for square 4
occupancy after mask: 272384
occupancy after magic mul: 12764626998232350720
occupancy after shift: 22
attacks: 10240
get_rook_attacks for square 4
occupancy after mask: 4503599895810158
occupancy after magic mul: 10622042918875262976
occupancy after shift: 1179
attacks: 4136
get_bishop_attacks for square 2
occupancy after mask: 2560
occupancy after magic mul: 1175443006172430336
occupancy after shift: 2
attacks: 2560
get_bishop_attacks for square 5
occupancy after mask: 20480
occupancy after magic mul: 2930165545624227840
occupancy after shift: 5
attacks: 20480
get_rook_attacks for square 0
occupancy after mask: 281474976776574
occupancy after magic mul: 3306797234737065920
occupancy after shift: 734
attacks: 258
get_rook_attacks for square 7
occupancy after mask: 36028797027385470
occupancy after magic mul: 4553333150679318272
occupancy after shift: 1011
attacks: 32832
get_bishop_attacks for square 3
occupancy after mask: 2102272
occupancy after magic mul: 16216387500604694528
occupancy after shift: 28
attacks: 5120
get_rook_attacks for square 3
occupancy after mask: 2251799813687414
occupancy after magic mul: 1381021119838140534
occupancy after shift: 153
attacks: 2068
get_bishop_attacks for square 52
occupancy after mask: 0
occupancy after magic mul: 0
occupancy after shift: 0
attacks: 2882348036221108224
get_bishop_attacks for square 58
occupancy after mask: 2814749767106560
occupancy after magic mul: 2328361007350546432
occupancy after shift: 4
attacks: 2814749767106560
get_rook_attacks for square 56
occupancy after mask: 6773695314542002432
occupancy after magic mul: 18411208202321527040
occupancy after shift: 4088
attacks: 144396663052566528
get_rook_attacks for square 63
occupancy after mask: 6809442636592611328
occupancy after magic mul: 7897779665176166400
occupancy after shift: 1753
attacks: 4647714815446351872
get_bishop_attacks for square 59
occupancy after mask: 5629499534213120
occupancy after magic mul: 15078051552436420608
occupancy after shift: 26
attacks: 5629499534213120
get_rook_attacks for square 59
occupancy after mask: 6199204887075489792
occupancy after magic mul: 11317686884540420096
occupancy after shift: 1256
attacks: 1443403680572243968
Enter makemove
get_bishop_attacks for square 4
occupancy after mask: 272384
occupancy after magic mul: 12764626998232350720
occupancy after shift: 22
attacks: 10240
get_rook_attacks for square 4
occupancy after mask: 4503599895810158
occupancy after magic mul: 10622042918875262976
occupancy after shift: 1179
attacks: 4136
get_bishop_attacks for square 2
occupancy after mask: 2560
occupancy after magic mul: 1175443006172430336
occupancy after shift: 2
attacks: 2560
get_bishop_attacks for square 5
occupancy after mask: 20480
occupancy after magic mul: 2930165545624227840
occupancy after shift: 5
attacks: 20480
get_rook_attacks for square 0
occupancy after mask: 281474976776574
occupancy after magic mul: 3306797234737065920
occupancy after shift: 734
attacks: 258
get_rook_attacks for square 7
occupancy after mask: 36028797027385470
occupancy after magic mul: 4553333150679318272
occupancy after shift: 1011
attacks: 32832
get_bishop_attacks for square 3
occupancy after mask: 2102272
occupancy after magic mul: 16216387500604694528
occupancy after shift: 28
attacks: 5120
get_rook_attacks for square 3
occupancy after mask: 2251799813687414
occupancy after magic mul: 1381021119838140534
occupancy after shift: 153
attacks: 2068
get_bishop_attacks for square 52
occupancy after mask: 0
occupancy after magic mul: 0
occupancy after shift: 0
attacks: 2882348036221108224
get_bishop_attacks for square 58
occupancy after mask: 2814749767106560
occupancy after magic mul: 2328361007350546432
occupancy after shift: 4
attacks: 2814749767106560
get_rook_attacks for square 56
occupancy after mask: 6773695314542002432
occupancy after magic mul: 18411208202321527040
occupancy after shift: 4088
attacks: 144396663052566528
get_rook_attacks for square 63
occupancy after mask: 6809442636592611328
occupancy after magic mul: 7897779665176166400
occupancy after shift: 1753
attacks: 4647714815446351872
get_bishop_attacks for square 59
occupancy after mask: 5629499534213120
occupancy after magic mul: 15078051552436420608
occupancy after shift: 26
attacks: 5629499534213120
get_rook_attacks for square 59
occupancy after mask: 6199204887075489792
occupancy after magic mul: 11317686884540420096
occupancy after shift: 1256
attacks: 1443403680572243968
Enter makemove
get_bishop_attacks for square 4
occupancy after mask: 272384
occupancy after magic mul: 12764626998232350720
occupancy after shift: 22
attacks: 10240
get_rook_attacks for square 4
occupancy after mask: 4503599895810158
occupancy after magic mul: 10622042918875262976
occupancy after shift: 1179
attacks: 4136
get_bishop_attacks for square 2
occupancy after mask: 2560
occupancy after magic mul: 1175443006172430336
occupancy after shift: 2
attacks: 2560
get_bishop_attacks for square 5
occupancy after mask: 20480
occupancy after magic mul: 2930165545624227840
occupancy after shift: 5
attacks: 20480
get_rook_attacks for square 0
occupancy after mask: 281474976776574
occupancy after magic mul: 3306797234737065920
occupancy after shift: 734
attacks: 258
get_rook_attacks for square 7
occupancy after mask: 36028797027385470
occupancy after magic mul: 4553333150679318272
occupancy after shift: 1011
attacks: 32832
get_bishop_attacks for square 3
occupancy after mask: 2102272
occupancy after magic mul: 16216387500604694528
occupancy after shift: 28
attacks: 5120
get_rook_attacks for square 3
occupancy after mask: 2251799813687414
occupancy after magic mul: 1381021119838140534
occupancy after shift: 153
attacks: 2068
get_bishop_attacks for square 52
occupancy after mask: 0
occupancy after magic mul: 0
occupancy after shift: 0
attacks: 2882348036221108224
get_bishop_attacks for square 58
occupancy after mask: 2814749767106560
occupancy after magic mul: 2328361007350546432
occupancy after shift: 4
attacks: 2814749767106560
get_rook_attacks for square 56
occupancy after mask: 6773695314542002432
occupancy after magic mul: 18411208202321527040
occupancy after shift: 4088
attacks: 144396663052566528
get_rook_attacks for square 63
occupancy after mask: 6809442636592611328
occupancy after magic mul: 7897779665176166400
occupancy after shift: 1753
attacks: 4647714815446351872
get_bishop_attacks for square 59
occupancy after mask: 5629499534213120
occupancy after magic mul: 15078051552436420608
occupancy after shift: 26
attacks: 5629499534213120
get_rook_attacks for square 59
occupancy after mask: 6199204887075489792
occupancy after magic mul: 11317686884540420096
occupancy after shift: 1256
attacks: 1443403680572243968
Enter makemove
get_bishop_attacks for square 4
occupancy after mask: 272384
occupancy after magic mul: 12764626998232350720
occupancy after shift: 22
attacks: 10240
get_rook_attacks for square 4
occupancy after mask: 4503599895810158
occupancy after magic mul: 10622042918875262976
occupancy after shift: 1179
attacks: 4136
get_bishop_attacks for square 2
occupancy after mask: 2560
occupancy after magic mul: 1175443006172430336
occupancy after shift: 2
attacks: 2560
get_bishop_attacks for square 5
occupancy after mask: 20480
occupancy after magic mul: 2930165545624227840
occupancy after shift: 5
attacks: 20480
get_rook_attacks for square 0
occupancy after mask: 281474976776574
occupancy after magic mul: 3306797234737065920
occupancy after shift: 734
attacks: 258
get_rook_attacks for square 7
occupancy after mask: 36028797027385470
occupancy after magic mul: 4553333150679318272
occupancy after shift: 1011
attacks: 32832
get_bishop_attacks for square 3
occupancy after mask: 2102272
occupancy after magic mul: 16216387500604694528
occupancy after shift: 28
attacks: 5120
get_rook_attacks for square 3
occupancy after mask: 2251799813687414
occupancy after magic mul: 1381021119838140534
occupancy after shift: 153
attacks: 2068
get_bishop_attacks for square 52
occupancy after mask: 0
occupancy after magic mul: 0
occupancy after shift: 0
attacks: 2882348036221108224
get_bishop_attacks for square 58
occupancy after mask: 2814749767106560
occupancy after magic mul: 2328361007350546432
occupancy after shift: 4
attacks: 2814749767106560
get_rook_attacks for square 56
occupancy after mask: 6773695314542002432
occupancy after magic mul: 18411208202321527040
occupancy after shift: 4088
attacks: 144396663052566528
get_rook_attacks for square 63
occupancy after mask: 6809442636592611328
occupancy after magic mul: 7897779665176166400
occupancy after shift: 1753
attacks: 4647714815446351872
get_bishop_attacks for square 59
occupancy after mask: 5629499534213120
occupancy after magic mul: 15078051552436420608
occupancy after shift: 26
attacks: 5629499534213120
get_rook_attacks for square 59
occupancy after mask: 6199204887075489792
occupancy after magic mul: 11317686884540420096
occupancy after shift: 1256
attacks: 1443403680572243968
Enter makemove
get_bishop_attacks for square 4
occupancy after mask: 272384
occupancy after magic mul: 12764626998232350720
occupancy after shift: 22
attacks: 10240
get_rook_attacks for square 4
occupancy after mask: 4503599895810158
occupancy after magic mul: 10622042918875262976
occupancy after shift: 1179
attacks: 4136
get_bishop_attacks for square 2
occupancy after mask: 2560
occupancy after magic mul: 1175443006172430336
occupancy after shift: 2
attacks: 2560
get_bishop_attacks for square 5
occupancy after mask: 20480
occupancy after magic mul: 2930165545624227840
occupancy after shift: 5
attacks: 20480
get_rook_attacks for square 0
occupancy after mask: 281474976776574
occupancy after magic mul: 3306797234737065920
occupancy after shift: 734
attacks: 258
get_rook_attacks for square 7
occupancy after mask: 36028797027385470
occupancy after magic mul: 4553333150679318272
occupancy after shift: 1011
attacks: 32832
get_bishop_attacks for square 3
occupancy after mask: 2102272
occupancy after magic mul: 16216387500604694528
occupancy after shift: 28
attacks: 5120
get_rook_attacks for square 3
occupancy after mask: 2251799813687414
occupancy after magic mul: 1381021119838140534
occupancy after shift: 153
attacks: 2068
get_bishop_attacks for square 52
occupancy after mask: 0
occupancy after magic mul: 0
occupancy after shift: 0
attacks: 2882348036221108224
get_bishop_attacks for square 58
occupancy after mask: 2814749767106560
occupancy after magic mul: 2328361007350546432
occupancy after shift: 4
attacks: 2814749767106560
get_rook_attacks for square 56
occupancy after mask: 6773695314542002432
occupancy after magic mul: 18411208202321527040
occupancy after shift: 4088
attacks: 144396663052566528
get_rook_attacks for square 63
occupancy after mask: 6809442636592611328
occupancy after magic mul: 7897779665176166400
occupancy after shift: 1753
attacks: 4647714815446351872
get_bishop_attacks for square 59
occupancy after mask: 5629499534213120
occupancy after magic mul: 15078051552436420608
occupancy after shift: 26
attacks: 5629499534213120
get_rook_attacks for square 59
occupancy after mask: 6199204887075489792
occupancy after magic mul: 11317686884540420096
occupancy after shift: 1256
attacks: 1443403680572243968
Enter makemove
get_bishop_attacks for square 4
occupancy after mask: 272384
occupancy after magic mul: 12764626998232350720
occupancy after shift: 22
attacks: 10240
get_rook_attacks for square 4
occupancy after mask: 4503599895810158
occupancy after magic mul: 10622042918875262976
occupancy after shift: 1179
attacks: 4136
get_bishop_attacks for square 2
occupancy after mask: 2560
occupancy after magic mul: 1175443006172430336
occupancy after shift: 2
attacks: 2560
get_bishop_attacks for square 5
occupancy after mask: 20480
occupancy after magic mul: 2930165545624227840
occupancy after shift: 5
attacks: 20480
get_rook_attacks for square 0
occupancy after mask: 281474976776574
occupancy after magic mul: 3306797234737065920
occupancy after shift: 734
attacks: 258
get_rook_attacks for square 7
occupancy after mask: 36028797027385470
occupancy after magic mul: 4553333150679318272
occupancy after shift: 1011
attacks: 32832
get_bishop_attacks for square 3
occupancy after mask: 2102272
occupancy after magic mul: 16216387500604694528
occupancy after shift: 28
attacks: 5120
get_rook_attacks for square 3
occupancy after mask: 2251799813687414
occupancy after magic mul: 1381021119838140534
occupancy after shift: 153
attacks: 2068
get_bishop_attacks for square 52
occupancy after mask: 0
occupancy after magic mul: 0
occupancy after shift: 0
attacks: 2882348036221108224
get_bishop_attacks for square 58
occupancy after mask: 2814749767106560
occupancy after magic mul: 2328361007350546432
occupancy after shift: 4
attacks: 2814749767106560
get_rook_attacks for square 56
occupancy after mask: 6773695314542002432
occupancy after magic mul: 18411208202321527040
occupancy after shift: 4088
attacks: 144396663052566528
get_rook_attacks for square 63
occupancy after mask: 6809442636592611328
occupancy after magic mul: 7897779665176166400
occupancy after shift: 1753
attacks: 4647714815446351872
get_bishop_attacks for square 59
occupancy after mask: 5629499534213120
occupancy after magic mul: 15078051552436420608
occupancy after shift: 26
attacks: 5629499534213120
get_rook_attacks for square 59
occupancy after mask: 6199204887075489792
occupancy after magic mul: 11317686884540420096
occupancy after shift: 1256
attacks: 1443403680572243968
get_bishop_attacks for square 52
occupancy after mask: 0
occupancy after magic mul: 0
occupancy after shift: 0
attacks: 2882348036221108224
get_bishop_attacks for square 58
occupancy after mask: 2814749767106560
occupancy after magic mul: 2328361007350546432
occupancy after shift: 4
attacks: 2814749767106560
get_rook_attacks for square 56
occupancy after mask: 6773695314542002432
occupancy after magic mul: 18411208202321527040
occupancy after shift: 4088
attacks: 144396663052566528
get_rook_attacks for square 63
occupancy after mask: 6809442636592611328
occupancy after magic mul: 7897779665176166400
occupancy after shift: 1753
attacks: 4647714815446351872
get_rook_attacks for square 59
occupancy after mask: 6199204887075489792
occupancy after magic mul: 11317686884540420096
occupancy after shift: 1256
attacks: 1443403680572243968
get_bishop_attacks for square 59
occupancy after mask: 5629499534213120
occupancy after magic mul: 15078051552436420608
occupancy after shift: 26
attacks: 5629499534213120
Enter makemove
get_bishop_attacks for square 60
occupancy after mask: 11258999068426240
occupancy after magic mul: 2938598756859248640
occupancy after shift: 5
attacks: 11258999068426240
get_rook_attacks for square 60
occupancy after mask: 5624995934854189056
occupancy after magic mul: 18240283561812828160
occupancy after shift: 2025
attacks: 7498493379571875840
get_bishop_attacks for square 2
occupancy after mask: 2560
occupancy after magic mul: 1175443006172430336
occupancy after shift: 2
attacks: 2560
get_bishop_attacks for square 5
occupancy after mask: 20480
occupancy after magic mul: 2930165545624227840
occupancy after shift: 5
attacks: 20480
get_rook_attacks for square 0
occupancy after mask: 281474976776574
occupancy after magic mul: 3306797234737065920
occupancy after shift: 734
attacks: 258
get_rook_attacks for square 7
occupancy after mask: 36028797027385470
occupancy after magic mul: 4553333150679318272
occupancy after shift: 1011
attacks: 32832
get_bishop_attacks for square 3
occupancy after mask: 2102272
occupancy after magic mul: 16216387500604694528
occupancy after shift: 28
attacks: 5120
get_rook_attacks for square 3
occupancy after mask: 2251799813687414
occupancy after magic mul: 1381021119838140534
occupancy after shift: 153
attacks: 2068
get_bishop_attacks for square 52
occupancy after mask: 0
occupancy after magic mul: 0
occupancy after shift: 0
attacks: 2882348036221108224
get_bishop_attacks for square 58
occupancy after mask: 2814749767106560
occupancy after magic mul: 2328361007350546432
occupancy after shift: 4
attacks: 2814749767106560
get_rook_attacks for square 57
occupancy after mask: 6629861601442791936
occupancy after magic mul: 1585901489228481024
occupancy after shift: 176
attacks: 360850920143060992
get_rook_attacks for square 63
occupancy after mask: 6809442636592611328
occupancy after magic mul: 7897779665176166400
occupancy after shift: 1753
attacks: 4647714815446351872
get_bishop_attacks for square 59
occupancy after mask: 5629499534213120
occupancy after magic mul: 15078051552436420608
occupancy after shift: 26
attacks: 5629499534213120
get_rook_attacks for square 59
occupancy after mask: 6199204887075489792
occupancy after magic mul: 11317686884540420096
occupancy after shift: 1256
attacks: 1443403680572243968
get_bishop_attacks for square 2
occupancy after mask: 2560
occupancy after magic mul: 1175443006172430336
occupancy after shift: 2
attacks: 2560
get_bishop_attacks for square 5
occupancy after mask: 20480
occupancy after magic mul: 2930165545624227840
occupancy after shift: 5
attacks: 20480
get_rook_attacks for square 0
occupancy after mask: 281474976776574
occupancy after magic mul: 3306797234737065920
occupancy after shift: 734
attacks: 258
get_rook_attacks for square 7
occupancy after mask: 36028797027385470
occupancy after magic mul: 4553333150679318272
occupancy after shift: 1011
attacks: 32832
get_rook_attacks for square 3
occupancy after mask: 2251799813687414
occupancy after magic mul: 1381021119838140534
occupancy after shift: 153
attacks: 2068
get_bishop_attacks for square 3
occupancy after mask: 2102272
occupancy after magic mul: 16216387500604694528
occupancy after shift: 28
attacks: 5120
Enter makemove
get_bishop_attacks for square 4
occupancy after mask: 272384
occupancy after magic mul: 12764626998232350720
occupancy after shift: 22
attacks: 10240
get_rook_attacks for square 4
occupancy after mask: 4503599895810158
occupancy after magic mul: 10622042918875262976
occupancy after shift: 1179
attacks: 4136
get_bishop_attacks for square 2
occupancy after mask: 2560
occupancy after magic mul: 1175443006172430336
occupancy after shift: 2
attacks: 2560
get_bishop_attacks for square 5
occupancy after mask: 20480
occupancy after magic mul: 2930165545624227840
occupancy after shift: 5
attacks: 20480
get_rook_attacks for square 0
occupancy after mask: 281474976776574
occupancy after magic mul: 3306797234737065920
occupancy after shift: 734
attacks: 258
get_rook_attacks for square 7
occupancy after mask: 36028797027385470
occupancy after magic mul: 4553333150679318272
occupancy after shift: 1011
attacks: 32832
get_bishop_attacks for square 3
occupancy after mask: 2102272
occupancy after magic mul: 16216387500604694528
occupancy after shift: 28
attacks: 5120
get_rook_attacks for square 3
occupancy after mask: 2251799813687414
occupancy after magic mul: 1381021119838140534
occupancy after shift: 153
attacks: 2068
get_bishop_attacks for square 52
occupancy after mask: 0
occupancy after magic mul: 0
occupancy after shift: 0
attacks: 2882348036221108224
get_bishop_attacks for square 58
occupancy after mask: 2814749767106560
occupancy after magic mul: 2328361007350546432
occupancy after shift: 4
attacks: 2814749767106560
get_rook_attacks for square 57
occupancy after mask: 6629861601442791936
occupancy after magic mul: 1585901489228481024
occupancy after shift: 176
attacks: 360850920143060992
get_rook_attacks for square 63
occupancy after mask: 6809442636592611328
occupancy after magic mul: 7897779665176166400
occupancy after shift: 1753
attacks: 4647714815446351872
get_bishop_attacks for square 59
occupancy after mask: 5629499534213120
occupancy after magic mul: 15078051552436420608
occupancy after shift: 26
attacks: 5629499534213120
get_rook_attacks for square 59
occupancy after mask: 6199204887075489792
occupancy after magic mul: 11317686884540420096
occupancy after shift: 1256
attacks: 1443403680572243968
Enter makemove
get_bishop_attacks for square 4
occupancy after mask: 272384
occupancy after magic mul: 12764626998232350720
occupancy after shift: 22
attacks: 10240
get_rook_attacks for square 4
occupancy after mask: 4503599895810158
occupancy after magic mul: 10622042918875262976
occupancy after shift: 1179
attacks: 4136
get_bishop_attacks for square 2
occupancy after mask: 2560
occupancy after magic mul: 1175443006172430336
occupancy after shift: 2
attacks: 2560
get_bishop_attacks for square 5
occupancy after mask: 20480
occupancy after magic mul: 2930165545624227840
occupancy after shift: 5
attacks: 20480
get_rook_attacks for square 0
occupancy after mask: 281474976776574
occupancy after magic mul: 3306797234737065920
occupancy after shift: 734
attacks: 258
get_rook_attacks for square 7
occupancy after mask: 36028797027385470
occupancy after magic mul: 4553333150679318272
occupancy after shift: 1011
attacks: 32832
get_bishop_attacks for square 3
occupancy after mask: 2102272
occupancy after magic mul: 16216387500604694528
occupancy after shift: 28
attacks: 5120
get_rook_attacks for square 3
occupancy after mask: 2251799813687414
occupancy after magic mul: 1381021119838140534
occupancy after shift: 153
attacks: 2068
get_bishop_attacks for square 52
occupancy after mask: 0
occupancy after magic mul: 0
occupancy after shift: 0
attacks: 2882348036221108224
get_bishop_attacks for square 58
occupancy after mask: 2814749767106560
occupancy after magic mul: 2328361007350546432
occupancy after shift: 4
attacks: 2814749767106560
get_rook_attacks for square 57
occupancy after mask: 6629861601442791936
occupancy after magic mul: 1585901489228481024
occupancy after shift: 176
attacks: 360850920143060992
get_rook_attacks for square 63
occupancy after mask: 6809442636592611328
occupancy after magic mul: 7897779665176166400
occupancy after shift: 1753
attacks: 4647714815446351872
get_bishop_attacks for square 59
occupancy after mask: 5629499534213120
occupancy after magic mul: 15078051552436420608
occupancy after shift: 26
attacks: 5629499534213120
get_rook_attacks for square 59
occupancy after mask: 6199204887075489792
occupancy after magic mul: 11317686884540420096
occupancy after shift: 1256
attacks: 1443403680572243968
Enter makemove
get_bishop_attacks for square 4
occupancy after mask: 272384
occupancy after magic mul: 12764626998232350720
occupancy after shift: 22
attacks: 10240
get_rook_attacks for square 4
occupancy after mask: 4503599895810158
occupancy after magic mul: 10622042918875262976
occupancy after shift: 1179
attacks: 4136
get_bishop_attacks for square 2
occupancy after mask: 2560
occupancy after magic mul: 1175443006172430336
occupancy after shift: 2
attacks: 2560
get_bishop_attacks for square 5
occupancy after mask: 20480
occupancy after magic mul: 2930165545624227840
occupancy after shift: 5
attacks: 20480
get_rook_attacks for square 0
occupancy after mask: 281474976776574
occupancy after magic mul: 3306797234737065920
occupancy after shift: 734
attacks: 258
get_rook_attacks for square 7
occupancy after mask: 36028797027385470
occupancy after magic mul: 4553333150679318272
occupancy after shift: 1011
attacks: 32832
get_bishop_attacks for square 3
occupancy after mask: 2102272
occupancy after magic mul: 16216387500604694528
occupancy after shift: 28
attacks: 5120
get_rook_attacks for square 3
occupancy after mask: 2251799813687414
occupancy after magic mul: 1381021119838140534
occupancy after shift: 153
attacks: 2068
get_bishop_attacks for square 52
occupancy after mask: 0
occupancy after magic mul: 0
occupancy after shift: 0
attacks: 2882348036221108224
get_bishop_attacks for square 58
occupancy after mask: 2814749767106560
occupancy after magic mul: 2328361007350546432
occupancy after shift: 4
attacks: 2814749767106560
get_rook_attacks for square 57
occupancy after mask: 6629861601442791936
occupancy after magic mul: 1585901489228481024
occupancy after shift: 176
attacks: 360850920143060992
get_rook_attacks for square 63
occupancy after mask: 6809442636592611328
occupancy after magic mul: 7897779665176166400
occupancy after shift: 1753
attacks: 4647714815446351872
get_bishop_attacks for square 59
occupancy after mask: 5629499534213120
occupancy after magic mul: 15078051552436420608
occupancy after shift: 26
attacks: 5629499534213120
get_rook_attacks for square 59
occupancy after mask: 6199204887075489792
occupancy after magic mul: 11317686884540420096
occupancy after shift: 1256
attacks: 1443403680572243968
get_bishop_attacks for square 52
occupancy after mask: 0
occupancy after magic mul: 0
occupancy after shift: 0
attacks: 2882348036221108224
get_bishop_attacks for square 58
occupancy after mask: 2814749767106560
occupancy after magic mul: 2328361007350546432
occupancy after shift: 4
attacks: 2814749767106560
get_rook_attacks for square 57
occupancy after mask: 6629861601442791936
occupancy after magic mul: 1585901489228481024
occupancy after shift: 176
attacks: 360850920143060992
get_rook_attacks for square 63
occupancy after mask: 6809442636592611328
occupancy after magic mul: 7897779665176166400
occupancy after shift: 1753
attacks: 4647714815446351872
get_rook_attacks for square 59
occupancy after mask: 6199204887075489792
occupancy after magic mul: 11317686884540420096
occupancy after shift: 1256
attacks: 1443403680572243968
get_bishop_attacks for square 59
occupancy after mask: 5629499534213120
occupancy after magic mul: 15078051552436420608
occupancy after shift: 26
attacks: 5629499534213120
Enter makemove
get_bishop_attacks for square 60
occupancy after mask: 11258999068426240
occupancy after magic mul: 2938598756859248640
occupancy after shift: 5
attacks: 11258999068426240
get_rook_attacks for square 60
occupancy after mask: 5480880746778333184
occupancy after magic mul: 17952053185661116416
occupancy after shift: 1993
attacks: 7498493379571875840
get_bishop_attacks for square 2
occupancy after mask: 2560
occupancy after magic mul: 1175443006172430336
occupancy after shift: 2
attacks: 2560
get_bishop_attacks for square 5
occupancy after mask: 20480
occupancy after magic mul: 2930165545624227840
occupancy after shift: 5
attacks: 20480
get_rook_attacks for square 0
occupancy after mask: 281474976776574
occupancy after magic mul: 3306797234737065920
occupancy after shift: 734
attacks: 258
get_rook_attacks for square 7
occupancy after mask: 36028797027385470
occupancy after magic mul: 4553333150679318272
occupancy after shift: 1011
attacks: 32832
get_bishop_attacks for square 3
occupancy after mask: 2102272
occupancy after magic mul: 16216387500604694528
occupancy after shift: 28
attacks: 5120
get_rook_attacks for square 3
occupancy after mask: 2251799813687414
occupancy after magic mul: 1381021119838140534
occupancy after shift: 153
attacks: 2068
get_bishop_attacks for square 52
occupancy after mask: 0
occupancy after magic mul: 0
occupancy after shift: 0
attacks: 2882348036221108224
get_bishop_attacks for square 58
occupancy after mask: 2814749767106560
occupancy after magic mul: 2328361007350546432
occupancy after shift: 4
attacks: 2814749767106560
get_rook_attacks for square 57
occupancy after mask: 6629861601442791936
occupancy after magic mul: 1585901489228481024
occupancy after shift: 176
attacks: 360850920143060992
get_rook_attacks for square 63
occupancy after mask: 6665327448516755456
occupancy after magic mul: 16832921325879230464
occupancy after shift: 3737
attacks: 4647714815446351872
get_bishop_attacks for square 59
occupancy after mask: 5629499534213120
occupancy after magic mul: 15078051552436420608
occupancy after shift: 26
attacks: 5629499534213120
get_rook_attacks for square 59
occupancy after mask: 6055089698999633920
occupancy after magic mul: 6417770489961320448
occupancy after shift: 712
attacks: 1443403680572243968
Enter makemove
get_bishop_attacks for square 60
occupancy after mask: 11258999068426240
occupancy after magic mul: 2938598756859248640
occupancy after shift: 5
attacks: 11258999068426240
get_rook_attacks for square 60
occupancy after mask: 5624995934854189056
occupancy after magic mul: 18240283561812828160
occupancy after shift: 2025
attacks: 7498493379571875840
get_bishop_attacks for square 2
occupancy after mask: 2560
occupancy after magic mul: 1175443006172430336
occupancy after shift: 2
attacks: 2560
get_bishop_attacks for square 5
occupancy after mask: 20480
occupancy after magic mul: 2930165545624227840
occupancy after shift: 5
attacks: 20480
get_rook_attacks for square 0
occupancy after mask: 281474976776574
occupancy after magic mul: 3306797234737065920
occupancy after shift: 734
attacks: 258
get_rook_attacks for square 7
occupancy after mask: 36028797027385470
occupancy after magic mul: 4553333150679318272
occupancy after shift: 1011
attacks: 32832
get_bishop_attacks for square 3
occupancy after mask: 2102272
occupancy after magic mul: 16216387500604694528
occupancy after shift: 28
attacks: 5120
get_rook_attacks for square 3
occupancy after mask: 2251799813687414
occupancy after magic mul: 1381021119838140534
occupancy after shift: 153
attacks: 2068
get_bishop_attacks for square 52
occupancy after mask: 0
occupancy after magic mul: 0
occupancy after shift: 0
attacks: 2882348036221108224
get_bishop_attacks for square 58
occupancy after mask: 2814749767106560
occupancy after magic mul: 2328361007350546432
occupancy after shift: 4
attacks: 2814749767106560
get_rook_attacks for square 57
occupancy after mask: 6629861601442791936
occupancy after magic mul: 1585901489228481024
occupancy after shift: 176
attacks: 360850920143060992
get_rook_attacks for square 62
occupancy after mask: 2179742219647336448
occupancy after magic mul: 11043954387392200704
occupancy after shift: 1226
attacks: 12700150949184798720
get_bishop_attacks for square 59
occupancy after mask: 5629499534213120
occupancy after magic mul: 15078051552436420608
occupancy after shift: 26
attacks: 5629499534213120
get_rook_attacks for square 59
occupancy after mask: 6199204887075489792
occupancy after magic mul: 11317686884540420096
occupancy after shift: 1256
attacks: 1443403680572243968
Enter makemove
get_bishop_attacks for square 60
occupancy after mask: 11258999068426240
occupancy after magic mul: 2938598756859248640
occupancy after shift: 5
attacks: 11258999068426240
get_rook_attacks for square 60
occupancy after mask: 5048535182550765568
occupancy after magic mul: 17087362057205981184
occupancy after shift: 1897
attacks: 7786723755723587584
get_bishop_attacks for square 2
occupancy after mask: 2560
occupancy after magic mul: 1175443006172430336
occupancy after shift: 2
attacks: 2560
get_bishop_attacks for square 5
occupancy after mask: 20480
occupancy after magic mul: 2930165545624227840
occupancy after shift: 5
attacks: 20480
get_rook_attacks for square 0
occupancy after mask: 281474976776574
occupancy after magic mul: 3306797234737065920
occupancy after shift: 734
attacks: 258
get_rook_attacks for square 7
occupancy after mask: 36028797027385470
occupancy after magic mul: 4553333150679318272
occupancy after shift: 1011
attacks: 32832
get_bishop_attacks for square 3
occupancy after mask: 2102272
occupancy after magic mul: 16216387500604694528
occupancy after shift: 28
attacks: 5120
get_rook_attacks for square 3
occupancy after mask: 2251799813687414
occupancy after magic mul: 1381021119838140534
occupancy after shift: 153
attacks: 2068
get_bishop_attacks for square 52
occupancy after mask: 0
occupancy after magic mul: 0
occupancy after shift: 0
attacks: 2882348036221108224
get_bishop_attacks for square 58
occupancy after mask: 2814749767106560
occupancy after magic mul: 2328361007350546432
occupancy after shift: 4
attacks: 2814749767106560
get_rook_attacks for square 57
occupancy after mask: 6053400849139368448
occupancy after magic mul: 1009440736925057536
occupancy after shift: 112
attacks: 360850920143060992
get_rook_attacks for square 63
occupancy after mask: 6232981884289187840
occupancy after magic mul: 6744858160569319424
occupancy after shift: 1497
attacks: 4647714815446351872
get_bishop_attacks for square 58
occupancy after mask: 2814749767106560
occupancy after magic mul: 2328361007350546432
occupancy after shift: 4
attacks: 2814749767106560
get_rook_attacks for square 58
occupancy after mask: 5909848611017196544
occupancy after magic mul: 15298307371586552832
occupancy after shift: 1698
attacks: 1874623344892968960
Enter makemove
get_bishop_attacks for square 60
occupancy after mask: 11258999068426240
occupancy after magic mul: 2938598756859248640
occupancy after shift: 5
attacks: 11258999068426240
get_rook_attacks for square 60
occupancy after mask: 5048535182550765568
occupancy after magic mul: 17087362057205981184
occupancy after shift: 1897
attacks: 7786723755723587584
get_bishop_attacks for square 2
occupancy after mask: 2560
occupancy after magic mul: 1175443006172430336
occupancy after shift: 2
attacks: 2560
get_bishop_attacks for square 5
occupancy after mask: 20480
occupancy after magic mul: 2930165545624227840
occupancy after shift: 5
attacks: 20480
get_rook_attacks for square 0
occupancy after mask: 281474976776574
occupancy after magic mul: 3306797234737065920
occupancy after shift: 734
attacks: 258
get_rook_attacks for square 7
occupancy after mask: 36028797027385470
occupancy after magic mul: 4553333150679318272
occupancy after shift: 1011
attacks: 32832
get_bishop_attacks for square 3
occupancy after mask: 2102272
occupancy after magic mul: 16216387500604694528
occupancy after shift: 28
attacks: 5120
get_rook_attacks for square 3
occupancy after mask: 2251799813687414
occupancy after magic mul: 1381021119838140534
occupancy after shift: 153
attacks: 2068
get_bishop_attacks for square 52
occupancy after mask: 0
occupancy after magic mul: 0
occupancy after shift: 0
attacks: 2882348036221108224
get_bishop_attacks for square 58
occupancy after mask: 2814749767106560
occupancy after magic mul: 2328361007350546432
occupancy after shift: 4
attacks: 2814749767106560
get_rook_attacks for square 57
occupancy after mask: 6053400849139368448
occupancy after magic mul: 1009440736925057536
occupancy after shift: 112
attacks: 360850920143060992
get_rook_attacks for square 63
occupancy after mask: 6232981884289187840
occupancy after magic mul: 6744858160569319424
occupancy after shift: 1497
attacks: 4647714815446351872
get_bishop_attacks for square 60
occupancy after mask: 11258999068426240
occupancy after magic mul: 2938598756859248640
occupancy after shift: 5
attacks: 11258999068426240
get_rook_attacks for square 60
occupancy after mask: 5048535182550765568
occupancy after magic mul: 17087362057205981184
occupancy after shift: 1897
attacks: 7786723755723587584
Enter makemove
get_bishop_attacks for square 60
occupancy after mask: 11258999068426240
occupancy after magic mul: 2938598756859248640
occupancy after shift: 5
attacks: 11258999068426240
get_rook_attacks for square 60
occupancy after mask: 5624995934854189056
occupancy after magic mul: 18240283561812828160
occupancy after shift: 2025
attacks: 7498493379571875840
get_bishop_attacks for square 2
occupancy after mask: 2560
occupancy after magic mul: 1175443006172430336
occupancy after shift: 2
attacks: 2560
get_bishop_attacks for square 5
occupancy after mask: 20480
occupancy after magic mul: 2930165545624227840
occupancy after shift: 5
attacks: 20480
get_rook_attacks for square 0
occupancy after mask: 281474976776574
occupancy after magic mul: 3306797234737065920
occupancy after shift: 734
attacks: 258
get_rook_attacks for square 7
occupancy after mask: 36028797027385470
occupancy after magic mul: 4553333150679318272
occupancy after shift: 1011
attacks: 32832
get_bishop_attacks for square 3
occupancy after mask: 2102272
occupancy after magic mul: 16216387500604694528
occupancy after shift: 28
attacks: 5120
get_rook_attacks for square 3
occupancy after mask: 2251799813687414
occupancy after magic mul: 1381021119838140534
occupancy after shift: 153
attacks: 2068
get_bishop_attacks for square 52
occupancy after mask: 0
occupancy after magic mul: 0
occupancy after shift: 0
attacks: 2882348036221108224
get_bishop_attacks for square 58
occupancy after mask: 2814749767106560
occupancy after magic mul: 2328361007350546432
occupancy after shift: 4
attacks: 2814749767106560
get_rook_attacks for square 56
occupancy after mask: 6773695314542002432
occupancy after magic mul: 18411208202321527040
occupancy after shift: 4088
attacks: 144396663052566528
get_rook_attacks for square 62
occupancy after mask: 2179742219647336448
occupancy after magic mul: 11043954387392200704
occupancy after shift: 1226
attacks: 12700150949184798720
get_bishop_attacks for square 59
occupancy after mask: 5629499534213120
occupancy after magic mul: 15078051552436420608
occupancy after shift: 26
attacks: 5629499534213120
get_rook_attacks for square 59
occupancy after mask: 6199204887075489792
occupancy after magic mul: 11317686884540420096
occupancy after shift: 1256
attacks: 1443403680572243968
Enter makemove
get_bishop_attacks for square 60
occupancy after mask: 11258999068426240
occupancy after magic mul: 2938598756859248640
occupancy after shift: 5
attacks: 11258999068426240
get_rook_attacks for square 60
occupancy after mask: 5048535182550765568
occupancy after magic mul: 17087362057205981184
occupancy after shift: 1897
attacks: 7786723755723587584
get_bishop_attacks for square 2
occupancy after mask: 2560
occupancy after magic mul: 1175443006172430336
occupancy after shift: 2
attacks: 2560
get_bishop_attacks for square 5
occupancy after mask: 20480
occupancy after magic mul: 2930165545624227840
occupancy after shift: 5
attacks: 20480
get_rook_attacks for square 0
occupancy after mask: 281474976776574
occupancy after magic mul: 3306797234737065920
occupancy after shift: 734
attacks: 258
get_rook_attacks for square 7
occupancy after mask: 36028797027385470
occupancy after magic mul: 4553333150679318272
occupancy after shift: 1011
attacks: 32832
get_bishop_attacks for square 3
occupancy after mask: 2102272
occupancy after magic mul: 16216387500604694528
occupancy after shift: 28
attacks: 5120
get_rook_attacks for square 3
occupancy after mask: 2251799813687414
occupancy after magic mul: 1381021119838140534
occupancy after shift: 153
attacks: 2068
get_bishop_attacks for square 52
occupancy after mask: 0
occupancy after magic mul: 0
occupancy after shift: 0
attacks: 2882348036221108224
get_bishop_attacks for square 58
occupancy after mask: 2814749767106560
occupancy after magic mul: 2328361007350546432
occupancy after shift: 4
attacks: 2814749767106560
get_rook_attacks for square 56
occupancy after mask: 6197234562238578944
occupancy after magic mul: 17834747450018103552
occupancy after shift: 3960
attacks: 144396663052566528
get_rook_attacks for square 63
occupancy after mask: 6232981884289187840
occupancy after magic mul: 6744858160569319424
occupancy after shift: 1497
attacks: 4647714815446351872
get_bishop_attacks for square 58
occupancy after mask: 2814749767106560
occupancy after magic mul: 2328361007350546432
occupancy after shift: 4
attacks: 2814749767106560
get_rook_attacks for square 58
occupancy after mask: 5909848611017196544
occupancy after magic mul: 15298307371586552832
occupancy after shift: 1698
attacks: 1874623344892968960
Enter makemove
get_bishop_attacks for square 60
occupancy after mask: 11258999068426240
occupancy after magic mul: 2938598756859248640
occupancy after shift: 5
attacks: 11258999068426240
get_rook_attacks for square 60
occupancy after mask: 5048535182550765568
occupancy after magic mul: 17087362057205981184
occupancy after shift: 1897
attacks: 7786723755723587584
get_bishop_attacks for square 2
occupancy after mask: 2560
occupancy after magic mul: 1175443006172430336
occupancy after shift: 2
attacks: 2560
get_bishop_attacks for square 5
occupancy after mask: 20480
occupancy after magic mul: 2930165545624227840
occupancy after shift: 5
attacks: 20480
get_rook_attacks for square 0
occupancy after mask: 281474976776574
occupancy after magic mul: 3306797234737065920
occupancy after shift: 734
attacks: 258
get_rook_attacks for square 7
occupancy after mask: 36028797027385470
occupancy after magic mul: 4553333150679318272
occupancy after shift: 1011
attacks: 32832
get_bishop_attacks for square 3
occupancy after mask: 2102272
occupancy after magic mul: 16216387500604694528
occupancy after shift: 28
attacks: 5120
get_rook_attacks for square 3
occupancy after mask: 2251799813687414
occupancy after magic mul: 1381021119838140534
occupancy after shift: 153
attacks: 2068
get_bishop_attacks for square 52
occupancy after mask: 0
occupancy after magic mul: 0
occupancy after shift: 0
attacks: 2882348036221108224
get_bishop_attacks for square 58
occupancy after mask: 2814749767106560
occupancy after magic mul: 2328361007350546432
occupancy after shift: 4
attacks: 2814749767106560
get_rook_attacks for square 56
occupancy after mask: 6197234562238578944
occupancy after magic mul: 17834747450018103552
occupancy after shift: 3960
attacks: 144396663052566528
get_rook_attacks for square 63
occupancy after mask: 6232981884289187840
occupancy after magic mul: 6744858160569319424
occupancy after shift: 1497
attacks: 4647714815446351872
get_bishop_attacks for square 60
occupancy after mask: 11258999068426240
occupancy after magic mul: 2938598756859248640
occupancy after shift: 5
attacks: 11258999068426240
get_rook_attacks for square 60
occupancy after mask: 5048535182550765568
occupancy after magic mul: 17087362057205981184
occupancy after shift: 1897
attacks: 7786723755723587584
Enter makemove
get_bishop_attacks for square 4
occupancy after mask: 272384
occupancy after magic mul: 12764626998232350720
occupancy after shift: 22
attacks: 10240
get_rook_attacks for square 4
occupancy after mask: 4503599895810158
occupancy after magic mul: 10622042918875262976
occupancy after shift: 1179
attacks: 4136
get_bishop_attacks for square 2
occupancy after mask: 2560
occupancy after magic mul: 1175443006172430336
occupancy after shift: 2
attacks: 2560
get_bishop_attacks for square 5
occupancy after mask: 20480
occupancy after magic mul: 2930165545624227840
occupancy after shift: 5
attacks: 20480
get_rook_attacks for square 0
occupancy after mask: 281474976776574
occupancy after magic mul: 3306797234737065920
occupancy after shift: 734
attacks: 258
get_rook_attacks for square 7
occupancy after mask: 36028797027385470
occupancy after magic mul: 4553333150679318272
occupancy after shift: 1011
attacks: 32832
get_bishop_attacks for square 3
occupancy after mask: 2102272
occupancy after magic mul: 16216387500604694528
occupancy after shift: 28
attacks: 5120
get_rook_attacks for square 3
occupancy after mask: 2251799813687414
occupancy after magic mul: 1381021119838140534
occupancy after shift: 153
attacks: 2068
get_bishop_attacks for square 52
occupancy after mask: 0
occupancy after magic mul: 0
occupancy after shift: 0
attacks: 2882348036221108224
get_bishop_attacks for square 58
occupancy after mask: 2814749767106560
occupancy after magic mul: 2328361007350546432
occupancy after shift: 4
attacks: 2814749767106560
get_rook_attacks for square 56
occupancy after mask: 6773695314542002432
occupancy after magic mul: 18411208202321527040
occupancy after shift: 4088
attacks: 144396663052566528
get_rook_attacks for square 63
occupancy after mask: 6809442636592611328
occupancy after magic mul: 7897779665176166400
occupancy after shift: 1753
attacks: 4647714815446351872
get_bishop_attacks for square 59
occupancy after mask: 5629499534213120
occupancy after magic mul: 15078051552436420608
occupancy after shift: 26
attacks: 5629499534213120
get_rook_attacks for square 59
occupancy after mask: 6199204887075489792
occupancy after magic mul: 11317686884540420096
occupancy after shift: 1256
attacks: 1443403680572243968
Enter makemove
get_bishop_attacks for square 4
occupancy after mask: 272384
occupancy after magic mul: 12764626998232350720
occupancy after shift: 22
attacks: 10240
get_rook_attacks for square 4
occupancy after mask: 4503599895810158
occupancy after magic mul: 10622042918875262976
occupancy after shift: 1179
attacks: 4136
get_bishop_attacks for square 2
occupancy after mask: 2560
occupancy after magic mul: 1175443006172430336
occupancy after shift: 2
attacks: 2560
get_bishop_attacks for square 5
occupancy after mask: 20480
occupancy after magic mul: 2930165545624227840
occupancy after shift: 5
attacks: 20480
get_rook_attacks for square 0
occupancy after mask: 281474976776574
occupancy after magic mul: 3306797234737065920
occupancy after shift: 734
attacks: 258
get_rook_attacks for square 7
occupancy after mask: 36028797027385470
occupancy after magic mul: 4553333150679318272
occupancy after shift: 1011
attacks: 32832
get_bishop_attacks for square 3
occupancy after mask: 2102272
occupancy after magic mul: 16216387500604694528
occupancy after shift: 28
attacks: 5120
get_rook_attacks for square 3
occupancy after mask: 2251799813687414
occupancy after magic mul: 1381021119838140534
occupancy after shift: 153
attacks: 2068
get_bishop_attacks for square 52
occupancy after mask: 0
occupancy after magic mul: 0
occupancy after shift: 0
attacks: 2882348036221108224
get_bishop_attacks for square 58
occupancy after mask: 2814749767106560
occupancy after magic mul: 2328361007350546432
occupancy after shift: 4
attacks: 2814749767106560
get_rook_attacks for square 56
occupancy after mask: 6773695314542002432
occupancy after magic mul: 18411208202321527040
occupancy after shift: 4088
attacks: 144396663052566528
get_rook_attacks for square 63
occupancy after mask: 6809442636592611328
occupancy after magic mul: 7897779665176166400
occupancy after shift: 1753
attacks: 4647714815446351872
get_bishop_attacks for square 59
occupancy after mask: 5629499534213120
occupancy after magic mul: 15078051552436420608
occupancy after shift: 26
attacks: 5629499534213120
get_rook_attacks for square 59
occupancy after mask: 6199204887075489792
occupancy after magic mul: 11317686884540420096
occupancy after shift: 1256
attacks: 1443403680572243968
Enter makemove
get_bishop_attacks for square 4
occupancy after mask: 272384
occupancy after magic mul: 12764626998232350720
occupancy after shift: 22
attacks: 10240
get_rook_attacks for square 4
occupancy after mask: 4503599895810158
occupancy after magic mul: 10622042918875262976
occupancy after shift: 1179
attacks: 4136
get_bishop_attacks for square 2
occupancy after mask: 2560
occupancy after magic mul: 1175443006172430336
occupancy after shift: 2
attacks: 2560
get_bishop_attacks for square 5
occupancy after mask: 20480
occupancy after magic mul: 2930165545624227840
occupancy after shift: 5
attacks: 20480
get_rook_attacks for square 0
occupancy after mask: 281474976776574
occupancy after magic mul: 3306797234737065920
occupancy after shift: 734
attacks: 258
get_rook_attacks for square 7
occupancy after mask: 36028797027385470
occupancy after magic mul: 4553333150679318272
occupancy after shift: 1011
attacks: 32832
get_bishop_attacks for square 3
occupancy after mask: 2102272
occupancy after magic mul: 16216387500604694528
occupancy after shift: 28
attacks: 5120
get_rook_attacks for square 3
occupancy after mask: 2251799813687414
occupancy after magic mul: 1381021119838140534
occupancy after shift: 153
attacks: 2068
get_bishop_attacks for square 52
occupancy after mask: 0
occupancy after magic mul: 0
occupancy after shift: 0
attacks: 2882348036221108224
get_bishop_attacks for square 58
occupancy after mask: 2814749767106560
occupancy after magic mul: 2328361007350546432
occupancy after shift: 4
attacks: 2814749767106560
get_rook_attacks for square 56
occupancy after mask: 6773695314542002432
occupancy after magic mul: 18411208202321527040
occupancy after shift: 4088
attacks: 144396663052566528
get_rook_attacks for square 63
occupancy after mask: 6809442636592611328
occupancy after magic mul: 7897779665176166400
occupancy after shift: 1753
attacks: 4647714815446351872
get_bishop_attacks for square 59
occupancy after mask: 5629499534213120
occupancy after magic mul: 15078051552436420608
occupancy after shift: 26
attacks: 5629499534213120
get_rook_attacks for square 59
occupancy after mask: 6199204887075489792
occupancy after magic mul: 11317686884540420096
occupancy after shift: 1256
attacks: 1443403680572243968
Enter makemove
get_bishop_attacks for square 4
occupancy after mask: 272384
occupancy after magic mul: 12764626998232350720
occupancy after shift: 22
attacks: 10240
get_rook_attacks for square 4
occupancy after mask: 4503599895810158
occupancy after magic mul: 10622042918875262976
occupancy after shift: 1179
attacks: 4136
get_bishop_attacks for square 2
occupancy after mask: 2560
occupancy after magic mul: 1175443006172430336
occupancy after shift: 2
attacks: 2560
get_bishop_attacks for square 5
occupancy after mask: 20480
occupancy after magic mul: 2930165545624227840
occupancy after shift: 5
attacks: 20480
get_rook_attacks for square 0
occupancy after mask: 281474976776574
occupancy after magic mul: 3306797234737065920
occupancy after shift: 734
attacks: 258
get_rook_attacks for square 7
occupancy after mask: 36028797027385470
occupancy after magic mul: 4553333150679318272
occupancy after shift: 1011
attacks: 32832
get_bishop_attacks for square 3
occupancy after mask: 2102272
occupancy after magic mul: 16216387500604694528
occupancy after shift: 28
attacks: 5120
get_rook_attacks for square 3
occupancy after mask: 2251799813687414
occupancy after magic mul: 1381021119838140534
occupancy after shift: 153
attacks: 2068
get_bishop_attacks for square 52
occupancy after mask: 0
occupancy after magic mul: 0
occupancy after shift: 0
attacks: 2882348036221108224
get_bishop_attacks for square 58
occupancy after mask: 2814749767106560
occupancy after magic mul: 2328361007350546432
occupancy after shift: 4
attacks: 2814749767106560
get_rook_attacks for square 56
occupancy after mask: 6773695314542002432
occupancy after magic mul: 18411208202321527040
occupancy after shift: 4088
attacks: 144396663052566528
get_rook_attacks for square 63
occupancy after mask: 6809442636592611328
occupancy after magic mul: 7897779665176166400
occupancy after shift: 1753
attacks: 4647714815446351872
get_bishop_attacks for square 59
occupancy after mask: 5629499534213120
occupancy after magic mul: 15078051552436420608
occupancy after shift: 26
attacks: 5629499534213120
get_rook_attacks for square 59
occupancy after mask: 6199204887075489792
occupancy after magic mul: 11317686884540420096
occupancy after shift: 1256
attacks: 1443403680572243968
Enter makemove
get_bishop_attacks for square 4
occupancy after mask: 272384
occupancy after magic mul: 12764626998232350720
occupancy after shift: 22
attacks: 10240
get_rook_attacks for square 4
occupancy after mask: 4503599627374702
occupancy after magic mul: 10604027970609967104
occupancy after shift: 1177
attacks: 4136
get_bishop_attacks for square 2
occupancy after mask: 2560
occupancy after magic mul: 1175443006172430336
occupancy after shift: 2
attacks: 2560
get_bishop_attacks for square 5
occupancy after mask: 20480
occupancy after magic mul: 2930165545624227840
occupancy after shift: 5
attacks: 20480
get_rook_attacks for square 0
occupancy after mask: 281474976776574
occupancy after magic mul: 3306797234737065920
occupancy after shift: 734
attacks: 258
get_rook_attacks for square 7
occupancy after mask: 36028797027385470
occupancy after magic mul: 4553333150679318272
occupancy after shift: 1011
attacks: 32832
get_bishop_attacks for square 3
occupancy after mask: 2102272
occupancy after magic mul: 16216387500604694528
occupancy after shift: 28
attacks: 5120
get_rook_attacks for square 3
occupancy after mask: 2251799813687414
occupancy after magic mul: 1381021119838140534
occupancy after shift: 153
attacks: 2068
get_bishop_attacks for square 52
occupancy after mask: 0
occupancy after magic mul: 0
occupancy after shift: 0
attacks: 2882348036221108224
get_bishop_attacks for square 58
occupancy after mask: 2814749767106560
occupancy after magic mul: 2328361007350546432
occupancy after shift: 4
attacks: 2814749767106560
get_rook_attacks for square 56
occupancy after mask: 6773695314542002432
occupancy after magic mul: 18411208202321527040
occupancy after shift: 4088
attacks: 144396663052566528
get_rook_attacks for square 63
occupancy after mask: 6809442636592611328
occupancy after magic mul: 7897779665176166400
occupancy after shift: 1753
attacks: 4647714815446351872
get_bishop_attacks for square 59
occupancy after mask: 5629499534213120
occupancy after magic mul: 15078051552436420608
occupancy after shift: 26
attacks: 5629499534213120
get_rook_attacks for square 59
occupancy after mask: 6199204887075489792
occupancy after magic mul: 11317686884540420096
occupancy after shift: 1256
attacks: 1443403680572243968
Enter makemove
get_bishop_attacks for square 4
occupancy after mask: 272384
occupancy after magic mul: 12764626998232350720
occupancy after shift: 22
attacks: 10240
get_rook_attacks for square 4
occupancy after mask: 4503599627374702
occupancy after magic mul: 10604027970609967104
occupancy after shift: 1177
attacks: 4136
get_bishop_attacks for square 2
occupancy after mask: 2560
occupancy after magic mul: 1175443006172430336
occupancy after shift: 2
attacks: 2560
get_bishop_attacks for square 5
occupancy after mask: 20480
occupancy after magic mul: 2930165545624227840
occupancy after shift: 5
attacks: 20480
get_rook_attacks for square 0
occupancy after mask: 281474976776574
occupancy after magic mul: 3306797234737065920
occupancy after shift: 734
attacks: 258
get_rook_attacks for square 7
occupancy after mask: 36028797027385470
occupancy after magic mul: 4553333150679318272
occupancy after shift: 1011
attacks: 32832
get_bishop_attacks for square 3
occupancy after mask: 2102272
occupancy after magic mul: 16216387500604694528
occupancy after shift: 28
attacks: 5120
get_rook_attacks for square 3
occupancy after mask: 2251799813687414
occupancy after magic mul: 1381021119838140534
occupancy after shift: 153
attacks: 2068
get_bishop_attacks for square 52
occupancy after mask: 0
occupancy after magic mul: 0
occupancy after shift: 0
attacks: 2882348036221108224
get_bishop_attacks for square 58
occupancy after mask: 2814749767106560
occupancy after magic mul: 2328361007350546432
occupancy after shift: 4
attacks: 2814749767106560
get_rook_attacks for square 56
occupancy after mask: 6773695314542002432
occupancy after magic mul: 18411208202321527040
occupancy after shift: 4088
attacks: 144396663052566528
get_rook_attacks for square 63
occupancy after mask: 6809442636592611328
occupancy after magic mul: 7897779665176166400
occupancy after shift: 1753
attacks: 4647714815446351872
get_bishop_attacks for square 59
occupancy after mask: 5629499534213120
occupancy after magic mul: 15078051552436420608
occupancy after shift: 26
attacks: 5629499534213120
get_rook_attacks for square 59
occupancy after mask: 6199204887075489792
occupancy after magic mul: 11317686884540420096
occupancy after shift: 1256
attacks: 1443403680572243968
Enter makemove
get_bishop_attacks for square 4
occupancy after mask: 272384
occupancy after magic mul: 12764626998232350720
occupancy after shift: 22
attacks: 10240
get_rook_attacks for square 4
occupancy after mask: 4503599895810158
occupancy after magic mul: 10622042918875262976
occupancy after shift: 1179
attacks: 4136
get_bishop_attacks for square 2
occupancy after mask: 2560
occupancy after magic mul: 1175443006172430336
occupancy after shift: 2
attacks: 2560
get_bishop_attacks for square 5
occupancy after mask: 20480
occupancy after magic mul: 2930165545624227840
occupancy after shift: 5
attacks: 20480
get_rook_attacks for square 0
occupancy after mask: 281474976776574
occupancy after magic mul: 3306797234737065920
occupancy after shift: 734
attacks: 258
get_rook_attacks for square 7
occupancy after mask: 36028797027385470
occupancy after magic mul: 4553333150679318272
occupancy after shift: 1011
attacks: 32832
get_bishop_attacks for square 3
occupancy after mask: 2102272
occupancy after magic mul: 16216387500604694528
occupancy after shift: 28
attacks: 5120
get_rook_attacks for square 3
occupancy after mask: 2251799813687414
occupancy after magic mul: 1381021119838140534
occupancy after shift: 153
attacks: 2068
get_bishop_attacks for square 52
occupancy after mask: 0
occupancy after magic mul: 0
occupancy after shift: 0
attacks: 2882348036221108224
get_bishop_attacks for square 58
occupancy after mask: 2814749767106560
occupancy after magic mul: 2328361007350546432
occupancy after shift: 4
attacks: 2814749767106560
get_rook_attacks for square 56
occupancy after mask: 6773695314542002432
occupancy after magic mul: 18411208202321527040
occupancy after shift: 4088
attacks: 144396663052566528
get_rook_attacks for square 63
occupancy after mask: 6809442636592611328
occupancy after magic mul: 7897779665176166400
occupancy after shift: 1753
attacks: 4647714815446351872
get_bishop_attacks for square 59
occupancy after mask: 5629499534213120
occupancy after magic mul: 15078051552436420608
occupancy after shift: 26
attacks: 5629499534213120
get_rook_attacks for square 59
occupancy after mask: 6199204887075489792
occupancy after magic mul: 11317686884540420096
occupancy after shift: 1256
attacks: 1443403680572243968
Enter makemove
get_bishop_attacks for square 4
occupancy after mask: 272384
occupancy after magic mul: 12764626998232350720
occupancy after shift: 22
attacks: 10240
get_rook_attacks for square 4
occupancy after mask: 4503599895810158
occupancy after magic mul: 10622042918875262976
occupancy after shift: 1179
attacks: 4136
get_bishop_attacks for square 2
occupancy after mask: 2560
occupancy after magic mul: 1175443006172430336
occupancy after shift: 2
attacks: 2560
get_bishop_attacks for square 5
occupancy after mask: 20480
occupancy after magic mul: 2930165545624227840
occupancy after shift: 5
attacks: 20480
get_rook_attacks for square 0
occupancy after mask: 281474976776574
occupancy after magic mul: 3306797234737065920
occupancy after shift: 734
attacks: 258
get_rook_attacks for square 7
occupancy after mask: 36028797027385470
occupancy after magic mul: 4553333150679318272
occupancy after shift: 1011
attacks: 32832
get_bishop_attacks for square 3
occupancy after mask: 2102272
occupancy after magic mul: 16216387500604694528
occupancy after shift: 28
attacks: 5120
get_rook_attacks for square 3
occupancy after mask: 2251799813687414
occupancy after magic mul: 1381021119838140534
occupancy after shift: 153
attacks: 2068
get_bishop_attacks for square 52
occupancy after mask: 0
occupancy after magic mul: 0
occupancy after shift: 0
attacks: 2882348036221108224
get_bishop_attacks for square 58
occupancy after mask: 2814749767106560
occupancy after magic mul: 2328361007350546432
occupancy after shift: 4
attacks: 2814749767106560
get_rook_attacks for square 56
occupancy after mask: 6773695314542002432
occupancy after magic mul: 18411208202321527040
occupancy after shift: 4088
attacks: 144396663052566528
get_rook_attacks for square 63
occupancy after mask: 6809442636592611328
occupancy after magic mul: 7897779665176166400
occupancy after shift: 1753
attacks: 4647714815446351872
get_bishop_attacks for square 59
occupancy after mask: 5629499534213120
occupancy after magic mul: 15078051552436420608
occupancy after shift: 26
attacks: 5629499534213120
get_rook_attacks for square 59
occupancy after mask: 6199204887075489792
occupancy after magic mul: 11317686884540420096
occupancy after shift: 1256
attacks: 1443403680572243968
Enter makemove
get_bishop_attacks for square 4
occupancy after mask: 272384
occupancy after magic mul: 12764626998232350720
occupancy after shift: 22
attacks: 10240
get_rook_attacks for square 4
occupancy after mask: 4503599895810126
occupancy after magic mul: 4857347432763256832
occupancy after shift: 539
attacks: 4200
get_bishop_attacks for square 2
occupancy after mask: 2560
occupancy after magic mul: 1175443006172430336
occupancy after shift: 2
attacks: 2560
get_bishop_attacks for square 12
occupancy after mask: 2097152
occupancy after magic mul: 9268548822156443648
occupancy after shift: 16
attacks: 1108171292712
get_rook_attacks for square 0
occupancy after mask: 281474976776542
occupancy after magic mul: 15988837028354534336
occupancy after shift: 3550
attacks: 258
get_rook_attacks for square 7
occupancy after mask: 36028797027385438
occupancy after magic mul: 3400407213129346816
occupancy after shift: 755
attacks: 32832
get_bishop_attacks for square 3
occupancy after mask: 2102272
occupancy after magic mul: 16216387500604694528
occupancy after shift: 28
attacks: 5120
get_rook_attacks for square 3
occupancy after mask: 2251799813687382
occupancy after magic mul: 9451328715305957462
occupancy after shift: 1049
attacks: 2068
get_bishop_attacks for square 52
occupancy after mask: 0
occupancy after magic mul: 0
occupancy after shift: 0
attacks: 2882348036221108224
get_bishop_attacks for square 58
occupancy after mask: 2814749767106560
occupancy after magic mul: 2328361007350546432
occupancy after shift: 4
attacks: 2814749767106560
get_rook_attacks for square 56
occupancy after mask: 6773695314542002432
occupancy after magic mul: 18411208202321527040
occupancy after shift: 4088
attacks: 144396663052566528
get_rook_attacks for square 63
occupancy after mask: 6809442636592611328
occupancy after magic mul: 7897779665176166400
occupancy after shift: 1753
attacks: 4647714815446351872
get_bishop_attacks for square 59
occupancy after mask: 5629499534213120
occupancy after magic mul: 15078051552436420608
occupancy after shift: 26
attacks: 5629499534213120
get_rook_attacks for square 59
occupancy after mask: 6199204887075489792
occupancy after magic mul: 11317686884540420096
occupancy after shift: 1256
attacks: 1443403680572243968
Enter makemove
get_bishop_attacks for square 4
occupancy after mask: 272384
occupancy after magic mul: 12764626998232350720
occupancy after shift: 22
attacks: 10240
get_rook_attacks for square 4
occupancy after mask: 4503599895810126
occupancy after magic mul: 4857347432763256832
occupancy after shift: 539
attacks: 4200
get_bishop_attacks for square 2
occupancy after mask: 2560
occupancy after magic mul: 1175443006172430336
occupancy after shift: 2
attacks: 2560
get_bishop_attacks for square 14
occupancy after mask: 562950223953920
occupancy after magic mul: 6595101095922499584
occupancy after shift: 11
attacks: 10485920
get_rook_attacks for square 0
occupancy after mask: 281474976776542
occupancy after magic mul: 15988837028354534336
occupancy after shift: 3550
attacks: 258
get_rook_attacks for square 7
occupancy after mask: 36028797027385438
occupancy after magic mul: 3400407213129346816
occupancy after shift: 755
attacks: 32832
get_bishop_attacks for square 3
occupancy after mask: 2102272
occupancy after magic mul: 16216387500604694528
occupancy after shift: 28
attacks: 5120
get_rook_attacks for square 3
occupancy after mask: 2251799813687382
occupancy after magic mul: 9451328715305957462
occupancy after shift: 1049
attacks: 2068
get_bishop_attacks for square 52
occupancy after mask: 0
occupancy after magic mul: 0
occupancy after shift: 0
attacks: 2882348036221108224
get_bishop_attacks for square 58
occupancy after mask: 2814749767106560
occupancy after magic mul: 2328361007350546432
occupancy after shift: 4
attacks: 2814749767106560
get_rook_attacks for square 56
occupancy after mask: 6773695314542002432
occupancy after magic mul: 18411208202321527040
occupancy after shift: 4088
attacks: 144396663052566528
get_rook_attacks for square 63
occupancy after mask: 6809442636592611328
occupancy after magic mul: 7897779665176166400
occupancy after shift: 1753
attacks: 4647714815446351872
get_bishop_attacks for square 59
occupancy after mask: 5629499534213120
occupancy after magic mul: 15078051552436420608
occupancy after shift: 26
attacks: 5629499534213120
get_rook_attacks for square 59
occupancy after mask: 6199204887075489792
occupancy after magic mul: 11317686884540420096
occupancy after shift: 1256
attacks: 1443403680572243968
Enter makemove
get_bishop_attacks for square 4
occupancy after mask: 272384
occupancy after magic mul: 12764626998232350720
occupancy after shift: 22
attacks: 10240
get_rook_attacks for square 4
occupancy after mask: 4503599895810158
occupancy after magic mul: 10622042918875262976
occupancy after shift: 1179
attacks: 4136
get_bishop_attacks for square 2
occupancy after mask: 2560
occupancy after magic mul: 1175443006172430336
occupancy after shift: 2
attacks: 2560
get_bishop_attacks for square 5
occupancy after mask: 20480
occupancy after magic mul: 2930165545624227840
occupancy after shift: 5
attacks: 20480
get_rook_attacks for square 1
occupancy after mask: 562949953421948
occupancy after magic mul: 361052204864340604
occupancy after shift: 40
attacks: 517
get_rook_attacks for square 7
occupancy after mask: 36028797027385470
occupancy after magic mul: 4553333150679318272
occupancy after shift: 1011
attacks: 32832
get_bishop_attacks for square 3
occupancy after mask: 2102272
occupancy after magic mul: 16216387500604694528
occupancy after shift: 28
attacks: 5120
get_rook_attacks for square 3
occupancy after mask: 2251799813687414
occupancy after magic mul: 1381021119838140534
occupancy after shift: 153
attacks: 2068
get_bishop_attacks for square 52
occupancy after mask: 0
occupancy after magic mul: 0
occupancy after shift: 0
attacks: 2882348036221108224
get_bishop_attacks for square 58
occupancy after mask: 2814749767106560
occupancy after magic mul: 2328361007350546432
occupancy after shift: 4
attacks: 2814749767106560
get_rook_attacks for square 56
occupancy after mask: 6773695314542002432
occupancy after magic mul: 18411208202321527040
occupancy after shift: 4088
attacks: 144396663052566528
get_rook_attacks for square 63
occupancy after mask: 6809442636592611328
occupancy after magic mul: 7897779665176166400
occupancy after shift: 1753
attacks: 4647714815446351872
get_bishop_attacks for square 59
occupancy after mask: 5629499534213120
occupancy after magic mul: 15078051552436420608
occupancy after shift: 26
attacks: 5629499534213120
get_rook_attacks for square 59
occupancy after mask: 6199204887075489792
occupancy after magic mul: 11317686884540420096
occupancy after shift: 1256
attacks: 1443403680572243968
Enter makemove
get_bishop_attacks for square 4
occupancy after mask: 272384
occupancy after magic mul: 12764626998232350720
occupancy after shift: 22
attacks: 10240
get_rook_attacks for square 4
occupancy after mask: 4503599895810158
occupancy after magic mul: 10622042918875262976
occupancy after shift: 1179
attacks: 4136
get_bishop_attacks for square 2
occupancy after mask: 2560
occupancy after magic mul: 1175443006172430336
occupancy after shift: 2
attacks: 2560
get_bishop_attacks for square 5
occupancy after mask: 20480
occupancy after magic mul: 2930165545624227840
occupancy after shift: 5
attacks: 20480
get_rook_attacks for square 7
occupancy after mask: 36028797027385470
occupancy after magic mul: 4553333150679318272
occupancy after shift: 1011
attacks: 32832
get_rook_attacks for square 8
occupancy after mask: 281474976808448
occupancy after magic mul: 13777847576928557056
occupancy after shift: 1529
attacks: 66049
get_bishop_attacks for square 3
occupancy after mask: 2102272
occupancy after magic mul: 16216387500604694528
occupancy after shift: 28
attacks: 5120
get_rook_attacks for square 3
occupancy after mask: 2251799813687414
occupancy after magic mul: 1381021119838140534
occupancy after shift: 153
attacks: 2068
get_bishop_attacks for square 52
occupancy after mask: 0
occupancy after magic mul: 0
occupancy after shift: 0
attacks: 2882348036221108224
get_bishop_attacks for square 58
occupancy after mask: 2814749767106560
occupancy after magic mul: 2328361007350546432
occupancy after shift: 4
attacks: 2814749767106560
get_rook_attacks for square 56
occupancy after mask: 6773695314542002432
occupancy after magic mul: 18411208202321527040
occupancy after shift: 4088
attacks: 144396663052566528
get_rook_attacks for square 63
occupancy after mask: 6809442636592611328
occupancy after magic mul: 7897779665176166400
occupancy after shift: 1753
attacks: 4647714815446351872
get_bishop_attacks for square 59
occupancy after mask: 5629499534213120
occupancy after magic mul: 15078051552436420608
occupancy after shift: 26
attacks: 5629499534213120
get_rook_attacks for square 59
occupancy after mask: 6199204887075489792
occupancy after magic mul: 11317686884540420096
occupancy after shift: 1256
attacks: 1443403680572243968
Enter makemove
get_bishop_attacks for square 4
occupancy after mask: 272384
occupancy after magic mul: 12764626998232350720
occupancy after shift: 22
attacks: 10240
get_rook_attacks for square 4
occupancy after mask: 4503599895810158
occupancy after magic mul: 10622042918875262976
occupancy after shift: 1179
attacks: 4136
get_bishop_attacks for square 2
occupancy after mask: 2560
occupancy after magic mul: 1175443006172430336
occupancy after shift: 2
attacks: 2560
get_bishop_attacks for square 5
occupancy after mask: 20480
occupancy after magic mul: 2930165545624227840
occupancy after shift: 5
attacks: 20480
get_rook_attacks for square 0
occupancy after mask: 281474976776574
occupancy after magic mul: 3306797234737065920
occupancy after shift: 734
attacks: 258
get_rook_attacks for square 6
occupancy after mask: 18014398509498430
occupancy after magic mul: 13510935497540894464
occupancy after shift: 1500
attacks: 16544
get_bishop_attacks for square 3
occupancy after mask: 2102272
occupancy after magic mul: 16216387500604694528
occupancy after shift: 28
attacks: 5120
get_rook_attacks for square 3
occupancy after mask: 2251799813687414
occupancy after magic mul: 1381021119838140534
occupancy after shift: 153
attacks: 2068
get_bishop_attacks for square 52
occupancy after mask: 0
occupancy after magic mul: 0
occupancy after shift: 0
attacks: 2882348036221108224
get_bishop_attacks for square 58
occupancy after mask: 2814749767106560
occupancy after magic mul: 2328361007350546432
occupancy after shift: 4
attacks: 2814749767106560
get_rook_attacks for square 56
occupancy after mask: 6773695314542002432
occupancy after magic mul: 18411208202321527040
occupancy after shift: 4088
attacks: 144396663052566528
get_rook_attacks for square 63
occupancy after mask: 6809442636592611328
occupancy after magic mul: 7897779665176166400
occupancy after shift: 1753
attacks: 4647714815446351872
get_bishop_attacks for square 59
occupancy after mask: 5629499534213120
occupancy after magic mul: 15078051552436420608
occupancy after shift: 26
attacks: 5629499534213120
get_rook_attacks for square 59
occupancy after mask: 6199204887075489792
occupancy after magic mul: 11317686884540420096
occupancy after shift: 1256
attacks: 1443403680572243968
Enter makemove
get_bishop_attacks for square 4
occupancy after mask: 272384
occupancy after magic mul: 12764626998232350720
occupancy after shift: 22
attacks: 10240
get_rook_attacks for square 4
occupancy after mask: 4503599895810158
occupancy after magic mul: 10622042918875262976
occupancy after shift: 1179
attacks: 4136
get_bishop_attacks for square 2
occupancy after mask: 2560
occupancy after magic mul: 1175443006172430336
occupancy after shift: 2
attacks: 2560
get_bishop_attacks for square 5
occupancy after mask: 20480
occupancy after magic mul: 2930165545624227840
occupancy after shift: 5
attacks: 20480
get_rook_attacks for square 0
occupancy after mask: 281474976776574
occupancy after magic mul: 3306797234737065920
occupancy after shift: 734
attacks: 258
get_rook_attacks for square 15
occupancy after mask: 36028797027384832
occupancy after magic mul: 14956522671280487424
occupancy after shift: 1660
attacks: 8405120
get_bishop_attacks for square 3
occupancy after mask: 2102272
occupancy after magic mul: 16216387500604694528
occupancy after shift: 28
attacks: 5120
get_rook_attacks for square 3
occupancy after mask: 2251799813687414
occupancy after magic mul: 1381021119838140534
occupancy after shift: 153
attacks: 2068
get_bishop_attacks for square 52
occupancy after mask: 0
occupancy after magic mul: 0
occupancy after shift: 0
attacks: 2882348036221108224
get_bishop_attacks for square 58
occupancy after mask: 2814749767106560
occupancy after magic mul: 2328361007350546432
occupancy after shift: 4
attacks: 2814749767106560
get_rook_attacks for square 56
occupancy after mask: 6773695314542002432
occupancy after magic mul: 18411208202321527040
occupancy after shift: 4088
attacks: 144396663052566528
get_rook_attacks for square 63
occupancy after mask: 6809442636592611328
occupancy after magic mul: 7897779665176166400
occupancy after shift: 1753
attacks: 4647714815446351872
get_bishop_attacks for square 59
occupancy after mask: 5629499534213120
occupancy after magic mul: 15078051552436420608
occupancy after shift: 26
attacks: 5629499534213120
get_rook_attacks for square 59
occupancy after mask: 6199204887075489792
occupancy after magic mul: 11317686884540420096
occupancy after shift: 1256
attacks: 1443403680572243968
Enter makemove
get_bishop_attacks for square 4
occupancy after mask: 272384
occupancy after magic mul: 12764626998232350720
occupancy after shift: 22
attacks: 10240
get_rook_attacks for square 4
occupancy after mask: 4503599895810150
occupancy after magic mul: 9180869047347261440
occupancy after shift: 1019
attacks: 4140
get_bishop_attacks for square 2
occupancy after mask: 2560
occupancy after magic mul: 1175443006172430336
occupancy after shift: 2
attacks: 2560
get_bishop_attacks for square 5
occupancy after mask: 20480
occupancy after magic mul: 2930165545624227840
occupancy after shift: 5
attacks: 20480
get_rook_attacks for square 0
occupancy after mask: 281474976776566
occupancy after magic mul: 15700679219996208832
occupancy after shift: 3486
attacks: 258
get_rook_attacks for square 7
occupancy after mask: 36028797027385462
occupancy after magic mul: 18100159721573989120
occupancy after shift: 4019
attacks: 32832
get_bishop_attacks for square 2
occupancy after mask: 2560
occupancy after magic mul: 1175443006172430336
occupancy after shift: 2
attacks: 2560
get_rook_attacks for square 2
occupancy after mask: 1125899907105906
occupancy after magic mul: 17550105996184198272
occupancy after shift: 1948
attacks: 1050
get_bishop_attacks for square 52
occupancy after mask: 0
occupancy after magic mul: 0
occupancy after shift: 0
attacks: 2882348036221108224
get_bishop_attacks for square 58
occupancy after mask: 2814749767106560
occupancy after magic mul: 2328361007350546432
occupancy after shift: 4
attacks: 2814749767106560
get_rook_attacks for square 56
occupancy after mask: 6773695314542002432
occupancy after magic mul: 18411208202321527040
occupancy after shift: 4088
attacks: 144396663052566528
get_rook_attacks for square 63
occupancy after mask: 6809442636592611328
occupancy after magic mul: 7897779665176166400
occupancy after shift: 1753
attacks: 4647714815446351872
get_bishop_attacks for square 59
occupancy after mask: 5629499534213120
occupancy after magic mul: 15078051552436420608
occupancy after shift: 26
attacks: 5629499534213120
get_rook_attacks for square 59
occupancy after mask: 6199204887075489792
occupancy after magic mul: 11317686884540420096
occupancy after shift: 1256
attacks: 1443403680572243968
Enter makemove
get_bishop_attacks for square 4
occupancy after mask: 272384
occupancy after magic mul: 12764626998232350720
occupancy after shift: 22
attacks: 10240
get_rook_attacks for square 4
occupancy after mask: 4503599895810150
occupancy after magic mul: 9180869047347261440
occupancy after shift: 1019
attacks: 4140
get_bishop_attacks for square 2
occupancy after mask: 2560
occupancy after magic mul: 1175443006172430336
occupancy after shift: 2
attacks: 2560
get_bishop_attacks for square 5
occupancy after mask: 20480
occupancy after magic mul: 2930165545624227840
occupancy after shift: 5
attacks: 20480
get_rook_attacks for square 0
occupancy after mask: 281474976776566
occupancy after magic mul: 15700679219996208832
occupancy after shift: 3486
attacks: 258
get_rook_attacks for square 7
occupancy after mask: 36028797027385462
occupancy after magic mul: 18100159721573989120
occupancy after shift: 4019
attacks: 32832
get_bishop_attacks for square 4
occupancy after mask: 272384
occupancy after magic mul: 12764626998232350720
occupancy after shift: 22
attacks: 10240
get_rook_attacks for square 4
occupancy after mask: 4503599895810150
occupancy after magic mul: 9180869047347261440
occupancy after shift: 1019
attacks: 4140
get_bishop_attacks for square 52
occupancy after mask: 0
occupancy after magic mul: 0
occupancy after shift: 0
attacks: 2882348036221108224
get_bishop_attacks for square 58
occupancy after mask: 2814749767106560
occupancy after magic mul: 2328361007350546432
occupancy after shift: 4
attacks: 2814749767106560
get_rook_attacks for square 56
occupancy after mask: 6773695314542002432
occupancy after magic mul: 18411208202321527040
occupancy after shift: 4088
attacks: 144396663052566528
get_rook_attacks for square 63
occupancy after mask: 6809442636592611328
occupancy after magic mul: 7897779665176166400
occupancy after shift: 1753
attacks: 4647714815446351872
get_bishop_attacks for square 59
occupancy after mask: 5629499534213120
occupancy after magic mul: 15078051552436420608
occupancy after shift: 26
attacks: 5629499534213120
get_rook_attacks for square 59
occupancy after mask: 6199204887075489792
occupancy after magic mul: 11317686884540420096
occupancy after shift: 1256
attacks: 1443403680572243968
Enter makemove
get_bishop_attacks for square 4
occupancy after mask: 272384
occupancy after magic mul: 12764626998232350720
occupancy after shift: 22
attacks: 10240
get_rook_attacks for square 4
occupancy after mask: 4503599895810150
occupancy after magic mul: 9180869047347261440
occupancy after shift: 1019
attacks: 4140
get_bishop_attacks for square 2
occupancy after mask: 2560
occupancy after magic mul: 1175443006172430336
occupancy after shift: 2
attacks: 2560
get_bishop_attacks for square 5
occupancy after mask: 20480
occupancy after magic mul: 2930165545624227840
occupancy after shift: 5
attacks: 20480
get_rook_attacks for square 0
occupancy after mask: 281474976776566
occupancy after magic mul: 15700679219996208832
occupancy after shift: 3486
attacks: 258
get_rook_attacks for square 7
occupancy after mask: 36028797027385462
occupancy after magic mul: 18100159721573989120
occupancy after shift: 4019
attacks: 32832
get_bishop_attacks for square 10
occupancy after mask: 268435456
occupancy after magic mul: 653197872124133376
occupancy after shift: 1
attacks: 285868042
get_rook_attacks for square 10
occupancy after mask: 1125899907136000
occupancy after magic mul: 2130013667861725184
occupancy after shift: 118
attacks: 264708
get_bishop_attacks for square 52
occupancy after mask: 0
occupancy after magic mul: 0
occupancy after shift: 0
attacks: 2882348036221108224
get_bishop_attacks for square 58
occupancy after mask: 2814749767106560
occupancy after magic mul: 2328361007350546432
occupancy after shift: 4
attacks: 2814749767106560
get_rook_attacks for square 56
occupancy after mask: 6773695314542002432
occupancy after magic mul: 18411208202321527040
occupancy after shift: 4088
attacks: 144396663052566528
get_rook_attacks for square 63
occupancy after mask: 6809442636592611328
occupancy after magic mul: 7897779665176166400
occupancy after shift: 1753
attacks: 4647714815446351872
get_bishop_attacks for square 59
occupancy after mask: 5629499534213120
occupancy after magic mul: 15078051552436420608
occupancy after shift: 26
attacks: 5629499534213120
get_rook_attacks for square 59
occupancy after mask: 6199204887075489792
occupancy after magic mul: 11317686884540420096
occupancy after shift: 1256
attacks: 1443403680572243968
Enter makemove
get_bishop_attacks for square 4
occupancy after mask: 272384
occupancy after magic mul: 12764626998232350720
occupancy after shift: 22
attacks: 10240
get_rook_attacks for square 4
occupancy after mask: 4503599895810150
occupancy after magic mul: 9180869047347261440
occupancy after shift: 1019
attacks: 4140
get_bishop_attacks for square 2
occupancy after mask: 2560
occupancy after magic mul: 1175443006172430336
occupancy after shift: 2
attacks: 2560
get_bishop_attacks for square 5
occupancy after mask: 20480
occupancy after magic mul: 2930165545624227840
occupancy after shift: 5
attacks: 20480
get_rook_attacks for square 0
occupancy after mask: 281474976776566
occupancy after magic mul: 15700679219996208832
occupancy after shift: 3486
attacks: 258
get_rook_attacks for square 7
occupancy after mask: 36028797027385462
occupancy after magic mul: 18100159721573989120
occupancy after shift: 4019
attacks: 32832
get_bishop_attacks for square 11
occupancy after mask: 262144
occupancy after magic mul: 2342435374686535680
occupancy after shift: 4
attacks: 141012904443924
get_rook_attacks for square 11
occupancy after mask: 2251799813715456
occupancy after magic mul: 15494069400667865088
occupancy after shift: 860
attacks: 2260630401192968
get_bishop_attacks for square 52
occupancy after mask: 0
occupancy after magic mul: 0
occupancy after shift: 0
attacks: 2882348036221108224
get_bishop_attacks for square 58
occupancy after mask: 2814749767106560
occupancy after magic mul: 2328361007350546432
occupancy after shift: 4
attacks: 2814749767106560
get_rook_attacks for square 56
occupancy after mask: 6773695314542002432
occupancy after magic mul: 18411208202321527040
occupancy after shift: 4088
attacks: 144396663052566528
get_rook_attacks for square 63
occupancy after mask: 6809442636592611328
occupancy after magic mul: 7897779665176166400
occupancy after shift: 1753
attacks: 4647714815446351872
get_bishop_attacks for square 59
occupancy after mask: 5629499534213120
occupancy after magic mul: 15078051552436420608
occupancy after shift: 26
attacks: 5629499534213120
get_rook_attacks for square 59
occupancy after mask: 6199204887075489792
occupancy after magic mul: 11317686884540420096
occupancy after shift: 1256
attacks: 1443403680572243968
Enter makemove
get_bishop_attacks for square 4
occupancy after mask: 272384
occupancy after magic mul: 12764626998232350720
occupancy after shift: 22
attacks: 10240
get_rook_attacks for square 4
occupancy after mask: 4503599895810150
occupancy after magic mul: 9180869047347261440
occupancy after shift: 1019
attacks: 4140
get_bishop_attacks for square 2
occupancy after mask: 2560
occupancy after magic mul: 1175443006172430336
occupancy after shift: 2
attacks: 2560
get_bishop_attacks for square 5
occupancy after mask: 20480
occupancy after magic mul: 2930165545624227840
occupancy after shift: 5
attacks: 20480
get_rook_attacks for square 0
occupancy after mask: 281474976776566
occupancy after magic mul: 15700679219996208832
occupancy after shift: 3486
attacks: 258
get_rook_attacks for square 7
occupancy after mask: 36028797027385462
occupancy after magic mul: 18100159721573989120
occupancy after shift: 4019
attacks: 32832
get_bishop_attacks for square 12
occupancy after mask: 2097152
occupancy after magic mul: 9268548822156443648
occupancy after shift: 16
attacks: 1108171292712
get_rook_attacks for square 12
occupancy after mask: 4503599895834112
occupancy after magic mul: 11169965056600768512
occupancy after shift: 620
attacks: 269494288
get_bishop_attacks for square 52
occupancy after mask: 0
occupancy after magic mul: 0
occupancy after shift: 0
attacks: 2882348036221108224
get_bishop_attacks for square 58
occupancy after mask: 2814749767106560
occupancy after magic mul: 2328361007350546432
occupancy after shift: 4
attacks: 2814749767106560
get_rook_attacks for square 56
occupancy after mask: 6773695314542002432
occupancy after magic mul: 18411208202321527040
occupancy after shift: 4088
attacks: 144396663052566528
get_rook_attacks for square 63
occupancy after mask: 6809442636592611328
occupancy after magic mul: 7897779665176166400
occupancy after shift: 1753
attacks: 4647714815446351872
get_bishop_attacks for square 59
occupancy after mask: 5629499534213120
occupancy after magic mul: 15078051552436420608
occupancy after shift: 26
attacks: 5629499534213120
get_rook_attacks for square 59
occupancy after mask: 6199204887075489792
occupancy after magic mul: 11317686884540420096
occupancy after shift: 1256
attacks: 1443403680572243968
Undoing move: f8e7
Searching move 7: d8e7
Enter makemove
get_bishop_attacks for square 60
occupancy after mask: 11258999068426240
occupancy after magic mul: 2938598756859248640
occupancy after shift: 5
attacks: 11258999068426240
get_rook_attacks for square 60
occupancy after mask: 7354378191764459520
occupancy after magic mul: 3252304001923817472
occupancy after shift: 361
attacks: 3175037737296199680
Enter alpha_beta_search
Entering alpha_beta_search function (current_depth 0, max_depth 2)
tt.probe called with key = 51583798633118724, num_entries = 18350080
calculated index = 1653764
Accessing table[index].key
get_bishop_attacks for square 2
occupancy after mask: 2560
occupancy after magic mul: 1175443006172430336
occupancy after shift: 2
attacks: 2560
get_bishop_attacks for square 5
occupancy after mask: 20480
occupancy after magic mul: 2930165545624227840
occupancy after shift: 5
attacks: 20480
get_rook_attacks for square 0
occupancy after mask: 281474976776574
occupancy after magic mul: 3306797234737065920
occupancy after shift: 734
attacks: 258
get_rook_attacks for square 7
occupancy after mask: 36028797027385470
occupancy after magic mul: 4553333150679318272
occupancy after shift: 1011
attacks: 32832
get_bishop_attacks for square 3
occupancy after mask: 2102272
occupancy after magic mul: 16216387500604694528
occupancy after shift: 28
attacks: 5120
get_rook_attacks for square 3
occupancy after mask: 2251799813687414
occupancy after magic mul: 1381021119838140534
occupancy after shift: 153
attacks: 2068
get_bishop_attacks for square 58
occupancy after mask: 2814749767106560
occupancy after magic mul: 2328361007350546432
occupancy after shift: 4
attacks: 2814749767106560
get_bishop_attacks for square 61
occupancy after mask: 22517998136852480
occupancy after magic mul: 2305843009213693952
occupancy after shift: 4
attacks: 22517998136852480
get_rook_attacks for square 56
occupancy after mask: 8503077571452272896
occupancy after magic mul: 1693846385522245888
occupancy after shift: 376
attacks: 144396663052566528
get_rook_attacks for square 63
occupancy after mask: 8538824893502881792
occupancy after magic mul: 11356544178996707328
occupancy after shift: 2521
attacks: 4647714815446351872
get_bishop_attacks for square 52
occupancy after mask: 0
occupancy after magic mul: 0
occupancy after shift: 0
attacks: 2882348036221108224
get_rook_attacks for square 52
occupancy after mask: 30962247706611712
occupancy after magic mul: 13044748476155953152
occupancy after shift: 724
attacks: 1164198164849229824
get_bishop_attacks for square 2
occupancy after mask: 2560
occupancy after magic mul: 1175443006172430336
occupancy after shift: 2
attacks: 2560
get_bishop_attacks for square 5
occupancy after mask: 20480
occupancy after magic mul: 2930165545624227840
occupancy after shift: 5
attacks: 20480
get_rook_attacks for square 0
occupancy after mask: 281474976776574
occupancy after magic mul: 3306797234737065920
occupancy after shift: 734
attacks: 258
get_rook_attacks for square 7
occupancy after mask: 36028797027385470
occupancy after magic mul: 4553333150679318272
occupancy after shift: 1011
attacks: 32832
get_rook_attacks for square 3
occupancy after mask: 2251799813687414
occupancy after magic mul: 1381021119838140534
occupancy after shift: 153
attacks: 2068
get_bishop_attacks for square 3
occupancy after mask: 2102272
occupancy after magic mul: 16216387500604694528
occupancy after shift: 28
attacks: 5120
Enter makemove
get_bishop_attacks for square 4
occupancy after mask: 272384
occupancy after magic mul: 12764626998232350720
occupancy after shift: 22
attacks: 10240
get_rook_attacks for square 4
occupancy after mask: 4503599895810158
occupancy after magic mul: 10622042918875262976
occupancy after shift: 1179
attacks: 4136
get_bishop_attacks for square 2
occupancy after mask: 2560
occupancy after magic mul: 1175443006172430336
occupancy after shift: 2
attacks: 2560
get_bishop_attacks for square 5
occupancy after mask: 20480
occupancy after magic mul: 2930165545624227840
occupancy after shift: 5
attacks: 20480
get_rook_attacks for square 0
occupancy after mask: 281474976776574
occupancy after magic mul: 3306797234737065920
occupancy after shift: 734
attacks: 258
get_rook_attacks for square 7
occupancy after mask: 36028797027385470
occupancy after magic mul: 4553333150679318272
occupancy after shift: 1011
attacks: 32832
get_bishop_attacks for square 3
occupancy after mask: 2102272
occupancy after magic mul: 16216387500604694528
occupancy after shift: 28
attacks: 5120
get_rook_attacks for square 3
occupancy after mask: 2251799813687414
occupancy after magic mul: 1381021119838140534
occupancy after shift: 153
attacks: 2068
get_bishop_attacks for square 58
occupancy after mask: 2814749767106560
occupancy after magic mul: 2328361007350546432
occupancy after shift: 4
attacks: 2814749767106560
get_bishop_attacks for square 61
occupancy after mask: 22517998136852480
occupancy after magic mul: 2305843009213693952
occupancy after shift: 4
attacks: 22517998136852480
get_rook_attacks for square 56
occupancy after mask: 8503077571452272896
occupancy after magic mul: 1693846385522245888
occupancy after shift: 376
attacks: 144396663052566528
get_rook_attacks for square 63
occupancy after mask: 8538824893502881792
occupancy after magic mul: 11356544178996707328
occupancy after shift: 2521
attacks: 4647714815446351872
get_bishop_attacks for square 52
occupancy after mask: 0
occupancy after magic mul: 0
occupancy after shift: 0
attacks: 2882348036221108224
get_rook_attacks for square 52
occupancy after mask: 30962247706611712
occupancy after magic mul: 13044748476155953152
occupancy after shift: 724
attacks: 1164198164849229824
Enter makemove
get_bishop_attacks for square 4
occupancy after mask: 272384
occupancy after magic mul: 12764626998232350720
occupancy after shift: 22
attacks: 10240
get_rook_attacks for square 4
occupancy after mask: 4503599895810158
occupancy after magic mul: 10622042918875262976
occupancy after shift: 1179
attacks: 4136
get_bishop_attacks for square 2
occupancy after mask: 2560
occupancy after magic mul: 1175443006172430336
occupancy after shift: 2
attacks: 2560
get_bishop_attacks for square 5
occupancy after mask: 20480
occupancy after magic mul: 2930165545624227840
occupancy after shift: 5
attacks: 20480
get_rook_attacks for square 0
occupancy after mask: 281474976776574
occupancy after magic mul: 3306797234737065920
occupancy after shift: 734
attacks: 258
get_rook_attacks for square 7
occupancy after mask: 36028797027385470
occupancy after magic mul: 4553333150679318272
occupancy after shift: 1011
attacks: 32832
get_bishop_attacks for square 3
occupancy after mask: 2102272
occupancy after magic mul: 16216387500604694528
occupancy after shift: 28
attacks: 5120
get_rook_attacks for square 3
occupancy after mask: 2251799813687414
occupancy after magic mul: 1381021119838140534
occupancy after shift: 153
attacks: 2068
get_bishop_attacks for square 58
occupancy after mask: 2814749767106560
occupancy after magic mul: 2328361007350546432
occupancy after shift: 4
attacks: 2814749767106560
get_bishop_attacks for square 61
occupancy after mask: 22517998136852480
occupancy after magic mul: 2305843009213693952
occupancy after shift: 4
attacks: 22517998136852480
get_rook_attacks for square 56
occupancy after mask: 8503077571452272896
occupancy after magic mul: 1693846385522245888
occupancy after shift: 376
attacks: 144396663052566528
get_rook_attacks for square 63
occupancy after mask: 8538824893502881792
occupancy after magic mul: 11356544178996707328
occupancy after shift: 2521
attacks: 4647714815446351872
get_bishop_attacks for square 52
occupancy after mask: 0
occupancy after magic mul: 0
occupancy after shift: 0
attacks: 2882348036221108224
get_rook_attacks for square 52
occupancy after mask: 30962247706611712
occupancy after magic mul: 13044748476155953152
occupancy after shift: 724
attacks: 1164198164849229824
Enter makemove
get_bishop_attacks for square 4
occupancy after mask: 272384
occupancy after magic mul: 12764626998232350720
occupancy after shift: 22
attacks: 10240
get_rook_attacks for square 4
occupancy after mask: 4503599895810158
occupancy after magic mul: 10622042918875262976
occupancy after shift: 1179
attacks: 4136
get_bishop_attacks for square 2
occupancy after mask: 2560
occupancy after magic mul: 1175443006172430336
occupancy after shift: 2
attacks: 2560
get_bishop_attacks for square 5
occupancy after mask: 20480
occupancy after magic mul: 2930165545624227840
occupancy after shift: 5
attacks: 20480
get_rook_attacks for square 0
occupancy after mask: 281474976776574
occupancy after magic mul: 3306797234737065920
occupancy after shift: 734
attacks: 258
get_rook_attacks for square 7
occupancy after mask: 36028797027385470
occupancy after magic mul: 4553333150679318272
occupancy after shift: 1011
attacks: 32832
get_bishop_attacks for square 3
occupancy after mask: 2102272
occupancy after magic mul: 16216387500604694528
occupancy after shift: 28
attacks: 5120
get_rook_attacks for square 3
occupancy after mask: 2251799813687414
occupancy after magic mul: 1381021119838140534
occupancy after shift: 153
attacks: 2068
get_bishop_attacks for square 58
occupancy after mask: 2814749767106560
occupancy after magic mul: 2328361007350546432
occupancy after shift: 4
attacks: 2814749767106560
get_bishop_attacks for square 61
occupancy after mask: 22517998136852480
occupancy after magic mul: 2305843009213693952
occupancy after shift: 4
attacks: 22517998136852480
get_rook_attacks for square 56
occupancy after mask: 8503077571452272896
occupancy after magic mul: 1693846385522245888
occupancy after shift: 376
attacks: 144396663052566528
get_rook_attacks for square 63
occupancy after mask: 8538824893502881792
occupancy after magic mul: 11356544178996707328
occupancy after shift: 2521
attacks: 4647714815446351872
get_bishop_attacks for square 52
occupancy after mask: 0
occupancy after magic mul: 0
occupancy after shift: 0
attacks: 2882348036221108224
get_rook_attacks for square 52
occupancy after mask: 30962247706611712
occupancy after magic mul: 13044748476155953152
occupancy after shift: 724
attacks: 1164198164849229824
Enter makemove
get_bishop_attacks for square 4
occupancy after mask: 272384
occupancy after magic mul: 12764626998232350720
occupancy after shift: 22
attacks: 10240
get_rook_attacks for square 4
occupancy after mask: 4503599895810158
occupancy after magic mul: 10622042918875262976
occupancy after shift: 1179
attacks: 4136
get_bishop_attacks for square 2
occupancy after mask: 2560
occupancy after magic mul: 1175443006172430336
occupancy after shift: 2
attacks: 2560
get_bishop_attacks for square 5
occupancy after mask: 20480
occupancy after magic mul: 2930165545624227840
occupancy after shift: 5
attacks: 20480
get_rook_attacks for square 0
occupancy after mask: 281474976776574
occupancy after magic mul: 3306797234737065920
occupancy after shift: 734
attacks: 258
get_rook_attacks for square 7
occupancy after mask: 36028797027385470
occupancy after magic mul: 4553333150679318272
occupancy after shift: 1011
attacks: 32832
get_bishop_attacks for square 3
occupancy after mask: 2102272
occupancy after magic mul: 16216387500604694528
occupancy after shift: 28
attacks: 5120
get_rook_attacks for square 3
occupancy after mask: 2251799813687414
occupancy after magic mul: 1381021119838140534
occupancy after shift: 153
attacks: 2068
get_bishop_attacks for square 58
occupancy after mask: 2814749767106560
occupancy after magic mul: 2328361007350546432
occupancy after shift: 4
attacks: 2814749767106560
get_bishop_attacks for square 61
occupancy after mask: 22517998136852480
occupancy after magic mul: 2305843009213693952
occupancy after shift: 4
attacks: 22517998136852480
get_rook_attacks for square 56
occupancy after mask: 8503077571452272896
occupancy after magic mul: 1693846385522245888
occupancy after shift: 376
attacks: 144396663052566528
get_rook_attacks for square 63
occupancy after mask: 8538824893502881792
occupancy after magic mul: 11356544178996707328
occupancy after shift: 2521
attacks: 4647714815446351872
get_bishop_attacks for square 52
occupancy after mask: 0
occupancy after magic mul: 0
occupancy after shift: 0
attacks: 2882348036221108224
get_rook_attacks for square 52
occupancy after mask: 30962247706611712
occupancy after magic mul: 13044748476155953152
occupancy after shift: 724
attacks: 1164198164849229824
Enter makemove
get_bishop_attacks for square 4
occupancy after mask: 272384
occupancy after magic mul: 12764626998232350720
occupancy after shift: 22
attacks: 10240
get_rook_attacks for square 4
occupancy after mask: 4503599895810158
occupancy after magic mul: 10622042918875262976
occupancy after shift: 1179
attacks: 4136
get_bishop_attacks for square 2
occupancy after mask: 2560
occupancy after magic mul: 1175443006172430336
occupancy after shift: 2
attacks: 2560
get_bishop_attacks for square 5
occupancy after mask: 20480
occupancy after magic mul: 2930165545624227840
occupancy after shift: 5
attacks: 20480
get_rook_attacks for square 0
occupancy after mask: 281474976776574
occupancy after magic mul: 3306797234737065920
occupancy after shift: 734
attacks: 258
get_rook_attacks for square 7
occupancy after mask: 36028797027385470
occupancy after magic mul: 4553333150679318272
occupancy after shift: 1011
attacks: 32832
get_bishop_attacks for square 3
occupancy after mask: 2102272
occupancy after magic mul: 16216387500604694528
occupancy after shift: 28
attacks: 5120
get_rook_attacks for square 3
occupancy after mask: 2251799813687414
occupancy after magic mul: 1381021119838140534
occupancy after shift: 153
attacks: 2068
get_bishop_attacks for square 58
occupancy after mask: 2814749767106560
occupancy after magic mul: 2328361007350546432
occupancy after shift: 4
attacks: 2814749767106560
get_bishop_attacks for square 61
occupancy after mask: 22517998136852480
occupancy after magic mul: 2305843009213693952
occupancy after shift: 4
attacks: 22517998136852480
get_rook_attacks for square 56
occupancy after mask: 8503077571452272896
occupancy after magic mul: 1693846385522245888
occupancy after shift: 376
attacks: 144396663052566528
get_rook_attacks for square 63
occupancy after mask: 8538824893502881792
occupancy after magic mul: 11356544178996707328
occupancy after shift: 2521
attacks: 4647714815446351872
get_bishop_attacks for square 52
occupancy after mask: 0
occupancy after magic mul: 0
occupancy after shift: 0
attacks: 2882348036221108224
get_rook_attacks for square 52
occupancy after mask: 30962247706611712
occupancy after magic mul: 13044748476155953152
occupancy after shift: 724
attacks: 1164198164849229824
Enter makemove
get_bishop_attacks for square 4
occupancy after mask: 272384
occupancy after magic mul: 12764626998232350720
occupancy after shift: 22
attacks: 10240
get_rook_attacks for square 4
occupancy after mask: 4503599895810158
occupancy after magic mul: 10622042918875262976
occupancy after shift: 1179
attacks: 4136
get_bishop_attacks for square 2
occupancy after mask: 2560
occupancy after magic mul: 1175443006172430336
occupancy after shift: 2
attacks: 2560
get_bishop_attacks for square 5
occupancy after mask: 20480
occupancy after magic mul: 2930165545624227840
occupancy after shift: 5
attacks: 20480
get_rook_attacks for square 0
occupancy after mask: 281474976776574
occupancy after magic mul: 3306797234737065920
occupancy after shift: 734
attacks: 258
get_rook_attacks for square 7
occupancy after mask: 36028797027385470
occupancy after magic mul: 4553333150679318272
occupancy after shift: 1011
attacks: 32832
get_bishop_attacks for square 3
occupancy after mask: 2102272
occupancy after magic mul: 16216387500604694528
occupancy after shift: 28
attacks: 5120
get_rook_attacks for square 3
occupancy after mask: 2251799813687414
occupancy after magic mul: 1381021119838140534
occupancy after shift: 153
attacks: 2068
get_bishop_attacks for square 58
occupancy after mask: 2814749767106560
occupancy after magic mul: 2328361007350546432
occupancy after shift: 4
attacks: 2814749767106560
get_bishop_attacks for square 61
occupancy after mask: 22517998136852480
occupancy after magic mul: 2305843009213693952
occupancy after shift: 4
attacks: 22517998136852480
get_rook_attacks for square 56
occupancy after mask: 8503077571452272896
occupancy after magic mul: 1693846385522245888
occupancy after shift: 376
attacks: 144396663052566528
get_rook_attacks for square 63
occupancy after mask: 8538824893502881792
occupancy after magic mul: 11356544178996707328
occupancy after shift: 2521
attacks: 4647714815446351872
get_bishop_attacks for square 52
occupancy after mask: 0
occupancy after magic mul: 0
occupancy after shift: 0
attacks: 2882348036221108224
get_rook_attacks for square 52
occupancy after mask: 30962247706611712
occupancy after magic mul: 13044748476155953152
occupancy after shift: 724
attacks: 1164198164849229824
Enter makemove
get_bishop_attacks for square 4
occupancy after mask: 272384
occupancy after magic mul: 12764626998232350720
occupancy after shift: 22
attacks: 10240
get_rook_attacks for square 4
occupancy after mask: 4503599895810158
occupancy after magic mul: 10622042918875262976
occupancy after shift: 1179
attacks: 4136
get_bishop_attacks for square 2
occupancy after mask: 2560
occupancy after magic mul: 1175443006172430336
occupancy after shift: 2
attacks: 2560
get_bishop_attacks for square 5
occupancy after mask: 20480
occupancy after magic mul: 2930165545624227840
occupancy after shift: 5
attacks: 20480
get_rook_attacks for square 0
occupancy after mask: 281474976776574
occupancy after magic mul: 3306797234737065920
occupancy after shift: 734
attacks: 258
get_rook_attacks for square 7
occupancy after mask: 36028797027385470
occupancy after magic mul: 4553333150679318272
occupancy after shift: 1011
attacks: 32832
get_bishop_attacks for square 3
occupancy after mask: 2102272
occupancy after magic mul: 16216387500604694528
occupancy after shift: 28
attacks: 5120
get_rook_attacks for square 3
occupancy after mask: 2251799813687414
occupancy after magic mul: 1381021119838140534
occupancy after shift: 153
attacks: 2068
get_bishop_attacks for square 58
occupancy after mask: 2814749767106560
occupancy after magic mul: 2328361007350546432
occupancy after shift: 4
attacks: 2814749767106560
get_bishop_attacks for square 61
occupancy after mask: 22517998136852480
occupancy after magic mul: 2305843009213693952
occupancy after shift: 4
attacks: 22517998136852480
get_rook_attacks for square 56
occupancy after mask: 8503077571452272896
occupancy after magic mul: 1693846385522245888
occupancy after shift: 376
attacks: 144396663052566528
get_rook_attacks for square 63
occupancy after mask: 8538824893502881792
occupancy after magic mul: 11356544178996707328
occupancy after shift: 2521
attacks: 4647714815446351872
get_bishop_attacks for square 52
occupancy after mask: 0
occupancy after magic mul: 0
occupancy after shift: 0
attacks: 2882348036221108224
get_rook_attacks for square 52
occupancy after mask: 30962247706611712
occupancy after magic mul: 13044748476155953152
occupancy after shift: 724
attacks: 1164198164849229824
Enter makemove
get_bishop_attacks for square 4
occupancy after mask: 272384
occupancy after magic mul: 12764626998232350720
occupancy after shift: 22
attacks: 10240
get_rook_attacks for square 4
occupancy after mask: 4503599895810158
occupancy after magic mul: 10622042918875262976
occupancy after shift: 1179
attacks: 4136
get_bishop_attacks for square 2
occupancy after mask: 2560
occupancy after magic mul: 1175443006172430336
occupancy after shift: 2
attacks: 2560
get_bishop_attacks for square 5
occupancy after mask: 20480
occupancy after magic mul: 2930165545624227840
occupancy after shift: 5
attacks: 20480
get_rook_attacks for square 0
occupancy after mask: 281474976776574
occupancy after magic mul: 3306797234737065920
occupancy after shift: 734
attacks: 258
get_rook_attacks for square 7
occupancy after mask: 36028797027385470
occupancy after magic mul: 4553333150679318272
occupancy after shift: 1011
attacks: 32832
get_bishop_attacks for square 3
occupancy after mask: 2102272
occupancy after magic mul: 16216387500604694528
occupancy after shift: 28
attacks: 5120
get_rook_attacks for square 3
occupancy after mask: 2251799813687414
occupancy after magic mul: 1381021119838140534
occupancy after shift: 153
attacks: 2068
get_bishop_attacks for square 58
occupancy after mask: 2814749767106560
occupancy after magic mul: 2328361007350546432
occupancy after shift: 4
attacks: 2814749767106560
get_bishop_attacks for square 61
occupancy after mask: 22517998136852480
occupancy after magic mul: 2305843009213693952
occupancy after shift: 4
attacks: 22517998136852480
get_rook_attacks for square 56
occupancy after mask: 8503077571452272896
occupancy after magic mul: 1693846385522245888
occupancy after shift: 376
attacks: 144396663052566528
get_rook_attacks for square 63
occupancy after mask: 8538824893502881792
occupancy after magic mul: 11356544178996707328
occupancy after shift: 2521
attacks: 4647714815446351872
get_bishop_attacks for square 52
occupancy after mask: 0
occupancy after magic mul: 0
occupancy after shift: 0
attacks: 2882348036221108224
get_rook_attacks for square 52
occupancy after mask: 30962247706611712
occupancy after magic mul: 13044748476155953152
occupancy after shift: 724
attacks: 1164198164849229824
get_bishop_attacks for square 58
occupancy after mask: 2814749767106560
occupancy after magic mul: 2328361007350546432
occupancy after shift: 4
attacks: 2814749767106560
get_bishop_attacks for square 61
occupancy after mask: 22517998136852480
occupancy after magic mul: 2305843009213693952
occupancy after shift: 4
attacks: 22517998136852480
get_rook_attacks for square 56
occupancy after mask: 8503077571452272896
occupancy after magic mul: 1693846385522245888
occupancy after shift: 376
attacks: 144396663052566528
get_rook_attacks for square 63
occupancy after mask: 8538824893502881792
occupancy after magic mul: 11356544178996707328
occupancy after shift: 2521
attacks: 4647714815446351872
get_rook_attacks for square 52
occupancy after mask: 30962247706611712
occupancy after magic mul: 13044748476155953152
occupancy after shift: 724
attacks: 1164198164849229824
get_bishop_attacks for square 52
occupancy after mask: 0
occupancy after magic mul: 0
occupancy after shift: 0
attacks: 2882348036221108224
Enter makemove
get_bishop_attacks for square 60
occupancy after mask: 11258999068426240
occupancy after magic mul: 2938598756859248640
occupancy after shift: 5
attacks: 11258999068426240
get_rook_attacks for square 60
occupancy after mask: 7354378191764459520
occupancy after magic mul: 3252304001923817472
occupancy after shift: 361
attacks: 3175037737296199680
get_bishop_attacks for square 2
occupancy after mask: 2560
occupancy after magic mul: 1175443006172430336
occupancy after shift: 2
attacks: 2560
get_bishop_attacks for square 5
occupancy after mask: 20480
occupancy after magic mul: 2930165545624227840
occupancy after shift: 5
attacks: 20480
get_rook_attacks for square 0
occupancy after mask: 281474976776574
occupancy after magic mul: 3306797234737065920
occupancy after shift: 734
attacks: 258
get_rook_attacks for square 7
occupancy after mask: 36028797027385470
occupancy after magic mul: 4553333150679318272
occupancy after shift: 1011
attacks: 32832
get_bishop_attacks for square 3
occupancy after mask: 2102272
occupancy after magic mul: 16216387500604694528
occupancy after shift: 28
attacks: 5120
get_rook_attacks for square 3
occupancy after mask: 2251799813687414
occupancy after magic mul: 1381021119838140534
occupancy after shift: 153
attacks: 2068
get_bishop_attacks for square 58
occupancy after mask: 2814749767106560
occupancy after magic mul: 2328361007350546432
occupancy after shift: 4
attacks: 2814749767106560
get_bishop_attacks for square 61
occupancy after mask: 22517998136852480
occupancy after magic mul: 2305843009213693952
occupancy after shift: 4
attacks: 22517998136852480
get_rook_attacks for square 57
occupancy after mask: 8359243858353062400
occupancy after magic mul: 3315283746138751488
occupancy after shift: 368
attacks: 360850920143060992
get_rook_attacks for square 63
occupancy after mask: 8538824893502881792
occupancy after magic mul: 11356544178996707328
occupancy after shift: 2521
attacks: 4647714815446351872
get_bishop_attacks for square 52
occupancy after mask: 0
occupancy after magic mul: 0
occupancy after shift: 0
attacks: 2882348036221108224
get_rook_attacks for square 52
occupancy after mask: 30962247706611712
occupancy after magic mul: 13044748476155953152
occupancy after shift: 724
attacks: 1164198164849229824
Enter makemove
get_bishop_attacks for square 60
occupancy after mask: 11258999068426240
occupancy after magic mul: 2938598756859248640
occupancy after shift: 5
attacks: 11258999068426240
get_rook_attacks for square 60
occupancy after mask: 7354378191764459520
occupancy after magic mul: 3252304001923817472
occupancy after shift: 361
attacks: 3175037737296199680
get_bishop_attacks for square 2
occupancy after mask: 2560
occupancy after magic mul: 1175443006172430336
occupancy after shift: 2
attacks: 2560
get_bishop_attacks for square 5
occupancy after mask: 20480
occupancy after magic mul: 2930165545624227840
occupancy after shift: 5
attacks: 20480
get_rook_attacks for square 0
occupancy after mask: 281474976776574
occupancy after magic mul: 3306797234737065920
occupancy after shift: 734
attacks: 258
get_rook_attacks for square 7
occupancy after mask: 36028797027385470
occupancy after magic mul: 4553333150679318272
occupancy after shift: 1011
attacks: 32832
get_bishop_attacks for square 3
occupancy after mask: 2102272
occupancy after magic mul: 16216387500604694528
occupancy after shift: 28
attacks: 5120
get_rook_attacks for square 3
occupancy after mask: 2251799813687414
occupancy after magic mul: 1381021119838140534
occupancy after shift: 153
attacks: 2068
get_bishop_attacks for square 58
occupancy after mask: 2814749767106560
occupancy after magic mul: 2328361007350546432
occupancy after shift: 4
attacks: 2814749767106560
get_bishop_attacks for square 61
occupancy after mask: 22517998136852480
occupancy after magic mul: 2305843009213693952
occupancy after shift: 4
attacks: 22517998136852480
get_rook_attacks for square 56
occupancy after mask: 8503077571452272896
occupancy after magic mul: 1693846385522245888
occupancy after shift: 376
attacks: 144396663052566528
get_rook_attacks for square 62
occupancy after mask: 3909124476557606912
occupancy after magic mul: 17961483415033282560
occupancy after shift: 1994
attacks: 11547229444577951744
get_bishop_attacks for square 52
occupancy after mask: 0
occupancy after magic mul: 0
occupancy after shift: 0
attacks: 2882348036221108224
get_rook_attacks for square 52
occupancy after mask: 30962247706611712
occupancy after magic mul: 13044748476155953152
occupancy after shift: 724
attacks: 1164198164849229824
Enter makemove
get_bishop_attacks for square 60
occupancy after mask: 11258999068426240
occupancy after magic mul: 2938598756859248640
occupancy after shift: 5
attacks: 11258999068426240
get_rook_attacks for square 60
occupancy after mask: 7349874592137089024
occupancy after magic mul: 17078354857951240192
occupancy after shift: 1896
attacks: 3175055398470156288
get_bishop_attacks for square 2
occupancy after mask: 2560
occupancy after magic mul: 1175443006172430336
occupancy after shift: 2
attacks: 2560
get_bishop_attacks for square 5
occupancy after mask: 20480
occupancy after magic mul: 2930165545624227840
occupancy after shift: 5
attacks: 20480
get_rook_attacks for square 0
occupancy after mask: 281474976776574
occupancy after magic mul: 3306797234737065920
occupancy after shift: 734
attacks: 258
get_rook_attacks for square 7
occupancy after mask: 36028797027385470
occupancy after magic mul: 4553333150679318272
occupancy after shift: 1011
attacks: 32832
get_bishop_attacks for square 3
occupancy after mask: 2102272
occupancy after magic mul: 16216387500604694528
occupancy after shift: 28
attacks: 5120
get_rook_attacks for square 3
occupancy after mask: 2251799813687414
occupancy after magic mul: 1381021119838140534
occupancy after shift: 153
attacks: 2068
get_bishop_attacks for square 58
occupancy after mask: 2814749767106560
occupancy after magic mul: 2328361007350546432
occupancy after shift: 4
attacks: 2814749767106560
get_bishop_attacks for square 61
occupancy after mask: 18014398509481984
occupancy after magic mul: 9223372036854775808
occupancy after shift: 16
attacks: 22526811443363840
get_rook_attacks for square 56
occupancy after mask: 8503077571452272896
occupancy after magic mul: 1693846385522245888
occupancy after shift: 376
attacks: 144396663052566528
get_rook_attacks for square 63
occupancy after mask: 8538824893502881792
occupancy after magic mul: 11356544178996707328
occupancy after shift: 2521
attacks: 4647714815446351872
get_bishop_attacks for square 52
occupancy after mask: 0
occupancy after magic mul: 0
occupancy after shift: 0
attacks: 2882348036221108224
get_rook_attacks for square 52
occupancy after mask: 30962247706611712
occupancy after magic mul: 13044748476155953152
occupancy after shift: 724
attacks: 1164198164849229824
Enter makemove
get_bishop_attacks for square 60
occupancy after mask: 11258999068426240
occupancy after magic mul: 2938598756859248640
occupancy after shift: 5
attacks: 11258999068426240
get_rook_attacks for square 60
occupancy after mask: 7349874592137089024
occupancy after magic mul: 17078354857951240192
occupancy after shift: 1896
attacks: 3175055398470156288
get_bishop_attacks for square 2
occupancy after mask: 2560
occupancy after magic mul: 1175443006172430336
occupancy after shift: 2
attacks: 2560
get_bishop_attacks for square 5
occupancy after mask: 20480
occupancy after magic mul: 2930165545624227840
occupancy after shift: 5
attacks: 20480
get_rook_attacks for square 0
occupancy after mask: 281474976776574
occupancy after magic mul: 3306797234737065920
occupancy after shift: 734
attacks: 258
get_rook_attacks for square 7
occupancy after mask: 36028797027385470
occupancy after magic mul: 4553333150679318272
occupancy after shift: 1011
attacks: 32832
get_bishop_attacks for square 3
occupancy after mask: 2102272
occupancy after magic mul: 16216387500604694528
occupancy after shift: 28
attacks: 5120
get_rook_attacks for square 3
occupancy after mask: 2251799813687414
occupancy after magic mul: 1381021119838140534
occupancy after shift: 153
attacks: 2068
get_bishop_attacks for square 58
occupancy after mask: 2814749767106560
occupancy after magic mul: 2328361007350546432
occupancy after shift: 4
attacks: 2814749767106560
get_bishop_attacks for square 61
occupancy after mask: 18014398509481984
occupancy after magic mul: 9223372036854775808
occupancy after shift: 16
attacks: 22526811443363840
get_rook_attacks for square 56
occupancy after mask: 8503077571452272896
occupancy after magic mul: 1693846385522245888
occupancy after shift: 376
attacks: 144396663052566528
get_rook_attacks for square 63
occupancy after mask: 8538824893502881792
occupancy after magic mul: 11356544178996707328
occupancy after shift: 2521
attacks: 4647714815446351872
get_bishop_attacks for square 52
occupancy after mask: 0
occupancy after magic mul: 0
occupancy after shift: 0
attacks: 2882348036221108224
get_rook_attacks for square 52
occupancy after mask: 30962247706611712
occupancy after magic mul: 13044748476155953152
occupancy after shift: 724
attacks: 1164198164849229824
Undoing move: d8e7
Searching move 8: b8d7
Enter makemove
get_bishop_attacks for square 60
occupancy after mask: 11258999068426240
occupancy after magic mul: 2938598756859248640
occupancy after shift: 5
attacks: 11258999068426240
get_rook_attacks for square 60
occupancy after mask: 7930838944067883008
occupancy after magic mul: 4405225506530664448
occupancy after shift: 489
attacks: 2886807361144487936
Enter alpha_beta_search
Entering alpha_beta_search function (current_depth 0, max_depth 2)
tt.probe called with key = 14860415752987595679, num_entries = 18350080
calculated index = 13751199
Accessing table[index].key
get_bishop_attacks for square 2
occupancy after mask: 2560
occupancy after magic mul: 1175443006172430336
occupancy after shift: 2
attacks: 2560
get_bishop_attacks for square 5
occupancy after mask: 20480
occupancy after magic mul: 2930165545624227840
occupancy after shift: 5
attacks: 20480
get_rook_attacks for square 0
occupancy after mask: 281474976776574
occupancy after magic mul: 3306797234737065920
occupancy after shift: 734
attacks: 258
get_rook_attacks for square 7
occupancy after mask: 36028797027385470
occupancy after magic mul: 4553333150679318272
occupancy after shift: 1011
attacks: 32832
get_bishop_attacks for square 3
occupancy after mask: 2102272
occupancy after magic mul: 16216387500604694528
occupancy after shift: 28
attacks: 5120
get_rook_attacks for square 3
occupancy after mask: 2251799813687414
occupancy after magic mul: 1381021119838140534
occupancy after shift: 153
attacks: 2068
get_bishop_attacks for square 58
occupancy after mask: 2814749767106560
occupancy after magic mul: 2328361007350546432
occupancy after shift: 4
attacks: 2814749767106560
get_bishop_attacks for square 61
occupancy after mask: 22517998136852480
occupancy after magic mul: 2305843009213693952
occupancy after shift: 4
attacks: 22517998136852480
get_rook_attacks for square 56
occupancy after mask: 9079538323755696384
occupancy after magic mul: 2270307137825669376
occupancy after shift: 504
attacks: 144396663052566528
get_rook_attacks for square 63
occupancy after mask: 9115285645806305280
occupancy after magic mul: 12509465683603554304
occupancy after shift: 2777
attacks: 4647714815446351872
get_bishop_attacks for square 59
occupancy after mask: 5629499534213120
occupancy after magic mul: 15078051552436420608
occupancy after shift: 26
attacks: 5629499534213120
get_rook_attacks for square 59
occupancy after mask: 8505047896289183744
occupancy after magic mul: 15929372902967808000
occupancy after shift: 1768
attacks: 1443403680572243968
Undoing move: b8d7
Searching move 9: c8d7
Enter makemove
get_bishop_attacks for square 60
occupancy after mask: 11258999068426240
occupancy after magic mul: 2938598756859248640
occupancy after shift: 5
attacks: 11258999068426240
get_rook_attacks for square 60
occupancy after mask: 7930838944067883008
occupancy after magic mul: 4405225506530664448
occupancy after shift: 489
attacks: 2886807361144487936
Enter alpha_beta_search
Entering alpha_beta_search function (current_depth 0, max_depth 2)
tt.probe called with key = 15173364249504239393, num_entries = 18350080
calculated index = 9424673
Accessing table[index].key
get_bishop_attacks for square 2
occupancy after mask: 2560
occupancy after magic mul: 1175443006172430336
occupancy after shift: 2
attacks: 2560
get_bishop_attacks for square 5
occupancy after mask: 20480
occupancy after magic mul: 2930165545624227840
occupancy after shift: 5
attacks: 20480
get_rook_attacks for square 0
occupancy after mask: 281474976776574
occupancy after magic mul: 3306797234737065920
occupancy after shift: 734
attacks: 258
get_rook_attacks for square 7
occupancy after mask: 36028797027385470
occupancy after magic mul: 4553333150679318272
occupancy after shift: 1011
attacks: 32832
get_bishop_attacks for square 3
occupancy after mask: 2102272
occupancy after magic mul: 16216387500604694528
occupancy after shift: 28
attacks: 5120
get_rook_attacks for square 3
occupancy after mask: 2251799813687414
occupancy after magic mul: 1381021119838140534
occupancy after shift: 153
attacks: 2068
get_bishop_attacks for square 58
occupancy after mask: 2814749767106560
occupancy after magic mul: 2328361007350546432
occupancy after shift: 4
attacks: 2814749767106560
get_bishop_attacks for square 61
occupancy after mask: 22517998136852480
occupancy after magic mul: 2305843009213693952
occupancy after shift: 4
attacks: 22517998136852480
get_rook_attacks for square 56
occupancy after mask: 9079538323755696384
occupancy after magic mul: 2270307137825669376
occupancy after shift: 504
attacks: 144396663052566528
get_rook_attacks for square 63
occupancy after mask: 9115285645806305280
occupancy after magic mul: 12509465683603554304
occupancy after shift: 2777
attacks: 4647714815446351872
get_bishop_attacks for square 59
occupancy after mask: 5629499534213120
occupancy after magic mul: 15078051552436420608
occupancy after shift: 26
attacks: 5629499534213120
get_rook_attacks for square 59
occupancy after mask: 8505047896289183744
occupancy after magic mul: 15929372902967808000
occupancy after shift: 1768
attacks: 1443403680572243968
Undoing move: c8d7
Searching move 10: d8d7
Enter makemove
get_bishop_attacks for square 60
occupancy after mask: 11258999068426240
occupancy after magic mul: 2938598756859248640
occupancy after shift: 5
attacks: 11258999068426240
get_rook_attacks for square 60
occupancy after mask: 7354378191764459520
occupancy after magic mul: 3252304001923817472
occupancy after shift: 361
attacks: 3175037737296199680
Enter alpha_beta_search
Entering alpha_beta_search function (current_depth 0, max_depth 2)
tt.probe called with key = 4422363601579011516, num_entries = 18350080
calculated index = 11267516
Accessing table[index].key
get_bishop_attacks for square 2
occupancy after mask: 2560
occupancy after magic mul: 1175443006172430336
occupancy after shift: 2
attacks: 2560
get_bishop_attacks for square 5
occupancy after mask: 20480
occupancy after magic mul: 2930165545624227840
occupancy after shift: 5
attacks: 20480
get_rook_attacks for square 0
occupancy after mask: 281474976776574
occupancy after magic mul: 3306797234737065920
occupancy after shift: 734
attacks: 258
get_rook_attacks for square 7
occupancy after mask: 36028797027385470
occupancy after magic mul: 4553333150679318272
occupancy after shift: 1011
attacks: 32832
get_bishop_attacks for square 3
occupancy after mask: 2102272
occupancy after magic mul: 16216387500604694528
occupancy after shift: 28
attacks: 5120
get_rook_attacks for square 3
occupancy after mask: 2251799813687414
occupancy after magic mul: 1381021119838140534
occupancy after shift: 153
attacks: 2068
get_bishop_attacks for square 58
occupancy after mask: 2814749767106560
occupancy after magic mul: 2328361007350546432
occupancy after shift: 4
attacks: 2814749767106560
get_bishop_attacks for square 61
occupancy after mask: 22517998136852480
occupancy after magic mul: 2305843009213693952
occupancy after shift: 4
attacks: 22517998136852480
get_rook_attacks for square 56
occupancy after mask: 8503077571452272896
occupancy after magic mul: 1693846385522245888
occupancy after shift: 376
attacks: 144396663052566528
get_rook_attacks for square 63
occupancy after mask: 8538824893502881792
occupancy after magic mul: 11356544178996707328
occupancy after shift: 2521
attacks: 4647714815446351872
get_bishop_attacks for square 51
occupancy after mask: 0
occupancy after magic mul: 0
occupancy after shift: 0
attacks: 1441174018118909952
get_rook_attacks for square 51
occupancy after mask: 33214047251859456
occupancy after magic mul: 6593305313787772928
occupancy after shift: 366
attacks: 582099082425141248
get_bishop_attacks for square 2
occupancy after mask: 2560
occupancy after magic mul: 1175443006172430336
occupancy after shift: 2
attacks: 2560
get_bishop_attacks for square 5
occupancy after mask: 20480
occupancy after magic mul: 2930165545624227840
occupancy after shift: 5
attacks: 20480
get_rook_attacks for square 0
occupancy after mask: 281474976776574
occupancy after magic mul: 3306797234737065920
occupancy after shift: 734
attacks: 258
get_rook_attacks for square 7
occupancy after mask: 36028797027385470
occupancy after magic mul: 4553333150679318272
occupancy after shift: 1011
attacks: 32832
get_rook_attacks for square 3
occupancy after mask: 2251799813687414
occupancy after magic mul: 1381021119838140534
occupancy after shift: 153
attacks: 2068
get_bishop_attacks for square 3
occupancy after mask: 2102272
occupancy after magic mul: 16216387500604694528
occupancy after shift: 28
attacks: 5120
Enter makemove
get_bishop_attacks for square 4
occupancy after mask: 272384
occupancy after magic mul: 12764626998232350720
occupancy after shift: 22
attacks: 10240
get_rook_attacks for square 4
occupancy after mask: 4503599895810158
occupancy after magic mul: 10622042918875262976
occupancy after shift: 1179
attacks: 4136
get_bishop_attacks for square 2
occupancy after mask: 2560
occupancy after magic mul: 1175443006172430336
occupancy after shift: 2
attacks: 2560
get_bishop_attacks for square 5
occupancy after mask: 20480
occupancy after magic mul: 2930165545624227840
occupancy after shift: 5
attacks: 20480
get_rook_attacks for square 0
occupancy after mask: 281474976776574
occupancy after magic mul: 3306797234737065920
occupancy after shift: 734
attacks: 258
get_rook_attacks for square 7
occupancy after mask: 36028797027385470
occupancy after magic mul: 4553333150679318272
occupancy after shift: 1011
attacks: 32832
get_bishop_attacks for square 3
occupancy after mask: 2102272
occupancy after magic mul: 16216387500604694528
occupancy after shift: 28
attacks: 5120
get_rook_attacks for square 3
occupancy after mask: 2251799813687414
occupancy after magic mul: 1381021119838140534
occupancy after shift: 153
attacks: 2068
get_bishop_attacks for square 58
occupancy after mask: 2814749767106560
occupancy after magic mul: 2328361007350546432
occupancy after shift: 4
attacks: 2814749767106560
get_bishop_attacks for square 61
occupancy after mask: 22517998136852480
occupancy after magic mul: 2305843009213693952
occupancy after shift: 4
attacks: 22517998136852480
get_rook_attacks for square 56
occupancy after mask: 8503077571452272896
occupancy after magic mul: 1693846385522245888
occupancy after shift: 376
attacks: 144396663052566528
get_rook_attacks for square 63
occupancy after mask: 8538824893502881792
occupancy after magic mul: 11356544178996707328
occupancy after shift: 2521
attacks: 4647714815446351872
get_bishop_attacks for square 51
occupancy after mask: 0
occupancy after magic mul: 0
occupancy after shift: 0
attacks: 1441174018118909952
get_rook_attacks for square 51
occupancy after mask: 33214047251859456
occupancy after magic mul: 6593305313787772928
occupancy after shift: 366
attacks: 582099082425141248
Enter makemove
get_bishop_attacks for square 4
occupancy after mask: 272384
occupancy after magic mul: 12764626998232350720
occupancy after shift: 22
attacks: 10240
get_rook_attacks for square 4
occupancy after mask: 4503599895810158
occupancy after magic mul: 10622042918875262976
occupancy after shift: 1179
attacks: 4136
get_bishop_attacks for square 2
occupancy after mask: 2560
occupancy after magic mul: 1175443006172430336
occupancy after shift: 2
attacks: 2560
get_bishop_attacks for square 5
occupancy after mask: 20480
occupancy after magic mul: 2930165545624227840
occupancy after shift: 5
attacks: 20480
get_rook_attacks for square 0
occupancy after mask: 281474976776574
occupancy after magic mul: 3306797234737065920
occupancy after shift: 734
attacks: 258
get_rook_attacks for square 7
occupancy after mask: 36028797027385470
occupancy after magic mul: 4553333150679318272
occupancy after shift: 1011
attacks: 32832
get_bishop_attacks for square 3
occupancy after mask: 2102272
occupancy after magic mul: 16216387500604694528
occupancy after shift: 28
attacks: 5120
get_rook_attacks for square 3
occupancy after mask: 2251799813687414
occupancy after magic mul: 1381021119838140534
occupancy after shift: 153
attacks: 2068
get_bishop_attacks for square 58
occupancy after mask: 2814749767106560
occupancy after magic mul: 2328361007350546432
occupancy after shift: 4
attacks: 2814749767106560
get_bishop_attacks for square 61
occupancy after mask: 22517998136852480
occupancy after magic mul: 2305843009213693952
occupancy after shift: 4
attacks: 22517998136852480
get_rook_attacks for square 56
occupancy after mask: 8503077571452272896
occupancy after magic mul: 1693846385522245888
occupancy after shift: 376
attacks: 144396663052566528
get_rook_attacks for square 63
occupancy after mask: 8538824893502881792
occupancy after magic mul: 11356544178996707328
occupancy after shift: 2521
attacks: 4647714815446351872
get_bishop_attacks for square 51
occupancy after mask: 0
occupancy after magic mul: 0
occupancy after shift: 0
attacks: 1441174018118909952
get_rook_attacks for square 51
occupancy after mask: 33214047251859456
occupancy after magic mul: 6593305313787772928
occupancy after shift: 366
attacks: 582099082425141248
Enter makemove
get_bishop_attacks for square 4
occupancy after mask: 272384
occupancy after magic mul: 12764626998232350720
occupancy after shift: 22
attacks: 10240
get_rook_attacks for square 4
occupancy after mask: 4503599895810158
occupancy after magic mul: 10622042918875262976
occupancy after shift: 1179
attacks: 4136
get_bishop_attacks for square 2
occupancy after mask: 2560
occupancy after magic mul: 1175443006172430336
occupancy after shift: 2
attacks: 2560
get_bishop_attacks for square 5
occupancy after mask: 20480
occupancy after magic mul: 2930165545624227840
occupancy after shift: 5
attacks: 20480
get_rook_attacks for square 0
occupancy after mask: 281474976776574
occupancy after magic mul: 3306797234737065920
occupancy after shift: 734
attacks: 258
get_rook_attacks for square 7
occupancy after mask: 36028797027385470
occupancy after magic mul: 4553333150679318272
occupancy after shift: 1011
attacks: 32832
get_bishop_attacks for square 3
occupancy after mask: 2102272
occupancy after magic mul: 16216387500604694528
occupancy after shift: 28
attacks: 5120
get_rook_attacks for square 3
occupancy after mask: 2251799813687414
occupancy after magic mul: 1381021119838140534
occupancy after shift: 153
attacks: 2068
get_bishop_attacks for square 58
occupancy after mask: 2814749767106560
occupancy after magic mul: 2328361007350546432
occupancy after shift: 4
attacks: 2814749767106560
get_bishop_attacks for square 61
occupancy after mask: 22517998136852480
occupancy after magic mul: 2305843009213693952
occupancy after shift: 4
attacks: 22517998136852480
get_rook_attacks for square 56
occupancy after mask: 8503077571452272896
occupancy after magic mul: 1693846385522245888
occupancy after shift: 376
attacks: 144396663052566528
get_rook_attacks for square 63
occupancy after mask: 8538824893502881792
occupancy after magic mul: 11356544178996707328
occupancy after shift: 2521
attacks: 4647714815446351872
get_bishop_attacks for square 51
occupancy after mask: 0
occupancy after magic mul: 0
occupancy after shift: 0
attacks: 1441174018118909952
get_rook_attacks for square 51
occupancy after mask: 33214047251859456
occupancy after magic mul: 6593305313787772928
occupancy after shift: 366
attacks: 582099082425141248
Enter makemove
get_bishop_attacks for square 4
occupancy after mask: 272384
occupancy after magic mul: 12764626998232350720
occupancy after shift: 22
attacks: 10240
get_rook_attacks for square 4
occupancy after mask: 4503599895810158
occupancy after magic mul: 10622042918875262976
occupancy after shift: 1179
attacks: 4136
get_bishop_attacks for square 2
occupancy after mask: 2560
occupancy after magic mul: 1175443006172430336
occupancy after shift: 2
attacks: 2560
get_bishop_attacks for square 5
occupancy after mask: 20480
occupancy after magic mul: 2930165545624227840
occupancy after shift: 5
attacks: 20480
get_rook_attacks for square 0
occupancy after mask: 281474976776574
occupancy after magic mul: 3306797234737065920
occupancy after shift: 734
attacks: 258
get_rook_attacks for square 7
occupancy after mask: 36028797027385470
occupancy after magic mul: 4553333150679318272
occupancy after shift: 1011
attacks: 32832
get_bishop_attacks for square 3
occupancy after mask: 2102272
occupancy after magic mul: 16216387500604694528
occupancy after shift: 28
attacks: 5120
get_rook_attacks for square 3
occupancy after mask: 2251799813687414
occupancy after magic mul: 1381021119838140534
occupancy after shift: 153
attacks: 2068
get_bishop_attacks for square 58
occupancy after mask: 2814749767106560
occupancy after magic mul: 2328361007350546432
occupancy after shift: 4
attacks: 2814749767106560
get_bishop_attacks for square 61
occupancy after mask: 22517998136852480
occupancy after magic mul: 2305843009213693952
occupancy after shift: 4
attacks: 22517998136852480
get_rook_attacks for square 56
occupancy after mask: 8503077571452272896
occupancy after magic mul: 1693846385522245888
occupancy after shift: 376
attacks: 144396663052566528
get_rook_attacks for square 63
occupancy after mask: 8538824893502881792
occupancy after magic mul: 11356544178996707328
occupancy after shift: 2521
attacks: 4647714815446351872
get_bishop_attacks for square 51
occupancy after mask: 0
occupancy after magic mul: 0
occupancy after shift: 0
attacks: 1441174018118909952
get_rook_attacks for square 51
occupancy after mask: 33214047251859456
occupancy after magic mul: 6593305313787772928
occupancy after shift: 366
attacks: 582099082425141248
Enter makemove
get_bishop_attacks for square 4
occupancy after mask: 272384
occupancy after magic mul: 12764626998232350720
occupancy after shift: 22
attacks: 10240
get_rook_attacks for square 4
occupancy after mask: 4503599895810158
occupancy after magic mul: 10622042918875262976
occupancy after shift: 1179
attacks: 4136
get_bishop_attacks for square 2
occupancy after mask: 2560
occupancy after magic mul: 1175443006172430336
occupancy after shift: 2
attacks: 2560
get_bishop_attacks for square 5
occupancy after mask: 20480
occupancy after magic mul: 2930165545624227840
occupancy after shift: 5
attacks: 20480
get_rook_attacks for square 0
occupancy after mask: 281474976776574
occupancy after magic mul: 3306797234737065920
occupancy after shift: 734
attacks: 258
get_rook_attacks for square 7
occupancy after mask: 36028797027385470
occupancy after magic mul: 4553333150679318272
occupancy after shift: 1011
attacks: 32832
get_bishop_attacks for square 3
occupancy after mask: 2102272
occupancy after magic mul: 16216387500604694528
occupancy after shift: 28
attacks: 5120
get_rook_attacks for square 3
occupancy after mask: 2251799813687414
occupancy after magic mul: 1381021119838140534
occupancy after shift: 153
attacks: 2068
get_bishop_attacks for square 58
occupancy after mask: 2814749767106560
occupancy after magic mul: 2328361007350546432
occupancy after shift: 4
attacks: 2814749767106560
get_bishop_attacks for square 61
occupancy after mask: 22517998136852480
occupancy after magic mul: 2305843009213693952
occupancy after shift: 4
attacks: 22517998136852480
get_rook_attacks for square 56
occupancy after mask: 8503077571452272896
occupancy after magic mul: 1693846385522245888
occupancy after shift: 376
attacks: 144396663052566528
get_rook_attacks for square 63
occupancy after mask: 8538824893502881792
occupancy after magic mul: 11356544178996707328
occupancy after shift: 2521
attacks: 4647714815446351872
get_bishop_attacks for square 51
occupancy after mask: 0
occupancy after magic mul: 0
occupancy after shift: 0
attacks: 1441174018118909952
get_rook_attacks for square 51
occupancy after mask: 33214047251859456
occupancy after magic mul: 6593305313787772928
occupancy after shift: 366
attacks: 582099082425141248
Enter makemove
get_bishop_attacks for square 4
occupancy after mask: 272384
occupancy after magic mul: 12764626998232350720
occupancy after shift: 22
attacks: 10240
get_rook_attacks for square 4
occupancy after mask: 4503599895810158
occupancy after magic mul: 10622042918875262976
occupancy after shift: 1179
attacks: 4136
get_bishop_attacks for square 2
occupancy after mask: 2560
occupancy after magic mul: 1175443006172430336
occupancy after shift: 2
attacks: 2560
get_bishop_attacks for square 5
occupancy after mask: 20480
occupancy after magic mul: 2930165545624227840
occupancy after shift: 5
attacks: 20480
get_rook_attacks for square 0
occupancy after mask: 281474976776574
occupancy after magic mul: 3306797234737065920
occupancy after shift: 734
attacks: 258
get_rook_attacks for square 7
occupancy after mask: 36028797027385470
occupancy after magic mul: 4553333150679318272
occupancy after shift: 1011
attacks: 32832
get_bishop_attacks for square 3
occupancy after mask: 2102272
occupancy after magic mul: 16216387500604694528
occupancy after shift: 28
attacks: 5120
get_rook_attacks for square 3
occupancy after mask: 2251799813687414
occupancy after magic mul: 1381021119838140534
occupancy after shift: 153
attacks: 2068
get_bishop_attacks for square 58
occupancy after mask: 2814749767106560
occupancy after magic mul: 2328361007350546432
occupancy after shift: 4
attacks: 2814749767106560
get_bishop_attacks for square 61
occupancy after mask: 22517998136852480
occupancy after magic mul: 2305843009213693952
occupancy after shift: 4
attacks: 22517998136852480
get_rook_attacks for square 56
occupancy after mask: 8503077571452272896
occupancy after magic mul: 1693846385522245888
occupancy after shift: 376
attacks: 144396663052566528
get_rook_attacks for square 63
occupancy after mask: 8538824893502881792
occupancy after magic mul: 11356544178996707328
occupancy after shift: 2521
attacks: 4647714815446351872
get_bishop_attacks for square 51
occupancy after mask: 0
occupancy after magic mul: 0
occupancy after shift: 0
attacks: 1441174018118909952
get_rook_attacks for square 51
occupancy after mask: 33214047251859456
occupancy after magic mul: 6593305313787772928
occupancy after shift: 366
attacks: 582099082425141248
Enter makemove
get_bishop_attacks for square 4
occupancy after mask: 272384
occupancy after magic mul: 12764626998232350720
occupancy after shift: 22
attacks: 10240
get_rook_attacks for square 4
occupancy after mask: 4503599895810158
occupancy after magic mul: 10622042918875262976
occupancy after shift: 1179
attacks: 4136
get_bishop_attacks for square 2
occupancy after mask: 2560
occupancy after magic mul: 1175443006172430336
occupancy after shift: 2
attacks: 2560
get_bishop_attacks for square 5
occupancy after mask: 20480
occupancy after magic mul: 2930165545624227840
occupancy after shift: 5
attacks: 20480
get_rook_attacks for square 0
occupancy after mask: 281474976776574
occupancy after magic mul: 3306797234737065920
occupancy after shift: 734
attacks: 258
get_rook_attacks for square 7
occupancy after mask: 36028797027385470
occupancy after magic mul: 4553333150679318272
occupancy after shift: 1011
attacks: 32832
get_bishop_attacks for square 3
occupancy after mask: 2102272
occupancy after magic mul: 16216387500604694528
occupancy after shift: 28
attacks: 5120
get_rook_attacks for square 3
occupancy after mask: 2251799813687414
occupancy after magic mul: 1381021119838140534
occupancy after shift: 153
attacks: 2068
get_bishop_attacks for square 58
occupancy after mask: 2814749767106560
occupancy after magic mul: 2328361007350546432
occupancy after shift: 4
attacks: 2814749767106560
get_bishop_attacks for square 61
occupancy after mask: 22517998136852480
occupancy after magic mul: 2305843009213693952
occupancy after shift: 4
attacks: 22517998136852480
get_rook_attacks for square 56
occupancy after mask: 8503077571452272896
occupancy after magic mul: 1693846385522245888
occupancy after shift: 376
attacks: 144396663052566528
get_rook_attacks for square 63
occupancy after mask: 8538824893502881792
occupancy after magic mul: 11356544178996707328
occupancy after shift: 2521
attacks: 4647714815446351872
get_bishop_attacks for square 51
occupancy after mask: 0
occupancy after magic mul: 0
occupancy after shift: 0
attacks: 1441174018118909952
get_rook_attacks for square 51
occupancy after mask: 33214047251859456
occupancy after magic mul: 6593305313787772928
occupancy after shift: 366
attacks: 582099082425141248
Enter makemove
get_bishop_attacks for square 4
occupancy after mask: 272384
occupancy after magic mul: 12764626998232350720
occupancy after shift: 22
attacks: 10240
get_rook_attacks for square 4
occupancy after mask: 4503599895810158
occupancy after magic mul: 10622042918875262976
occupancy after shift: 1179
attacks: 4136
get_bishop_attacks for square 2
occupancy after mask: 2560
occupancy after magic mul: 1175443006172430336
occupancy after shift: 2
attacks: 2560
get_bishop_attacks for square 5
occupancy after mask: 20480
occupancy after magic mul: 2930165545624227840
occupancy after shift: 5
attacks: 20480
get_rook_attacks for square 0
occupancy after mask: 281474976776574
occupancy after magic mul: 3306797234737065920
occupancy after shift: 734
attacks: 258
get_rook_attacks for square 7
occupancy after mask: 36028797027385470
occupancy after magic mul: 4553333150679318272
occupancy after shift: 1011
attacks: 32832
get_bishop_attacks for square 3
occupancy after mask: 2102272
occupancy after magic mul: 16216387500604694528
occupancy after shift: 28
attacks: 5120
get_rook_attacks for square 3
occupancy after mask: 2251799813687414
occupancy after magic mul: 1381021119838140534
occupancy after shift: 153
attacks: 2068
get_bishop_attacks for square 58
occupancy after mask: 2814749767106560
occupancy after magic mul: 2328361007350546432
occupancy after shift: 4
attacks: 2814749767106560
get_bishop_attacks for square 61
occupancy after mask: 22517998136852480
occupancy after magic mul: 2305843009213693952
occupancy after shift: 4
attacks: 22517998136852480
get_rook_attacks for square 56
occupancy after mask: 8503077571452272896
occupancy after magic mul: 1693846385522245888
occupancy after shift: 376
attacks: 144396663052566528
get_rook_attacks for square 63
occupancy after mask: 8538824893502881792
occupancy after magic mul: 11356544178996707328
occupancy after shift: 2521
attacks: 4647714815446351872
get_bishop_attacks for square 51
occupancy after mask: 0
occupancy after magic mul: 0
occupancy after shift: 0
attacks: 1441174018118909952
get_rook_attacks for square 51
occupancy after mask: 33214047251859456
occupancy after magic mul: 6593305313787772928
occupancy after shift: 366
attacks: 582099082425141248
get_bishop_attacks for square 58
occupancy after mask: 2814749767106560
occupancy after magic mul: 2328361007350546432
occupancy after shift: 4
attacks: 2814749767106560
get_bishop_attacks for square 61
occupancy after mask: 22517998136852480
occupancy after magic mul: 2305843009213693952
occupancy after shift: 4
attacks: 22517998136852480
get_rook_attacks for square 56
occupancy after mask: 8503077571452272896
occupancy after magic mul: 1693846385522245888
occupancy after shift: 376
attacks: 144396663052566528
get_rook_attacks for square 63
occupancy after mask: 8538824893502881792
occupancy after magic mul: 11356544178996707328
occupancy after shift: 2521
attacks: 4647714815446351872
get_rook_attacks for square 51
occupancy after mask: 33214047251859456
occupancy after magic mul: 6593305313787772928
occupancy after shift: 366
attacks: 582099082425141248
get_bishop_attacks for square 51
occupancy after mask: 0
occupancy after magic mul: 0
occupancy after shift: 0
attacks: 1441174018118909952
Enter makemove
get_bishop_attacks for square 60
occupancy after mask: 11258999068426240
occupancy after magic mul: 2938598756859248640
occupancy after shift: 5
attacks: 11258999068426240
get_rook_attacks for square 60
occupancy after mask: 7354378191764459520
occupancy after magic mul: 3252304001923817472
occupancy after shift: 361
attacks: 3175037737296199680
get_bishop_attacks for square 2
occupancy after mask: 2560
occupancy after magic mul: 1175443006172430336
occupancy after shift: 2
attacks: 2560
get_bishop_attacks for square 5
occupancy after mask: 20480
occupancy after magic mul: 2930165545624227840
occupancy after shift: 5
attacks: 20480
get_rook_attacks for square 0
occupancy after mask: 281474976776574
occupancy after magic mul: 3306797234737065920
occupancy after shift: 734
attacks: 258
get_rook_attacks for square 7
occupancy after mask: 36028797027385470
occupancy after magic mul: 4553333150679318272
occupancy after shift: 1011
attacks: 32832
get_bishop_attacks for square 3
occupancy after mask: 2102272
occupancy after magic mul: 16216387500604694528
occupancy after shift: 28
attacks: 5120
get_rook_attacks for square 3
occupancy after mask: 2251799813687414
occupancy after magic mul: 1381021119838140534
occupancy after shift: 153
attacks: 2068
get_bishop_attacks for square 58
occupancy after mask: 2814749767106560
occupancy after magic mul: 2328361007350546432
occupancy after shift: 4
attacks: 2814749767106560
get_bishop_attacks for square 61
occupancy after mask: 22517998136852480
occupancy after magic mul: 2305843009213693952
occupancy after shift: 4
attacks: 22517998136852480
get_rook_attacks for square 56
occupancy after mask: 8503077571452272896
occupancy after magic mul: 1693846385522245888
occupancy after shift: 376
attacks: 144396663052566528
get_rook_attacks for square 63
occupancy after mask: 8538824893502881792
occupancy after magic mul: 11356544178996707328
occupancy after shift: 2521
attacks: 4647714815446351872
get_bishop_attacks for square 51
occupancy after mask: 0
occupancy after magic mul: 0
occupancy after shift: 0
attacks: 1441174018118909952
get_rook_attacks for square 51
occupancy after mask: 33214047251859456
occupancy after magic mul: 6593305313787772928
occupancy after shift: 366
attacks: 582099082425141248
Enter makemove
get_bishop_attacks for square 60
occupancy after mask: 11258999068426240
occupancy after magic mul: 2938598756859248640
occupancy after shift: 5
attacks: 11258999068426240
get_rook_attacks for square 60
occupancy after mask: 5048535182550765568
occupancy after magic mul: 17087362057205981184
occupancy after shift: 1897
attacks: 7786723755723587584
get_bishop_attacks for square 2
occupancy after mask: 2560
occupancy after magic mul: 1175443006172430336
occupancy after shift: 2
attacks: 2560
get_bishop_attacks for square 5
occupancy after mask: 20480
occupancy after magic mul: 2930165545624227840
occupancy after shift: 5
attacks: 20480
get_rook_attacks for square 0
occupancy after mask: 281474976776574
occupancy after magic mul: 3306797234737065920
occupancy after shift: 734
attacks: 258
get_rook_attacks for square 7
occupancy after mask: 36028797027385470
occupancy after magic mul: 4553333150679318272
occupancy after shift: 1011
attacks: 32832
get_bishop_attacks for square 3
occupancy after mask: 2102272
occupancy after magic mul: 16216387500604694528
occupancy after shift: 28
attacks: 5120
get_rook_attacks for square 3
occupancy after mask: 2251799813687414
occupancy after magic mul: 1381021119838140534
occupancy after shift: 153
attacks: 2068
get_bishop_attacks for square 52
occupancy after mask: 0
occupancy after magic mul: 0
occupancy after shift: 0
attacks: 2882348036221108224
get_bishop_attacks for square 58
occupancy after mask: 2814749767106560
occupancy after magic mul: 2328361007350546432
occupancy after shift: 4
attacks: 2814749767106560
get_rook_attacks for square 56
occupancy after mask: 6197234562238578944
occupancy after magic mul: 17834747450018103552
occupancy after shift: 3960
attacks: 144396663052566528
get_rook_attacks for square 63
occupancy after mask: 6232981884289187840
occupancy after magic mul: 6744858160569319424
occupancy after shift: 1497
attacks: 4647714815446351872
get_bishop_attacks for square 51
occupancy after mask: 0
occupancy after magic mul: 0
occupancy after shift: 0
attacks: 1441174018118909952
get_rook_attacks for square 51
occupancy after mask: 33214047251859456
occupancy after magic mul: 6593305313787772928
occupancy after shift: 366
attacks: 582099082425141248
get_bishop_attacks for square 2
occupancy after mask: 2560
occupancy after magic mul: 1175443006172430336
occupancy after shift: 2
attacks: 2560
get_bishop_attacks for square 5
occupancy after mask: 20480
occupancy after magic mul: 2930165545624227840
occupancy after shift: 5
attacks: 20480
get_rook_attacks for square 0
occupancy after mask: 281474976776574
occupancy after magic mul: 3306797234737065920
occupancy after shift: 734
attacks: 258
get_rook_attacks for square 7
occupancy after mask: 36028797027385470
occupancy after magic mul: 4553333150679318272
occupancy after shift: 1011
attacks: 32832
get_rook_attacks for square 3
occupancy after mask: 2251799813687414
occupancy after magic mul: 1381021119838140534
occupancy after shift: 153
attacks: 2068
get_bishop_attacks for square 3
occupancy after mask: 2102272
occupancy after magic mul: 16216387500604694528
occupancy after shift: 28
attacks: 5120
Enter makemove
get_bishop_attacks for square 4
occupancy after mask: 272384
occupancy after magic mul: 12764626998232350720
occupancy after shift: 22
attacks: 10240
get_rook_attacks for square 4
occupancy after mask: 4503599895810158
occupancy after magic mul: 10622042918875262976
occupancy after shift: 1179
attacks: 4136
get_bishop_attacks for square 2
occupancy after mask: 2560
occupancy after magic mul: 1175443006172430336
occupancy after shift: 2
attacks: 2560
get_bishop_attacks for square 5
occupancy after mask: 20480
occupancy after magic mul: 2930165545624227840
occupancy after shift: 5
attacks: 20480
get_rook_attacks for square 0
occupancy after mask: 281474976776574
occupancy after magic mul: 3306797234737065920
occupancy after shift: 734
attacks: 258
get_rook_attacks for square 7
occupancy after mask: 36028797027385470
occupancy after magic mul: 4553333150679318272
occupancy after shift: 1011
attacks: 32832
get_bishop_attacks for square 3
occupancy after mask: 2102272
occupancy after magic mul: 16216387500604694528
occupancy after shift: 28
attacks: 5120
get_rook_attacks for square 3
occupancy after mask: 2251799813687414
occupancy after magic mul: 1381021119838140534
occupancy after shift: 153
attacks: 2068
get_bishop_attacks for square 52
occupancy after mask: 0
occupancy after magic mul: 0
occupancy after shift: 0
attacks: 2882348036221108224
get_bishop_attacks for square 58
occupancy after mask: 2814749767106560
occupancy after magic mul: 2328361007350546432
occupancy after shift: 4
attacks: 2814749767106560
get_rook_attacks for square 56
occupancy after mask: 6197234562238578944
occupancy after magic mul: 17834747450018103552
occupancy after shift: 3960
attacks: 144396663052566528
get_rook_attacks for square 63
occupancy after mask: 6232981884289187840
occupancy after magic mul: 6744858160569319424
occupancy after shift: 1497
attacks: 4647714815446351872
get_bishop_attacks for square 51
occupancy after mask: 0
occupancy after magic mul: 0
occupancy after shift: 0
attacks: 1441174018118909952
get_rook_attacks for square 51
occupancy after mask: 33214047251859456
occupancy after magic mul: 6593305313787772928
occupancy after shift: 366
attacks: 582099082425141248
Enter makemove
get_bishop_attacks for square 4
occupancy after mask: 272384
occupancy after magic mul: 12764626998232350720
occupancy after shift: 22
attacks: 10240
get_rook_attacks for square 4
occupancy after mask: 4503599895810158
occupancy after magic mul: 10622042918875262976
occupancy after shift: 1179
attacks: 4136
get_bishop_attacks for square 2
occupancy after mask: 2560
occupancy after magic mul: 1175443006172430336
occupancy after shift: 2
attacks: 2560
get_bishop_attacks for square 5
occupancy after mask: 20480
occupancy after magic mul: 2930165545624227840
occupancy after shift: 5
attacks: 20480
get_rook_attacks for square 0
occupancy after mask: 281474976776574
occupancy after magic mul: 3306797234737065920
occupancy after shift: 734
attacks: 258
get_rook_attacks for square 7
occupancy after mask: 36028797027385470
occupancy after magic mul: 4553333150679318272
occupancy after shift: 1011
attacks: 32832
get_bishop_attacks for square 3
occupancy after mask: 2102272
occupancy after magic mul: 16216387500604694528
occupancy after shift: 28
attacks: 5120
get_rook_attacks for square 3
occupancy after mask: 2251799813687414
occupancy after magic mul: 1381021119838140534
occupancy after shift: 153
attacks: 2068
get_bishop_attacks for square 52
occupancy after mask: 0
occupancy after magic mul: 0
occupancy after shift: 0
attacks: 2882348036221108224
get_bishop_attacks for square 58
occupancy after mask: 2814749767106560
occupancy after magic mul: 2328361007350546432
occupancy after shift: 4
attacks: 2814749767106560
get_rook_attacks for square 56
occupancy after mask: 6197234562238578944
occupancy after magic mul: 17834747450018103552
occupancy after shift: 3960
attacks: 144396663052566528
get_rook_attacks for square 63
occupancy after mask: 6232981884289187840
occupancy after magic mul: 6744858160569319424
occupancy after shift: 1497
attacks: 4647714815446351872
get_bishop_attacks for square 51
occupancy after mask: 0
occupancy after magic mul: 0
occupancy after shift: 0
attacks: 1441174018118909952
get_rook_attacks for square 51
occupancy after mask: 33214047251859456
occupancy after magic mul: 6593305313787772928
occupancy after shift: 366
attacks: 582099082425141248
Enter makemove
get_bishop_attacks for square 4
occupancy after mask: 272384
occupancy after magic mul: 12764626998232350720
occupancy after shift: 22
attacks: 10240
get_rook_attacks for square 4
occupancy after mask: 4503599895810158
occupancy after magic mul: 10622042918875262976
occupancy after shift: 1179
attacks: 4136
get_bishop_attacks for square 2
occupancy after mask: 2560
occupancy after magic mul: 1175443006172430336
occupancy after shift: 2
attacks: 2560
get_bishop_attacks for square 5
occupancy after mask: 20480
occupancy after magic mul: 2930165545624227840
occupancy after shift: 5
attacks: 20480
get_rook_attacks for square 0
occupancy after mask: 281474976776574
occupancy after magic mul: 3306797234737065920
occupancy after shift: 734
attacks: 258
get_rook_attacks for square 7
occupancy after mask: 36028797027385470
occupancy after magic mul: 4553333150679318272
occupancy after shift: 1011
attacks: 32832
get_bishop_attacks for square 3
occupancy after mask: 2102272
occupancy after magic mul: 16216387500604694528
occupancy after shift: 28
attacks: 5120
get_rook_attacks for square 3
occupancy after mask: 2251799813687414
occupancy after magic mul: 1381021119838140534
occupancy after shift: 153
attacks: 2068
get_bishop_attacks for square 52
occupancy after mask: 0
occupancy after magic mul: 0
occupancy after shift: 0
attacks: 2882348036221108224
get_bishop_attacks for square 58
occupancy after mask: 2814749767106560
occupancy after magic mul: 2328361007350546432
occupancy after shift: 4
attacks: 2814749767106560
get_rook_attacks for square 56
occupancy after mask: 6197234562238578944
occupancy after magic mul: 17834747450018103552
occupancy after shift: 3960
attacks: 144396663052566528
get_rook_attacks for square 63
occupancy after mask: 6232981884289187840
occupancy after magic mul: 6744858160569319424
occupancy after shift: 1497
attacks: 4647714815446351872
get_bishop_attacks for square 51
occupancy after mask: 0
occupancy after magic mul: 0
occupancy after shift: 0
attacks: 1441174018118909952
get_rook_attacks for square 51
occupancy after mask: 33214047251859456
occupancy after magic mul: 6593305313787772928
occupancy after shift: 366
attacks: 582099082425141248
get_bishop_attacks for square 52
occupancy after mask: 0
occupancy after magic mul: 0
occupancy after shift: 0
attacks: 2882348036221108224
get_bishop_attacks for square 58
occupancy after mask: 2814749767106560
occupancy after magic mul: 2328361007350546432
occupancy after shift: 4
attacks: 2814749767106560
get_rook_attacks for square 56
occupancy after mask: 6197234562238578944
occupancy after magic mul: 17834747450018103552
occupancy after shift: 3960
attacks: 144396663052566528
get_rook_attacks for square 63
occupancy after mask: 6232981884289187840
occupancy after magic mul: 6744858160569319424
occupancy after shift: 1497
attacks: 4647714815446351872
get_rook_attacks for square 51
occupancy after mask: 33214047251859456
occupancy after magic mul: 6593305313787772928
occupancy after shift: 366
attacks: 582099082425141248
get_bishop_attacks for square 51
occupancy after mask: 0
occupancy after magic mul: 0
occupancy after shift: 0
attacks: 1441174018118909952
Enter makemove
get_bishop_attacks for square 60
occupancy after mask: 11258999068426240
occupancy after magic mul: 2938598756859248640
occupancy after shift: 5
attacks: 11258999068426240
get_rook_attacks for square 60
occupancy after mask: 5048535182550765568
occupancy after magic mul: 17087362057205981184
occupancy after shift: 1897
attacks: 7786723755723587584
get_bishop_attacks for square 2
occupancy after mask: 2560
occupancy after magic mul: 1175443006172430336
occupancy after shift: 2
attacks: 2560
get_bishop_attacks for square 5
occupancy after mask: 20480
occupancy after magic mul: 2930165545624227840
occupancy after shift: 5
attacks: 20480
get_rook_attacks for square 0
occupancy after mask: 281474976776574
occupancy after magic mul: 3306797234737065920
occupancy after shift: 734
attacks: 258
get_rook_attacks for square 7
occupancy after mask: 36028797027385470
occupancy after magic mul: 4553333150679318272
occupancy after shift: 1011
attacks: 32832
get_bishop_attacks for square 3
occupancy after mask: 2102272
occupancy after magic mul: 16216387500604694528
occupancy after shift: 28
attacks: 5120
get_rook_attacks for square 3
occupancy after mask: 2251799813687414
occupancy after magic mul: 1381021119838140534
occupancy after shift: 153
attacks: 2068
get_bishop_attacks for square 52
occupancy after mask: 0
occupancy after magic mul: 0
occupancy after shift: 0
attacks: 2882348036221108224
get_bishop_attacks for square 58
occupancy after mask: 2814749767106560
occupancy after magic mul: 2328361007350546432
occupancy after shift: 4
attacks: 2814749767106560
get_rook_attacks for square 57
occupancy after mask: 6053400849139368448
occupancy after magic mul: 1009440736925057536
occupancy after shift: 112
attacks: 360850920143060992
get_rook_attacks for square 63
occupancy after mask: 6232981884289187840
occupancy after magic mul: 6744858160569319424
occupancy after shift: 1497
attacks: 4647714815446351872
get_bishop_attacks for square 51
occupancy after mask: 0
occupancy after magic mul: 0
occupancy after shift: 0
attacks: 1441174018118909952
get_rook_attacks for square 51
occupancy after mask: 33214047251859456
occupancy after magic mul: 6593305313787772928
occupancy after shift: 366
attacks: 582099082425141248
Enter makemove
get_bishop_attacks for square 60
occupancy after mask: 11258999068426240
occupancy after magic mul: 2938598756859248640
occupancy after shift: 5
attacks: 11258999068426240
get_rook_attacks for square 60
occupancy after mask: 5048535182550765568
occupancy after magic mul: 17087362057205981184
occupancy after shift: 1897
attacks: 7786723755723587584
get_bishop_attacks for square 2
occupancy after mask: 2560
occupancy after magic mul: 1175443006172430336
occupancy after shift: 2
attacks: 2560
get_bishop_attacks for square 5
occupancy after mask: 20480
occupancy after magic mul: 2930165545624227840
occupancy after shift: 5
attacks: 20480
get_rook_attacks for square 0
occupancy after mask: 281474976776574
occupancy after magic mul: 3306797234737065920
occupancy after shift: 734
attacks: 258
get_rook_attacks for square 7
occupancy after mask: 36028797027385470
occupancy after magic mul: 4553333150679318272
occupancy after shift: 1011
attacks: 32832
get_bishop_attacks for square 3
occupancy after mask: 2102272
occupancy after magic mul: 16216387500604694528
occupancy after shift: 28
attacks: 5120
get_rook_attacks for square 3
occupancy after mask: 2251799813687414
occupancy after magic mul: 1381021119838140534
occupancy after shift: 153
attacks: 2068
get_bishop_attacks for square 52
occupancy after mask: 0
occupancy after magic mul: 0
occupancy after shift: 0
attacks: 2882348036221108224
get_bishop_attacks for square 58
occupancy after mask: 2814749767106560
occupancy after magic mul: 2328361007350546432
occupancy after shift: 4
attacks: 2814749767106560
get_rook_attacks for square 56
occupancy after mask: 6197234562238578944
occupancy after magic mul: 17834747450018103552
occupancy after shift: 3960
attacks: 144396663052566528
get_rook_attacks for square 62
occupancy after mask: 1603281467343912960
occupancy after magic mul: 8738111378178506752
occupancy after shift: 970
attacks: 12700150949184798720
get_bishop_attacks for square 51
occupancy after mask: 0
occupancy after magic mul: 0
occupancy after shift: 0
attacks: 1441174018118909952
get_rook_attacks for square 51
occupancy after mask: 33214047251859456
occupancy after magic mul: 6593305313787772928
occupancy after shift: 366
attacks: 582099082425141248
Enter makemove
get_bishop_attacks for square 60
occupancy after mask: 9007199254740992
occupancy after magic mul: 2350879005487398912
occupancy after shift: 4
attacks: 11263405721649152
get_rook_attacks for square 60
occupancy after mask: 5048535182550765568
occupancy after magic mul: 17087362057205981184
occupancy after shift: 1897
attacks: 7786723755723587584
get_bishop_attacks for square 2
occupancy after mask: 2560
occupancy after magic mul: 1175443006172430336
occupancy after shift: 2
attacks: 2560
get_bishop_attacks for square 5
occupancy after mask: 20480
occupancy after magic mul: 2930165545624227840
occupancy after shift: 5
attacks: 20480
get_rook_attacks for square 0
occupancy after mask: 281474976776574
occupancy after magic mul: 3306797234737065920
occupancy after shift: 734
attacks: 258
get_rook_attacks for square 7
occupancy after mask: 36028797027385470
occupancy after magic mul: 4553333150679318272
occupancy after shift: 1011
attacks: 32832
get_bishop_attacks for square 3
occupancy after mask: 2102272
occupancy after magic mul: 16216387500604694528
occupancy after shift: 28
attacks: 5120
get_rook_attacks for square 3
occupancy after mask: 2166
occupancy after magic mul: 15213827375306618998
occupancy after shift: 1689
attacks: 2068
get_bishop_attacks for square 52
occupancy after mask: 0
occupancy after magic mul: 0
occupancy after shift: 0
attacks: 2882348036221108224
get_bishop_attacks for square 58
occupancy after mask: 562949953421312
occupancy after magic mul: 11533718645695840256
occupancy after shift: 20
attacks: 2832480474234880
get_rook_attacks for square 56
occupancy after mask: 6197234562238578944
occupancy after magic mul: 17834747450018103552
occupancy after shift: 3960
attacks: 144396663052566528
get_rook_attacks for square 63
occupancy after mask: 6232981884289187840
occupancy after magic mul: 6744858160569319424
occupancy after shift: 1497
attacks: 4647714815446351872
get_bishop_attacks for square 51
occupancy after mask: 0
occupancy after magic mul: 0
occupancy after shift: 0
attacks: 1441174018118909952
get_rook_attacks for square 51
occupancy after mask: 33214047251859456
occupancy after magic mul: 6593305313787772928
occupancy after shift: 366
attacks: 582099082425141248
Enter makemove
get_bishop_attacks for square 60
occupancy after mask: 9007199254740992
occupancy after magic mul: 2350879005487398912
occupancy after shift: 4
attacks: 11263405721649152
get_rook_attacks for square 60
occupancy after mask: 5048535182550765568
occupancy after magic mul: 17087362057205981184
occupancy after shift: 1897
attacks: 7786723755723587584
get_bishop_attacks for square 2
occupancy after mask: 2560
occupancy after magic mul: 1175443006172430336
occupancy after shift: 2
attacks: 2560
get_bishop_attacks for square 5
occupancy after mask: 20480
occupancy after magic mul: 2930165545624227840
occupancy after shift: 5
attacks: 20480
get_rook_attacks for square 0
occupancy after mask: 281474976776574
occupancy after magic mul: 3306797234737065920
occupancy after shift: 734
attacks: 258
get_rook_attacks for square 7
occupancy after mask: 36028797027385470
occupancy after magic mul: 4553333150679318272
occupancy after shift: 1011
attacks: 32832
get_bishop_attacks for square 3
occupancy after mask: 2102272
occupancy after magic mul: 16216387500604694528
occupancy after shift: 28
attacks: 5120
get_rook_attacks for square 3
occupancy after mask: 2166
occupancy after magic mul: 15213827375306618998
occupancy after shift: 1689
attacks: 2068
get_bishop_attacks for square 52
occupancy after mask: 0
occupancy after magic mul: 0
occupancy after shift: 0
attacks: 2882348036221108224
get_bishop_attacks for square 58
occupancy after mask: 562949953421312
occupancy after magic mul: 11533718645695840256
occupancy after shift: 20
attacks: 2832480474234880
get_rook_attacks for square 56
occupancy after mask: 6197234562238578944
occupancy after magic mul: 17834747450018103552
occupancy after shift: 3960
attacks: 144396663052566528
get_rook_attacks for square 63
occupancy after mask: 6232981884289187840
occupancy after magic mul: 6744858160569319424
occupancy after shift: 1497
attacks: 4647714815446351872
get_bishop_attacks for square 51
occupancy after mask: 0
occupancy after magic mul: 0
occupancy after shift: 0
attacks: 1441174018118909952
get_rook_attacks for square 51
occupancy after mask: 33214047251859456
occupancy after magic mul: 6593305313787772928
occupancy after shift: 366
attacks: 582099082425141248
Enter makemove
get_bishop_attacks for square 60
occupancy after mask: 11258999068426240
occupancy after magic mul: 2938598756859248640
occupancy after shift: 5
attacks: 11258999068426240
get_rook_attacks for square 60
occupancy after mask: 7354378191764459520
occupancy after magic mul: 3252304001923817472
occupancy after shift: 361
attacks: 3175037737296199680
get_bishop_attacks for square 2
occupancy after mask: 2560
occupancy after magic mul: 1175443006172430336
occupancy after shift: 2
attacks: 2560
get_bishop_attacks for square 5
occupancy after mask: 20480
occupancy after magic mul: 2930165545624227840
occupancy after shift: 5
attacks: 20480
get_rook_attacks for square 0
occupancy after mask: 281474976776574
occupancy after magic mul: 3306797234737065920
occupancy after shift: 734
attacks: 258
get_rook_attacks for square 7
occupancy after mask: 36028797027385470
occupancy after magic mul: 4553333150679318272
occupancy after shift: 1011
attacks: 32832
get_bishop_attacks for square 3
occupancy after mask: 2102272
occupancy after magic mul: 16216387500604694528
occupancy after shift: 28
attacks: 5120
get_rook_attacks for square 3
occupancy after mask: 2251799813687414
occupancy after magic mul: 1381021119838140534
occupancy after shift: 153
attacks: 2068
get_bishop_attacks for square 58
occupancy after mask: 2814749767106560
occupancy after magic mul: 2328361007350546432
occupancy after shift: 4
attacks: 2814749767106560
get_bishop_attacks for square 61
occupancy after mask: 22517998136852480
occupancy after magic mul: 2305843009213693952
occupancy after shift: 4
attacks: 22517998136852480
get_rook_attacks for square 57
occupancy after mask: 8359243858353062400
occupancy after magic mul: 3315283746138751488
occupancy after shift: 368
attacks: 360850920143060992
get_rook_attacks for square 63
occupancy after mask: 8538824893502881792
occupancy after magic mul: 11356544178996707328
occupancy after shift: 2521
attacks: 4647714815446351872
get_bishop_attacks for square 51
occupancy after mask: 0
occupancy after magic mul: 0
occupancy after shift: 0
attacks: 1441174018118909952
get_rook_attacks for square 51
occupancy after mask: 33214047251859456
occupancy after magic mul: 6593305313787772928
occupancy after shift: 366
attacks: 582099082425141248
Enter makemove
get_bishop_attacks for square 60
occupancy after mask: 11258999068426240
occupancy after magic mul: 2938598756859248640
occupancy after shift: 5
attacks: 11258999068426240
get_rook_attacks for square 60
occupancy after mask: 7354378191764459520
occupancy after magic mul: 3252304001923817472
occupancy after shift: 361
attacks: 3175037737296199680
get_bishop_attacks for square 2
occupancy after mask: 2560
occupancy after magic mul: 1175443006172430336
occupancy after shift: 2
attacks: 2560
get_bishop_attacks for square 5
occupancy after mask: 20480
occupancy after magic mul: 2930165545624227840
occupancy after shift: 5
attacks: 20480
get_rook_attacks for square 0
occupancy after mask: 281474976776574
occupancy after magic mul: 3306797234737065920
occupancy after shift: 734
attacks: 258
get_rook_attacks for square 7
occupancy after mask: 36028797027385470
occupancy after magic mul: 4553333150679318272
occupancy after shift: 1011
attacks: 32832
get_bishop_attacks for square 3
occupancy after mask: 2102272
occupancy after magic mul: 16216387500604694528
occupancy after shift: 28
attacks: 5120
get_rook_attacks for square 3
occupancy after mask: 2251799813687414
occupancy after magic mul: 1381021119838140534
occupancy after shift: 153
attacks: 2068
get_bishop_attacks for square 58
occupancy after mask: 2814749767106560
occupancy after magic mul: 2328361007350546432
occupancy after shift: 4
attacks: 2814749767106560
get_bishop_attacks for square 61
occupancy after mask: 22517998136852480
occupancy after magic mul: 2305843009213693952
occupancy after shift: 4
attacks: 22517998136852480
get_rook_attacks for square 56
occupancy after mask: 8503077571452272896
occupancy after magic mul: 1693846385522245888
occupancy after shift: 376
attacks: 144396663052566528
get_rook_attacks for square 62
occupancy after mask: 3909124476557606912
occupancy after magic mul: 17961483415033282560
occupancy after shift: 1994
attacks: 11547229444577951744
get_bishop_attacks for square 51
occupancy after mask: 0
occupancy after magic mul: 0
occupancy after shift: 0
attacks: 1441174018118909952
get_rook_attacks for square 51
occupancy after mask: 33214047251859456
occupancy after magic mul: 6593305313787772928
occupancy after shift: 366
attacks: 582099082425141248
Enter makemove
get_bishop_attacks for square 60
occupancy after mask: 9007199254740992
occupancy after magic mul: 2350879005487398912
occupancy after shift: 4
attacks: 11263405721649152
get_rook_attacks for square 60
occupancy after mask: 7354378191764459520
occupancy after magic mul: 3252304001923817472
occupancy after shift: 361
attacks: 3175037737296199680
get_bishop_attacks for square 2
occupancy after mask: 2560
occupancy after magic mul: 1175443006172430336
occupancy after shift: 2
attacks: 2560
get_bishop_attacks for square 5
occupancy after mask: 20480
occupancy after magic mul: 2930165545624227840
occupancy after shift: 5
attacks: 20480
get_rook_attacks for square 0
occupancy after mask: 281474976776574
occupancy after magic mul: 3306797234737065920
occupancy after shift: 734
attacks: 258
get_rook_attacks for square 7
occupancy after mask: 36028797027385470
occupancy after magic mul: 4553333150679318272
occupancy after shift: 1011
attacks: 32832
get_bishop_attacks for square 3
occupancy after mask: 2102272
occupancy after magic mul: 16216387500604694528
occupancy after shift: 28
attacks: 5120
get_rook_attacks for square 3
occupancy after mask: 2166
occupancy after magic mul: 15213827375306618998
occupancy after shift: 1689
attacks: 2068
get_bishop_attacks for square 58
occupancy after mask: 562949953421312
occupancy after magic mul: 11533718645695840256
occupancy after shift: 20
attacks: 2832480474234880
get_bishop_attacks for square 61
occupancy after mask: 22517998136852480
occupancy after magic mul: 2305843009213693952
occupancy after shift: 4
attacks: 22517998136852480
get_rook_attacks for square 56
occupancy after mask: 8503077571452272896
occupancy after magic mul: 1693846385522245888
occupancy after shift: 376
attacks: 144396663052566528
get_rook_attacks for square 63
occupancy after mask: 8538824893502881792
occupancy after magic mul: 11356544178996707328
occupancy after shift: 2521
attacks: 4647714815446351872
get_bishop_attacks for square 51
occupancy after mask: 0
occupancy after magic mul: 0
occupancy after shift: 0
attacks: 1441174018118909952
get_rook_attacks for square 51
occupancy after mask: 33214047251859456
occupancy after magic mul: 6593305313787772928
occupancy after shift: 366
attacks: 582099082425141248
Enter makemove
get_bishop_attacks for square 60
occupancy after mask: 9007199254740992
occupancy after magic mul: 2350879005487398912
occupancy after shift: 4
attacks: 11263405721649152
get_rook_attacks for square 60
occupancy after mask: 7354378191764459520
occupancy after magic mul: 3252304001923817472
occupancy after shift: 361
attacks: 3175037737296199680
get_bishop_attacks for square 2
occupancy after mask: 2560
occupancy after magic mul: 1175443006172430336
occupancy after shift: 2
attacks: 2560
get_bishop_attacks for square 5
occupancy after mask: 20480
occupancy after magic mul: 2930165545624227840
occupancy after shift: 5
attacks: 20480
get_rook_attacks for square 0
occupancy after mask: 281474976776574
occupancy after magic mul: 3306797234737065920
occupancy after shift: 734
attacks: 258
get_rook_attacks for square 7
occupancy after mask: 36028797027385470
occupancy after magic mul: 4553333150679318272
occupancy after shift: 1011
attacks: 32832
get_bishop_attacks for square 3
occupancy after mask: 2102272
occupancy after magic mul: 16216387500604694528
occupancy after shift: 28
attacks: 5120
get_rook_attacks for square 3
occupancy after mask: 2166
occupancy after magic mul: 15213827375306618998
occupancy after shift: 1689
attacks: 2068
get_bishop_attacks for square 58
occupancy after mask: 562949953421312
occupancy after magic mul: 11533718645695840256
occupancy after shift: 20
attacks: 2832480474234880
get_bishop_attacks for square 61
occupancy after mask: 22517998136852480
occupancy after magic mul: 2305843009213693952
occupancy after shift: 4
attacks: 22517998136852480
get_rook_attacks for square 56
occupancy after mask: 8503077571452272896
occupancy after magic mul: 1693846385522245888
occupancy after shift: 376
attacks: 144396663052566528
get_rook_attacks for square 63
occupancy after mask: 8538824893502881792
occupancy after magic mul: 11356544178996707328
occupancy after shift: 2521
attacks: 4647714815446351872
get_bishop_attacks for square 51
occupancy after mask: 0
occupancy after magic mul: 0
occupancy after shift: 0
attacks: 1441174018118909952
get_rook_attacks for square 51
occupancy after mask: 33214047251859456
occupancy after magic mul: 6593305313787772928
occupancy after shift: 366
attacks: 582099082425141248
Enter makemove
get_bishop_attacks for square 60
occupancy after mask: 9007199254740992
occupancy after magic mul: 2350879005487398912
occupancy after shift: 4
attacks: 11263405721649152
get_rook_attacks for square 60
occupancy after mask: 7354378191764459520
occupancy after magic mul: 3252304001923817472
occupancy after shift: 361
attacks: 3175037737296199680
get_bishop_attacks for square 2
occupancy after mask: 2560
occupancy after magic mul: 1175443006172430336
occupancy after shift: 2
attacks: 2560
get_bishop_attacks for square 5
occupancy after mask: 20480
occupancy after magic mul: 2930165545624227840
occupancy after shift: 5
attacks: 20480
get_rook_attacks for square 0
occupancy after mask: 281474976776574
occupancy after magic mul: 3306797234737065920
occupancy after shift: 734
attacks: 258
get_rook_attacks for square 7
occupancy after mask: 36028797027385470
occupancy after magic mul: 4553333150679318272
occupancy after shift: 1011
attacks: 32832
get_bishop_attacks for square 3
occupancy after mask: 2102272
occupancy after magic mul: 16216387500604694528
occupancy after shift: 28
attacks: 5120
get_rook_attacks for square 3
occupancy after mask: 2166
occupancy after magic mul: 15213827375306618998
occupancy after shift: 1689
attacks: 2068
get_bishop_attacks for square 58
occupancy after mask: 562949953421312
occupancy after magic mul: 11533718645695840256
occupancy after shift: 20
attacks: 2832480474234880
get_bishop_attacks for square 61
occupancy after mask: 22517998136852480
occupancy after magic mul: 2305843009213693952
occupancy after shift: 4
attacks: 22517998136852480
get_rook_attacks for square 56
occupancy after mask: 8503077571452272896
occupancy after magic mul: 1693846385522245888
occupancy after shift: 376
attacks: 144396663052566528
get_rook_attacks for square 63
occupancy after mask: 8538824893502881792
occupancy after magic mul: 11356544178996707328
occupancy after shift: 2521
attacks: 4647714815446351872
get_bishop_attacks for square 51
occupancy after mask: 0
occupancy after magic mul: 0
occupancy after shift: 0
attacks: 1441174018118909952
get_rook_attacks for square 51
occupancy after mask: 33214047251859456
occupancy after magic mul: 6593305313787772928
occupancy after shift: 366
attacks: 582099082425141248
Enter makemove
get_bishop_attacks for square 4
occupancy after mask: 272384
occupancy after magic mul: 12764626998232350720
occupancy after shift: 22
attacks: 10240
get_rook_attacks for square 4
occupancy after mask: 4503599895810158
occupancy after magic mul: 10622042918875262976
occupancy after shift: 1179
attacks: 4136
get_bishop_attacks for square 2
occupancy after mask: 2560
occupancy after magic mul: 1175443006172430336
occupancy after shift: 2
attacks: 2560
get_bishop_attacks for square 5
occupancy after mask: 20480
occupancy after magic mul: 2930165545624227840
occupancy after shift: 5
attacks: 20480
get_rook_attacks for square 0
occupancy after mask: 281474976776574
occupancy after magic mul: 3306797234737065920
occupancy after shift: 734
attacks: 258
get_rook_attacks for square 7
occupancy after mask: 36028797027385470
occupancy after magic mul: 4553333150679318272
occupancy after shift: 1011
attacks: 32832
get_bishop_attacks for square 3
occupancy after mask: 2102272
occupancy after magic mul: 16216387500604694528
occupancy after shift: 28
attacks: 5120
get_rook_attacks for square 3
occupancy after mask: 2251799813687414
occupancy after magic mul: 1381021119838140534
occupancy after shift: 153
attacks: 2068
get_bishop_attacks for square 58
occupancy after mask: 2814749767106560
occupancy after magic mul: 2328361007350546432
occupancy after shift: 4
attacks: 2814749767106560
get_bishop_attacks for square 61
occupancy after mask: 22517998136852480
occupancy after magic mul: 2305843009213693952
occupancy after shift: 4
attacks: 22517998136852480
get_rook_attacks for square 56
occupancy after mask: 8503077571452272896
occupancy after magic mul: 1693846385522245888
occupancy after shift: 376
attacks: 144396663052566528
get_rook_attacks for square 63
occupancy after mask: 8538824893502881792
occupancy after magic mul: 11356544178996707328
occupancy after shift: 2521
attacks: 4647714815446351872
get_bishop_attacks for square 51
occupancy after mask: 0
occupancy after magic mul: 0
occupancy after shift: 0
attacks: 1441174018118909952
get_rook_attacks for square 51
occupancy after mask: 33214047251859456
occupancy after magic mul: 6593305313787772928
occupancy after shift: 366
attacks: 582099082425141248
Enter makemove
get_bishop_attacks for square 4
occupancy after mask: 272384
occupancy after magic mul: 12764626998232350720
occupancy after shift: 22
attacks: 10240
get_rook_attacks for square 4
occupancy after mask: 4503599895810158
occupancy after magic mul: 10622042918875262976
occupancy after shift: 1179
attacks: 4136
get_bishop_attacks for square 2
occupancy after mask: 2560
occupancy after magic mul: 1175443006172430336
occupancy after shift: 2
attacks: 2560
get_bishop_attacks for square 5
occupancy after mask: 20480
occupancy after magic mul: 2930165545624227840
occupancy after shift: 5
attacks: 20480
get_rook_attacks for square 0
occupancy after mask: 281474976776574
occupancy after magic mul: 3306797234737065920
occupancy after shift: 734
attacks: 258
get_rook_attacks for square 7
occupancy after mask: 36028797027385470
occupancy after magic mul: 4553333150679318272
occupancy after shift: 1011
attacks: 32832
get_bishop_attacks for square 3
occupancy after mask: 2102272
occupancy after magic mul: 16216387500604694528
occupancy after shift: 28
attacks: 5120
get_rook_attacks for square 3
occupancy after mask: 2251799813687414
occupancy after magic mul: 1381021119838140534
occupancy after shift: 153
attacks: 2068
get_bishop_attacks for square 58
occupancy after mask: 2814749767106560
occupancy after magic mul: 2328361007350546432
occupancy after shift: 4
attacks: 2814749767106560
get_bishop_attacks for square 61
occupancy after mask: 22517998136852480
occupancy after magic mul: 2305843009213693952
occupancy after shift: 4
attacks: 22517998136852480
get_rook_attacks for square 56
occupancy after mask: 8503077571452272896
occupancy after magic mul: 1693846385522245888
occupancy after shift: 376
attacks: 144396663052566528
get_rook_attacks for square 63
occupancy after mask: 8538824893502881792
occupancy after magic mul: 11356544178996707328
occupancy after shift: 2521
attacks: 4647714815446351872
get_bishop_attacks for square 51
occupancy after mask: 0
occupancy after magic mul: 0
occupancy after shift: 0
attacks: 1441174018118909952
get_rook_attacks for square 51
occupancy after mask: 33214047251859456
occupancy after magic mul: 6593305313787772928
occupancy after shift: 366
attacks: 582099082425141248
Enter makemove
get_bishop_attacks for square 4
occupancy after mask: 272384
occupancy after magic mul: 12764626998232350720
occupancy after shift: 22
attacks: 10240
get_rook_attacks for square 4
occupancy after mask: 4503599895810158
occupancy after magic mul: 10622042918875262976
occupancy after shift: 1179
attacks: 4136
get_bishop_attacks for square 2
occupancy after mask: 2560
occupancy after magic mul: 1175443006172430336
occupancy after shift: 2
attacks: 2560
get_bishop_attacks for square 5
occupancy after mask: 20480
occupancy after magic mul: 2930165545624227840
occupancy after shift: 5
attacks: 20480
get_rook_attacks for square 0
occupancy after mask: 281474976776574
occupancy after magic mul: 3306797234737065920
occupancy after shift: 734
attacks: 258
get_rook_attacks for square 7
occupancy after mask: 36028797027385470
occupancy after magic mul: 4553333150679318272
occupancy after shift: 1011
attacks: 32832
get_bishop_attacks for square 3
occupancy after mask: 2102272
occupancy after magic mul: 16216387500604694528
occupancy after shift: 28
attacks: 5120
get_rook_attacks for square 3
occupancy after mask: 2251799813687414
occupancy after magic mul: 1381021119838140534
occupancy after shift: 153
attacks: 2068
get_bishop_attacks for square 58
occupancy after mask: 2814749767106560
occupancy after magic mul: 2328361007350546432
occupancy after shift: 4
attacks: 2814749767106560
get_bishop_attacks for square 61
occupancy after mask: 22517998136852480
occupancy after magic mul: 2305843009213693952
occupancy after shift: 4
attacks: 22517998136852480
get_rook_attacks for square 56
occupancy after mask: 8503077571452272896
occupancy after magic mul: 1693846385522245888
occupancy after shift: 376
attacks: 144396663052566528
get_rook_attacks for square 63
occupancy after mask: 8538824893502881792
occupancy after magic mul: 11356544178996707328
occupancy after shift: 2521
attacks: 4647714815446351872
get_bishop_attacks for square 51
occupancy after mask: 0
occupancy after magic mul: 0
occupancy after shift: 0
attacks: 1441174018118909952
get_rook_attacks for square 51
occupancy after mask: 33214047251859456
occupancy after magic mul: 6593305313787772928
occupancy after shift: 366
attacks: 582099082425141248
Enter makemove
get_bishop_attacks for square 4
occupancy after mask: 272384
occupancy after magic mul: 12764626998232350720
occupancy after shift: 22
attacks: 10240
get_rook_attacks for square 4
occupancy after mask: 4503599895810158
occupancy after magic mul: 10622042918875262976
occupancy after shift: 1179
attacks: 4136
get_bishop_attacks for square 2
occupancy after mask: 2560
occupancy after magic mul: 1175443006172430336
occupancy after shift: 2
attacks: 2560
get_bishop_attacks for square 5
occupancy after mask: 20480
occupancy after magic mul: 2930165545624227840
occupancy after shift: 5
attacks: 20480
get_rook_attacks for square 0
occupancy after mask: 281474976776574
occupancy after magic mul: 3306797234737065920
occupancy after shift: 734
attacks: 258
get_rook_attacks for square 7
occupancy after mask: 36028797027385470
occupancy after magic mul: 4553333150679318272
occupancy after shift: 1011
attacks: 32832
get_bishop_attacks for square 3
occupancy after mask: 2102272
occupancy after magic mul: 16216387500604694528
occupancy after shift: 28
attacks: 5120
get_rook_attacks for square 3
occupancy after mask: 2251799813687414
occupancy after magic mul: 1381021119838140534
occupancy after shift: 153
attacks: 2068
get_bishop_attacks for square 58
occupancy after mask: 2814749767106560
occupancy after magic mul: 2328361007350546432
occupancy after shift: 4
attacks: 2814749767106560
get_bishop_attacks for square 61
occupancy after mask: 22517998136852480
occupancy after magic mul: 2305843009213693952
occupancy after shift: 4
attacks: 22517998136852480
get_rook_attacks for square 56
occupancy after mask: 8503077571452272896
occupancy after magic mul: 1693846385522245888
occupancy after shift: 376
attacks: 144396663052566528
get_rook_attacks for square 63
occupancy after mask: 8538824893502881792
occupancy after magic mul: 11356544178996707328
occupancy after shift: 2521
attacks: 4647714815446351872
get_bishop_attacks for square 51
occupancy after mask: 0
occupancy after magic mul: 0
occupancy after shift: 0
attacks: 1441174018118909952
get_rook_attacks for square 51
occupancy after mask: 33214047251859456
occupancy after magic mul: 6593305313787772928
occupancy after shift: 366
attacks: 582099082425141248
Enter makemove
get_bishop_attacks for square 4
occupancy after mask: 272384
occupancy after magic mul: 12764626998232350720
occupancy after shift: 22
attacks: 10240
get_rook_attacks for square 4
occupancy after mask: 4503599627374702
occupancy after magic mul: 10604027970609967104
occupancy after shift: 1177
attacks: 4136
get_bishop_attacks for square 2
occupancy after mask: 2560
occupancy after magic mul: 1175443006172430336
occupancy after shift: 2
attacks: 2560
get_bishop_attacks for square 5
occupancy after mask: 20480
occupancy after magic mul: 2930165545624227840
occupancy after shift: 5
attacks: 20480
get_rook_attacks for square 0
occupancy after mask: 281474976776574
occupancy after magic mul: 3306797234737065920
occupancy after shift: 734
attacks: 258
get_rook_attacks for square 7
occupancy after mask: 36028797027385470
occupancy after magic mul: 4553333150679318272
occupancy after shift: 1011
attacks: 32832
get_bishop_attacks for square 3
occupancy after mask: 2102272
occupancy after magic mul: 16216387500604694528
occupancy after shift: 28
attacks: 5120
get_rook_attacks for square 3
occupancy after mask: 2251799813687414
occupancy after magic mul: 1381021119838140534
occupancy after shift: 153
attacks: 2068
get_bishop_attacks for square 58
occupancy after mask: 2814749767106560
occupancy after magic mul: 2328361007350546432
occupancy after shift: 4
attacks: 2814749767106560
get_bishop_attacks for square 61
occupancy after mask: 22517998136852480
occupancy after magic mul: 2305843009213693952
occupancy after shift: 4
attacks: 22517998136852480
get_rook_attacks for square 56
occupancy after mask: 8503077571452272896
occupancy after magic mul: 1693846385522245888
occupancy after shift: 376
attacks: 144396663052566528
get_rook_attacks for square 63
occupancy after mask: 8538824893502881792
occupancy after magic mul: 11356544178996707328
occupancy after shift: 2521
attacks: 4647714815446351872
get_bishop_attacks for square 51
occupancy after mask: 0
occupancy after magic mul: 0
occupancy after shift: 0
attacks: 1441174018118909952
get_rook_attacks for square 51
occupancy after mask: 33214047251859456
occupancy after magic mul: 6593305313787772928
occupancy after shift: 366
attacks: 582099082425141248
Enter makemove
get_bishop_attacks for square 4
occupancy after mask: 272384
occupancy after magic mul: 12764626998232350720
occupancy after shift: 22
attacks: 10240
get_rook_attacks for square 4
occupancy after mask: 4503599627374702
occupancy after magic mul: 10604027970609967104
occupancy after shift: 1177
attacks: 4136
get_bishop_attacks for square 2
occupancy after mask: 2560
occupancy after magic mul: 1175443006172430336
occupancy after shift: 2
attacks: 2560
get_bishop_attacks for square 5
occupancy after mask: 20480
occupancy after magic mul: 2930165545624227840
occupancy after shift: 5
attacks: 20480
get_rook_attacks for square 0
occupancy after mask: 281474976776574
occupancy after magic mul: 3306797234737065920
occupancy after shift: 734
attacks: 258
get_rook_attacks for square 7
occupancy after mask: 36028797027385470
occupancy after magic mul: 4553333150679318272
occupancy after shift: 1011
attacks: 32832
get_bishop_attacks for square 3
occupancy after mask: 2102272
occupancy after magic mul: 16216387500604694528
occupancy after shift: 28
attacks: 5120
get_rook_attacks for square 3
occupancy after mask: 2251799813687414
occupancy after magic mul: 1381021119838140534
occupancy after shift: 153
attacks: 2068
get_bishop_attacks for square 58
occupancy after mask: 2814749767106560
occupancy after magic mul: 2328361007350546432
occupancy after shift: 4
attacks: 2814749767106560
get_bishop_attacks for square 61
occupancy after mask: 22517998136852480
occupancy after magic mul: 2305843009213693952
occupancy after shift: 4
attacks: 22517998136852480
get_rook_attacks for square 56
occupancy after mask: 8503077571452272896
occupancy after magic mul: 1693846385522245888
occupancy after shift: 376
attacks: 144396663052566528
get_rook_attacks for square 63
occupancy after mask: 8538824893502881792
occupancy after magic mul: 11356544178996707328
occupancy after shift: 2521
attacks: 4647714815446351872
get_bishop_attacks for square 51
occupancy after mask: 0
occupancy after magic mul: 0
occupancy after shift: 0
attacks: 1441174018118909952
get_rook_attacks for square 51
occupancy after mask: 33214047251859456
occupancy after magic mul: 6593305313787772928
occupancy after shift: 366
attacks: 582099082425141248
Enter makemove
get_bishop_attacks for square 4
occupancy after mask: 272384
occupancy after magic mul: 12764626998232350720
occupancy after shift: 22
attacks: 10240
get_rook_attacks for square 4
occupancy after mask: 4503599895810158
occupancy after magic mul: 10622042918875262976
occupancy after shift: 1179
attacks: 4136
get_bishop_attacks for square 2
occupancy after mask: 2560
occupancy after magic mul: 1175443006172430336
occupancy after shift: 2
attacks: 2560
get_bishop_attacks for square 5
occupancy after mask: 20480
occupancy after magic mul: 2930165545624227840
occupancy after shift: 5
attacks: 20480
get_rook_attacks for square 0
occupancy after mask: 281474976776574
occupancy after magic mul: 3306797234737065920
occupancy after shift: 734
attacks: 258
get_rook_attacks for square 7
occupancy after mask: 36028797027385470
occupancy after magic mul: 4553333150679318272
occupancy after shift: 1011
attacks: 32832
get_bishop_attacks for square 3
occupancy after mask: 2102272
occupancy after magic mul: 16216387500604694528
occupancy after shift: 28
attacks: 5120
get_rook_attacks for square 3
occupancy after mask: 2251799813687414
occupancy after magic mul: 1381021119838140534
occupancy after shift: 153
attacks: 2068
get_bishop_attacks for square 58
occupancy after mask: 2814749767106560
occupancy after magic mul: 2328361007350546432
occupancy after shift: 4
attacks: 2814749767106560
get_bishop_attacks for square 61
occupancy after mask: 22517998136852480
occupancy after magic mul: 2305843009213693952
occupancy after shift: 4
attacks: 22517998136852480
get_rook_attacks for square 56
occupancy after mask: 8503077571452272896
occupancy after magic mul: 1693846385522245888
occupancy after shift: 376
attacks: 144396663052566528
get_rook_attacks for square 63
occupancy after mask: 8538824893502881792
occupancy after magic mul: 11356544178996707328
occupancy after shift: 2521
attacks: 4647714815446351872
get_bishop_attacks for square 51
occupancy after mask: 0
occupancy after magic mul: 0
occupancy after shift: 0
attacks: 1441174018118909952
get_rook_attacks for square 51
occupancy after mask: 33214047251859456
occupancy after magic mul: 6593305313787772928
occupancy after shift: 366
attacks: 582099082425141248
Enter makemove
get_bishop_attacks for square 4
occupancy after mask: 272384
occupancy after magic mul: 12764626998232350720
occupancy after shift: 22
attacks: 10240
get_rook_attacks for square 4
occupancy after mask: 4503599895810158
occupancy after magic mul: 10622042918875262976
occupancy after shift: 1179
attacks: 4136
get_bishop_attacks for square 2
occupancy after mask: 2560
occupancy after magic mul: 1175443006172430336
occupancy after shift: 2
attacks: 2560
get_bishop_attacks for square 5
occupancy after mask: 20480
occupancy after magic mul: 2930165545624227840
occupancy after shift: 5
attacks: 20480
get_rook_attacks for square 0
occupancy after mask: 281474976776574
occupancy after magic mul: 3306797234737065920
occupancy after shift: 734
attacks: 258
get_rook_attacks for square 7
occupancy after mask: 36028797027385470
occupancy after magic mul: 4553333150679318272
occupancy after shift: 1011
attacks: 32832
get_bishop_attacks for square 3
occupancy after mask: 2102272
occupancy after magic mul: 16216387500604694528
occupancy after shift: 28
attacks: 5120
get_rook_attacks for square 3
occupancy after mask: 2251799813687414
occupancy after magic mul: 1381021119838140534
occupancy after shift: 153
attacks: 2068
get_bishop_attacks for square 58
occupancy after mask: 2814749767106560
occupancy after magic mul: 2328361007350546432
occupancy after shift: 4
attacks: 2814749767106560
get_bishop_attacks for square 61
occupancy after mask: 22517998136852480
occupancy after magic mul: 2305843009213693952
occupancy after shift: 4
attacks: 22517998136852480
get_rook_attacks for square 56
occupancy after mask: 8503077571452272896
occupancy after magic mul: 1693846385522245888
occupancy after shift: 376
attacks: 144396663052566528
get_rook_attacks for square 63
occupancy after mask: 8538824893502881792
occupancy after magic mul: 11356544178996707328
occupancy after shift: 2521
attacks: 4647714815446351872
get_bishop_attacks for square 51
occupancy after mask: 0
occupancy after magic mul: 0
occupancy after shift: 0
attacks: 1441174018118909952
get_rook_attacks for square 51
occupancy after mask: 33214047251859456
occupancy after magic mul: 6593305313787772928
occupancy after shift: 366
attacks: 582099082425141248
Enter makemove
get_bishop_attacks for square 4
occupancy after mask: 272384
occupancy after magic mul: 12764626998232350720
occupancy after shift: 22
attacks: 10240
get_rook_attacks for square 4
occupancy after mask: 4503599895810126
occupancy after magic mul: 4857347432763256832
occupancy after shift: 539
attacks: 4200
get_bishop_attacks for square 2
occupancy after mask: 2560
occupancy after magic mul: 1175443006172430336
occupancy after shift: 2
attacks: 2560
get_bishop_attacks for square 12
occupancy after mask: 2097152
occupancy after magic mul: 9268548822156443648
occupancy after shift: 16
attacks: 1108171292712
get_rook_attacks for square 0
occupancy after mask: 281474976776542
occupancy after magic mul: 15988837028354534336
occupancy after shift: 3550
attacks: 258
get_rook_attacks for square 7
occupancy after mask: 36028797027385438
occupancy after magic mul: 3400407213129346816
occupancy after shift: 755
attacks: 32832
get_bishop_attacks for square 3
occupancy after mask: 2102272
occupancy after magic mul: 16216387500604694528
occupancy after shift: 28
attacks: 5120
get_rook_attacks for square 3
occupancy after mask: 2251799813687382
occupancy after magic mul: 9451328715305957462
occupancy after shift: 1049
attacks: 2068
get_bishop_attacks for square 58
occupancy after mask: 2814749767106560
occupancy after magic mul: 2328361007350546432
occupancy after shift: 4
attacks: 2814749767106560
get_bishop_attacks for square 61
occupancy after mask: 22517998136852480
occupancy after magic mul: 2305843009213693952
occupancy after shift: 4
attacks: 22517998136852480
get_rook_attacks for square 56
occupancy after mask: 8503077571452272896
occupancy after magic mul: 1693846385522245888
occupancy after shift: 376
attacks: 144396663052566528
get_rook_attacks for square 63
occupancy after mask: 8538824893502881792
occupancy after magic mul: 11356544178996707328
occupancy after shift: 2521
attacks: 4647714815446351872
get_bishop_attacks for square 51
occupancy after mask: 0
occupancy after magic mul: 0
occupancy after shift: 0
attacks: 1441174018118909952
get_rook_attacks for square 51
occupancy after mask: 33214047251859456
occupancy after magic mul: 6593305313787772928
occupancy after shift: 366
attacks: 582099082425141248
get_bishop_attacks for square 58
occupancy after mask: 2814749767106560
occupancy after magic mul: 2328361007350546432
occupancy after shift: 4
attacks: 2814749767106560
get_bishop_attacks for square 61
occupancy after mask: 22517998136852480
occupancy after magic mul: 2305843009213693952
occupancy after shift: 4
attacks: 22517998136852480
get_rook_attacks for square 56
occupancy after mask: 8503077571452272896
occupancy after magic mul: 1693846385522245888
occupancy after shift: 376
attacks: 144396663052566528
get_rook_attacks for square 63
occupancy after mask: 8538824893502881792
occupancy after magic mul: 11356544178996707328
occupancy after shift: 2521
attacks: 4647714815446351872
get_rook_attacks for square 51
occupancy after mask: 33214047251859456
occupancy after magic mul: 6593305313787772928
occupancy after shift: 366
attacks: 582099082425141248
get_bishop_attacks for square 51
occupancy after mask: 0
occupancy after magic mul: 0
occupancy after shift: 0
attacks: 1441174018118909952
Enter makemove
get_bishop_attacks for square 60
occupancy after mask: 11258999068426240
occupancy after magic mul: 2938598756859248640
occupancy after shift: 5
attacks: 11258999068426240
get_rook_attacks for square 60
occupancy after mask: 7354378191764459520
occupancy after magic mul: 3252304001923817472
occupancy after shift: 361
attacks: 3175037737296199680
get_bishop_attacks for square 2
occupancy after mask: 2560
occupancy after magic mul: 1175443006172430336
occupancy after shift: 2
attacks: 2560
get_bishop_attacks for square 12
occupancy after mask: 2097152
occupancy after magic mul: 9268548822156443648
occupancy after shift: 16
attacks: 1108171292712
get_rook_attacks for square 0
occupancy after mask: 281474976776542
occupancy after magic mul: 15988837028354534336
occupancy after shift: 3550
attacks: 258
get_rook_attacks for square 7
occupancy after mask: 36028797027385438
occupancy after magic mul: 3400407213129346816
occupancy after shift: 755
attacks: 32832
get_bishop_attacks for square 3
occupancy after mask: 2102272
occupancy after magic mul: 16216387500604694528
occupancy after shift: 28
attacks: 5120
get_rook_attacks for square 3
occupancy after mask: 2251799813687382
occupancy after magic mul: 9451328715305957462
occupancy after shift: 1049
attacks: 2068
get_bishop_attacks for square 58
occupancy after mask: 2814749767106560
occupancy after magic mul: 2328361007350546432
occupancy after shift: 4
attacks: 2814749767106560
get_bishop_attacks for square 61
occupancy after mask: 22517998136852480
occupancy after magic mul: 2305843009213693952
occupancy after shift: 4
attacks: 22517998136852480
get_rook_attacks for square 56
occupancy after mask: 8503077571452272896
occupancy after magic mul: 1693846385522245888
occupancy after shift: 376
attacks: 144396663052566528
get_rook_attacks for square 63
occupancy after mask: 8538824893502881792
occupancy after magic mul: 11356544178996707328
occupancy after shift: 2521
attacks: 4647714815446351872
get_bishop_attacks for square 51
occupancy after mask: 0
occupancy after magic mul: 0
occupancy after shift: 0
attacks: 1441174018118909952
get_rook_attacks for square 51
occupancy after mask: 33214047251859456
occupancy after magic mul: 6593305313787772928
occupancy after shift: 366
attacks: 582099082425141248
Enter makemove
get_bishop_attacks for square 60
occupancy after mask: 11258999068426240
occupancy after magic mul: 2938598756859248640
occupancy after shift: 5
attacks: 11258999068426240
get_rook_attacks for square 60
occupancy after mask: 5048535182550765568
occupancy after magic mul: 17087362057205981184
occupancy after shift: 1897
attacks: 7786723755723587584
get_bishop_attacks for square 2
occupancy after mask: 2560
occupancy after magic mul: 1175443006172430336
occupancy after shift: 2
attacks: 2560
get_bishop_attacks for square 12
occupancy after mask: 2097152
occupancy after magic mul: 9268548822156443648
occupancy after shift: 16
attacks: 1108171292712
get_rook_attacks for square 0
occupancy after mask: 281474976776542
occupancy after magic mul: 15988837028354534336
occupancy after shift: 3550
attacks: 258
get_rook_attacks for square 7
occupancy after mask: 36028797027385438
occupancy after magic mul: 3400407213129346816
occupancy after shift: 755
attacks: 32832
get_bishop_attacks for square 3
occupancy after mask: 2102272
occupancy after magic mul: 16216387500604694528
occupancy after shift: 28
attacks: 5120
get_rook_attacks for square 3
occupancy after mask: 2251799813687382
occupancy after magic mul: 9451328715305957462
occupancy after shift: 1049
attacks: 2068
get_bishop_attacks for square 52
occupancy after mask: 0
occupancy after magic mul: 0
occupancy after shift: 0
attacks: 2882348036221108224
get_bishop_attacks for square 58
occupancy after mask: 2814749767106560
occupancy after magic mul: 2328361007350546432
occupancy after shift: 4
attacks: 2814749767106560
get_rook_attacks for square 56
occupancy after mask: 6197234562238578944
occupancy after magic mul: 17834747450018103552
occupancy after shift: 3960
attacks: 144396663052566528
get_rook_attacks for square 63
occupancy after mask: 6232981884289187840
occupancy after magic mul: 6744858160569319424
occupancy after shift: 1497
attacks: 4647714815446351872
get_bishop_attacks for square 51
occupancy after mask: 0
occupancy after magic mul: 0
occupancy after shift: 0
attacks: 1441174018118909952
get_rook_attacks for square 51
occupancy after mask: 33214047251859456
occupancy after magic mul: 6593305313787772928
occupancy after shift: 366
attacks: 582099082425141248
get_bishop_attacks for square 2
occupancy after mask: 2560
occupancy after magic mul: 1175443006172430336
occupancy after shift: 2
attacks: 2560
get_bishop_attacks for square 12
occupancy after mask: 2097152
occupancy after magic mul: 9268548822156443648
occupancy after shift: 16
attacks: 1108171292712
get_rook_attacks for square 0
occupancy after mask: 281474976776542
occupancy after magic mul: 15988837028354534336
occupancy after shift: 3550
attacks: 258
get_rook_attacks for square 7
occupancy after mask: 36028797027385438
occupancy after magic mul: 3400407213129346816
occupancy after shift: 755
attacks: 32832
get_rook_attacks for square 3
occupancy after mask: 2251799813687382
occupancy after magic mul: 9451328715305957462
occupancy after shift: 1049
attacks: 2068
get_bishop_attacks for square 3
occupancy after mask: 2102272
occupancy after magic mul: 16216387500604694528
occupancy after shift: 28
attacks: 5120
Enter makemove
get_bishop_attacks for square 4
occupancy after mask: 272384
occupancy after magic mul: 12764626998232350720
occupancy after shift: 22
attacks: 10240
get_rook_attacks for square 4
occupancy after mask: 4503599895810126
occupancy after magic mul: 4857347432763256832
occupancy after shift: 539
attacks: 4200
get_bishop_attacks for square 2
occupancy after mask: 2560
occupancy after magic mul: 1175443006172430336
occupancy after shift: 2
attacks: 2560
get_bishop_attacks for square 12
occupancy after mask: 2097152
occupancy after magic mul: 9268548822156443648
occupancy after shift: 16
attacks: 1108171292712
get_rook_attacks for square 0
occupancy after mask: 281474976776542
occupancy after magic mul: 15988837028354534336
occupancy after shift: 3550
attacks: 258
get_rook_attacks for square 7
occupancy after mask: 36028797027385438
occupancy after magic mul: 3400407213129346816
occupancy after shift: 755
attacks: 32832
get_bishop_attacks for square 3
occupancy after mask: 2102272
occupancy after magic mul: 16216387500604694528
occupancy after shift: 28
attacks: 5120
get_rook_attacks for square 3
occupancy after mask: 2251799813687382
occupancy after magic mul: 9451328715305957462
occupancy after shift: 1049
attacks: 2068
get_bishop_attacks for square 52
occupancy after mask: 0
occupancy after magic mul: 0
occupancy after shift: 0
attacks: 2882348036221108224
get_bishop_attacks for square 58
occupancy after mask: 2814749767106560
occupancy after magic mul: 2328361007350546432
occupancy after shift: 4
attacks: 2814749767106560
get_rook_attacks for square 56
occupancy after mask: 6197234562238578944
occupancy after magic mul: 17834747450018103552
occupancy after shift: 3960
attacks: 144396663052566528
get_rook_attacks for square 63
occupancy after mask: 6232981884289187840
occupancy after magic mul: 6744858160569319424
occupancy after shift: 1497
attacks: 4647714815446351872
get_bishop_attacks for square 51
occupancy after mask: 0
occupancy after magic mul: 0
occupancy after shift: 0
attacks: 1441174018118909952
get_rook_attacks for square 51
occupancy after mask: 33214047251859456
occupancy after magic mul: 6593305313787772928
occupancy after shift: 366
attacks: 582099082425141248
Enter makemove
get_bishop_attacks for square 4
occupancy after mask: 272384
occupancy after magic mul: 12764626998232350720
occupancy after shift: 22
attacks: 10240
get_rook_attacks for square 4
occupancy after mask: 4503599895810126
occupancy after magic mul: 4857347432763256832
occupancy after shift: 539
attacks: 4200
get_bishop_attacks for square 2
occupancy after mask: 2560
occupancy after magic mul: 1175443006172430336
occupancy after shift: 2
attacks: 2560
get_bishop_attacks for square 12
occupancy after mask: 2097152
occupancy after magic mul: 9268548822156443648
occupancy after shift: 16
attacks: 1108171292712
get_rook_attacks for square 0
occupancy after mask: 281474976776542
occupancy after magic mul: 15988837028354534336
occupancy after shift: 3550
attacks: 258
get_rook_attacks for square 7
occupancy after mask: 36028797027385438
occupancy after magic mul: 3400407213129346816
occupancy after shift: 755
attacks: 32832
get_bishop_attacks for square 3
occupancy after mask: 2102272
occupancy after magic mul: 16216387500604694528
occupancy after shift: 28
attacks: 5120
get_rook_attacks for square 3
occupancy after mask: 2251799813687382
occupancy after magic mul: 9451328715305957462
occupancy after shift: 1049
attacks: 2068
get_bishop_attacks for square 52
occupancy after mask: 0
occupancy after magic mul: 0
occupancy after shift: 0
attacks: 2882348036221108224
get_bishop_attacks for square 58
occupancy after mask: 2814749767106560
occupancy after magic mul: 2328361007350546432
occupancy after shift: 4
attacks: 2814749767106560
get_rook_attacks for square 56
occupancy after mask: 6197234562238578944
occupancy after magic mul: 17834747450018103552
occupancy after shift: 3960
attacks: 144396663052566528
get_rook_attacks for square 63
occupancy after mask: 6232981884289187840
occupancy after magic mul: 6744858160569319424
occupancy after shift: 1497
attacks: 4647714815446351872
get_bishop_attacks for square 51
occupancy after mask: 0
occupancy after magic mul: 0
occupancy after shift: 0
attacks: 1441174018118909952
get_rook_attacks for square 51
occupancy after mask: 33214047251859456
occupancy after magic mul: 6593305313787772928
occupancy after shift: 366
attacks: 582099082425141248
Enter makemove
get_bishop_attacks for square 4
occupancy after mask: 272384
occupancy after magic mul: 12764626998232350720
occupancy after shift: 22
attacks: 10240
get_rook_attacks for square 4
occupancy after mask: 4503599895810126
occupancy after magic mul: 4857347432763256832
occupancy after shift: 539
attacks: 4200
get_bishop_attacks for square 2
occupancy after mask: 2560
occupancy after magic mul: 1175443006172430336
occupancy after shift: 2
attacks: 2560
get_bishop_attacks for square 12
occupancy after mask: 2097152
occupancy after magic mul: 9268548822156443648
occupancy after shift: 16
attacks: 1108171292712
get_rook_attacks for square 0
occupancy after mask: 281474976776542
occupancy after magic mul: 15988837028354534336
occupancy after shift: 3550
attacks: 258
get_rook_attacks for square 7
occupancy after mask: 36028797027385438
occupancy after magic mul: 3400407213129346816
occupancy after shift: 755
attacks: 32832
get_bishop_attacks for square 3
occupancy after mask: 2102272
occupancy after magic mul: 16216387500604694528
occupancy after shift: 28
attacks: 5120
get_rook_attacks for square 3
occupancy after mask: 2251799813687382
occupancy after magic mul: 9451328715305957462
occupancy after shift: 1049
attacks: 2068
get_bishop_attacks for square 52
occupancy after mask: 0
occupancy after magic mul: 0
occupancy after shift: 0
attacks: 2882348036221108224
get_bishop_attacks for square 58
occupancy after mask: 2814749767106560
occupancy after magic mul: 2328361007350546432
occupancy after shift: 4
attacks: 2814749767106560
get_rook_attacks for square 56
occupancy after mask: 6197234562238578944
occupancy after magic mul: 17834747450018103552
occupancy after shift: 3960
attacks: 144396663052566528
get_rook_attacks for square 63
occupancy after mask: 6232981884289187840
occupancy after magic mul: 6744858160569319424
occupancy after shift: 1497
attacks: 4647714815446351872
get_bishop_attacks for square 51
occupancy after mask: 0
occupancy after magic mul: 0
occupancy after shift: 0
attacks: 1441174018118909952
get_rook_attacks for square 51
occupancy after mask: 33214047251859456
occupancy after magic mul: 6593305313787772928
occupancy after shift: 366
attacks: 582099082425141248
Enter makemove
get_bishop_attacks for square 4
occupancy after mask: 272384
occupancy after magic mul: 12764626998232350720
occupancy after shift: 22
attacks: 10240
get_rook_attacks for square 4
occupancy after mask: 4503599895810126
occupancy after magic mul: 4857347432763256832
occupancy after shift: 539
attacks: 4200
get_bishop_attacks for square 2
occupancy after mask: 2560
occupancy after magic mul: 1175443006172430336
occupancy after shift: 2
attacks: 2560
get_bishop_attacks for square 12
occupancy after mask: 2097152
occupancy after magic mul: 9268548822156443648
occupancy after shift: 16
attacks: 1108171292712
get_rook_attacks for square 0
occupancy after mask: 281474976776542
occupancy after magic mul: 15988837028354534336
occupancy after shift: 3550
attacks: 258
get_rook_attacks for square 7
occupancy after mask: 36028797027385438
occupancy after magic mul: 3400407213129346816
occupancy after shift: 755
attacks: 32832
get_bishop_attacks for square 3
occupancy after mask: 2102272
occupancy after magic mul: 16216387500604694528
occupancy after shift: 28
attacks: 5120
get_rook_attacks for square 3
occupancy after mask: 2251799813687382
occupancy after magic mul: 9451328715305957462
occupancy after shift: 1049
attacks: 2068
get_bishop_attacks for square 52
occupancy after mask: 0
occupancy after magic mul: 0
occupancy after shift: 0
attacks: 2882348036221108224
get_bishop_attacks for square 58
occupancy after mask: 2814749767106560
occupancy after magic mul: 2328361007350546432
occupancy after shift: 4
attacks: 2814749767106560
get_rook_attacks for square 56
occupancy after mask: 6197234562238578944
occupancy after magic mul: 17834747450018103552
occupancy after shift: 3960
attacks: 144396663052566528
get_rook_attacks for square 63
occupancy after mask: 6232981884289187840
occupancy after magic mul: 6744858160569319424
occupancy after shift: 1497
attacks: 4647714815446351872
get_bishop_attacks for square 51
occupancy after mask: 0
occupancy after magic mul: 0
occupancy after shift: 0
attacks: 1441174018118909952
get_rook_attacks for square 51
occupancy after mask: 33214047251859456
occupancy after magic mul: 6593305313787772928
occupancy after shift: 366
attacks: 582099082425141248
Enter makemove
get_bishop_attacks for square 4
occupancy after mask: 272384
occupancy after magic mul: 12764626998232350720
occupancy after shift: 22
attacks: 10240
get_rook_attacks for square 4
occupancy after mask: 4503599895810126
occupancy after magic mul: 4857347432763256832
occupancy after shift: 539
attacks: 4200
get_bishop_attacks for square 2
occupancy after mask: 2560
occupancy after magic mul: 1175443006172430336
occupancy after shift: 2
attacks: 2560
get_bishop_attacks for square 12
occupancy after mask: 2097152
occupancy after magic mul: 9268548822156443648
occupancy after shift: 16
attacks: 1108171292712
get_rook_attacks for square 0
occupancy after mask: 281474976776542
occupancy after magic mul: 15988837028354534336
occupancy after shift: 3550
attacks: 258
get_rook_attacks for square 7
occupancy after mask: 36028797027385438
occupancy after magic mul: 3400407213129346816
occupancy after shift: 755
attacks: 32832
get_bishop_attacks for square 3
occupancy after mask: 2102272
occupancy after magic mul: 16216387500604694528
occupancy after shift: 28
attacks: 5120
get_rook_attacks for square 3
occupancy after mask: 2251799813687382
occupancy after magic mul: 9451328715305957462
occupancy after shift: 1049
attacks: 2068
get_bishop_attacks for square 52
occupancy after mask: 0
occupancy after magic mul: 0
occupancy after shift: 0
attacks: 2882348036221108224
get_bishop_attacks for square 58
occupancy after mask: 2814749767106560
occupancy after magic mul: 2328361007350546432
occupancy after shift: 4
attacks: 2814749767106560
get_rook_attacks for square 56
occupancy after mask: 6197234562238578944
occupancy after magic mul: 17834747450018103552
occupancy after shift: 3960
attacks: 144396663052566528
get_rook_attacks for square 63
occupancy after mask: 6232981884289187840
occupancy after magic mul: 6744858160569319424
occupancy after shift: 1497
attacks: 4647714815446351872
get_bishop_attacks for square 51
occupancy after mask: 0
occupancy after magic mul: 0
occupancy after shift: 0
attacks: 1441174018118909952
get_rook_attacks for square 51
occupancy after mask: 33214047251859456
occupancy after magic mul: 6593305313787772928
occupancy after shift: 366
attacks: 582099082425141248
Enter makemove
get_bishop_attacks for square 4
occupancy after mask: 272384
occupancy after magic mul: 12764626998232350720
occupancy after shift: 22
attacks: 10240
get_rook_attacks for square 4
occupancy after mask: 4503599895810126
occupancy after magic mul: 4857347432763256832
occupancy after shift: 539
attacks: 4200
get_bishop_attacks for square 2
occupancy after mask: 2560
occupancy after magic mul: 1175443006172430336
occupancy after shift: 2
attacks: 2560
get_bishop_attacks for square 12
occupancy after mask: 2097152
occupancy after magic mul: 9268548822156443648
occupancy after shift: 16
attacks: 1108171292712
get_rook_attacks for square 0
occupancy after mask: 281474976776542
occupancy after magic mul: 15988837028354534336
occupancy after shift: 3550
attacks: 258
get_rook_attacks for square 7
occupancy after mask: 36028797027385438
occupancy after magic mul: 3400407213129346816
occupancy after shift: 755
attacks: 32832
get_bishop_attacks for square 3
occupancy after mask: 2102272
occupancy after magic mul: 16216387500604694528
occupancy after shift: 28
attacks: 5120
get_rook_attacks for square 3
occupancy after mask: 2251799813687382
occupancy after magic mul: 9451328715305957462
occupancy after shift: 1049
attacks: 2068
get_bishop_attacks for square 52
occupancy after mask: 0
occupancy after magic mul: 0
occupancy after shift: 0
attacks: 2882348036221108224
get_bishop_attacks for square 58
occupancy after mask: 2814749767106560
occupancy after magic mul: 2328361007350546432
occupancy after shift: 4
attacks: 2814749767106560
get_rook_attacks for square 56
occupancy after mask: 6197234562238578944
occupancy after magic mul: 17834747450018103552
occupancy after shift: 3960
attacks: 144396663052566528
get_rook_attacks for square 63
occupancy after mask: 6232981884289187840
occupancy after magic mul: 6744858160569319424
occupancy after shift: 1497
attacks: 4647714815446351872
get_bishop_attacks for square 51
occupancy after mask: 0
occupancy after magic mul: 0
occupancy after shift: 0
attacks: 1441174018118909952
get_rook_attacks for square 51
occupancy after mask: 33214047251859456
occupancy after magic mul: 6593305313787772928
occupancy after shift: 366
attacks: 582099082425141248
Enter makemove
get_bishop_attacks for square 4
occupancy after mask: 272384
occupancy after magic mul: 12764626998232350720
occupancy after shift: 22
attacks: 10240
get_rook_attacks for square 4
occupancy after mask: 4503599895810126
occupancy after magic mul: 4857347432763256832
occupancy after shift: 539
attacks: 4200
get_bishop_attacks for square 2
occupancy after mask: 2560
occupancy after magic mul: 1175443006172430336
occupancy after shift: 2
attacks: 2560
get_bishop_attacks for square 12
occupancy after mask: 2097152
occupancy after magic mul: 9268548822156443648
occupancy after shift: 16
attacks: 1108171292712
get_rook_attacks for square 0
occupancy after mask: 281474976776542
occupancy after magic mul: 15988837028354534336
occupancy after shift: 3550
attacks: 258
get_rook_attacks for square 7
occupancy after mask: 36028797027385438
occupancy after magic mul: 3400407213129346816
occupancy after shift: 755
attacks: 32832
get_bishop_attacks for square 3
occupancy after mask: 2102272
occupancy after magic mul: 16216387500604694528
occupancy after shift: 28
attacks: 5120
get_rook_attacks for square 3
occupancy after mask: 2251799813687382
occupancy after magic mul: 9451328715305957462
occupancy after shift: 1049
attacks: 2068
get_bishop_attacks for square 52
occupancy after mask: 0
occupancy after magic mul: 0
occupancy after shift: 0
attacks: 2882348036221108224
get_bishop_attacks for square 58
occupancy after mask: 2814749767106560
occupancy after magic mul: 2328361007350546432
occupancy after shift: 4
attacks: 2814749767106560
get_rook_attacks for square 56
occupancy after mask: 6197234562238578944
occupancy after magic mul: 17834747450018103552
occupancy after shift: 3960
attacks: 144396663052566528
get_rook_attacks for square 63
occupancy after mask: 6232981884289187840
occupancy after magic mul: 6744858160569319424
occupancy after shift: 1497
attacks: 4647714815446351872
get_bishop_attacks for square 51
occupancy after mask: 0
occupancy after magic mul: 0
occupancy after shift: 0
attacks: 1441174018118909952
get_rook_attacks for square 51
occupancy after mask: 33214047251859456
occupancy after magic mul: 6593305313787772928
occupancy after shift: 366
attacks: 582099082425141248
Enter makemove
get_bishop_attacks for square 4
occupancy after mask: 272384
occupancy after magic mul: 12764626998232350720
occupancy after shift: 22
attacks: 10240
get_rook_attacks for square 4
occupancy after mask: 4503599895810126
occupancy after magic mul: 4857347432763256832
occupancy after shift: 539
attacks: 4200
get_bishop_attacks for square 2
occupancy after mask: 2560
occupancy after magic mul: 1175443006172430336
occupancy after shift: 2
attacks: 2560
get_bishop_attacks for square 12
occupancy after mask: 2097152
occupancy after magic mul: 9268548822156443648
occupancy after shift: 16
attacks: 1108171292712
get_rook_attacks for square 0
occupancy after mask: 281474976776542
occupancy after magic mul: 15988837028354534336
occupancy after shift: 3550
attacks: 258
get_rook_attacks for square 7
occupancy after mask: 36028797027385438
occupancy after magic mul: 3400407213129346816
occupancy after shift: 755
attacks: 32832
get_bishop_attacks for square 3
occupancy after mask: 2102272
occupancy after magic mul: 16216387500604694528
occupancy after shift: 28
attacks: 5120
get_rook_attacks for square 3
occupancy after mask: 2251799813687382
occupancy after magic mul: 9451328715305957462
occupancy after shift: 1049
attacks: 2068
get_bishop_attacks for square 52
occupancy after mask: 0
occupancy after magic mul: 0
occupancy after shift: 0
attacks: 2882348036221108224
get_bishop_attacks for square 58
occupancy after mask: 2814749767106560
occupancy after magic mul: 2328361007350546432
occupancy after shift: 4
attacks: 2814749767106560
get_rook_attacks for square 56
occupancy after mask: 6197234562238578944
occupancy after magic mul: 17834747450018103552
occupancy after shift: 3960
attacks: 144396663052566528
get_rook_attacks for square 63
occupancy after mask: 6232981884289187840
occupancy after magic mul: 6744858160569319424
occupancy after shift: 1497
attacks: 4647714815446351872
get_bishop_attacks for square 51
occupancy after mask: 0
occupancy after magic mul: 0
occupancy after shift: 0
attacks: 1441174018118909952
get_rook_attacks for square 51
occupancy after mask: 33214047251859456
occupancy after magic mul: 6593305313787772928
occupancy after shift: 366
attacks: 582099082425141248
Enter makemove
get_bishop_attacks for square 4
occupancy after mask: 272384
occupancy after magic mul: 12764626998232350720
occupancy after shift: 22
attacks: 10240
get_rook_attacks for square 4
occupancy after mask: 4503599895810126
occupancy after magic mul: 4857347432763256832
occupancy after shift: 539
attacks: 4200
get_bishop_attacks for square 2
occupancy after mask: 2560
occupancy after magic mul: 1175443006172430336
occupancy after shift: 2
attacks: 2560
get_bishop_attacks for square 12
occupancy after mask: 2097152
occupancy after magic mul: 9268548822156443648
occupancy after shift: 16
attacks: 1108171292712
get_rook_attacks for square 0
occupancy after mask: 281474976776542
occupancy after magic mul: 15988837028354534336
occupancy after shift: 3550
attacks: 258
get_rook_attacks for square 7
occupancy after mask: 36028797027385438
occupancy after magic mul: 3400407213129346816
occupancy after shift: 755
attacks: 32832
get_bishop_attacks for square 3
occupancy after mask: 2102272
occupancy after magic mul: 16216387500604694528
occupancy after shift: 28
attacks: 5120
get_rook_attacks for square 3
occupancy after mask: 2251799813687382
occupancy after magic mul: 9451328715305957462
occupancy after shift: 1049
attacks: 2068
get_bishop_attacks for square 52
occupancy after mask: 0
occupancy after magic mul: 0
occupancy after shift: 0
attacks: 2882348036221108224
get_bishop_attacks for square 58
occupancy after mask: 2814749767106560
occupancy after magic mul: 2328361007350546432
occupancy after shift: 4
attacks: 2814749767106560
get_rook_attacks for square 56
occupancy after mask: 6197234562238578944
occupancy after magic mul: 17834747450018103552
occupancy after shift: 3960
attacks: 144396663052566528
get_rook_attacks for square 63
occupancy after mask: 6232981884289187840
occupancy after magic mul: 6744858160569319424
occupancy after shift: 1497
attacks: 4647714815446351872
get_bishop_attacks for square 51
occupancy after mask: 0
occupancy after magic mul: 0
occupancy after shift: 0
attacks: 1441174018118909952
get_rook_attacks for square 51
occupancy after mask: 33214047251859456
occupancy after magic mul: 6593305313787772928
occupancy after shift: 366
attacks: 582099082425141248
Enter makemove
get_bishop_attacks for square 4
occupancy after mask: 272384
occupancy after magic mul: 12764626998232350720
occupancy after shift: 22
attacks: 10240
get_rook_attacks for square 4
occupancy after mask: 4503599895806030
occupancy after magic mul: 4846088158808535040
occupancy after shift: 538
attacks: 269488232
get_bishop_attacks for square 2
occupancy after mask: 2560
occupancy after magic mul: 1175443006172430336
occupancy after shift: 2
attacks: 2560
get_bishop_attacks for square 12
occupancy after mask: 2097152
occupancy after magic mul: 9268548822156443648
occupancy after shift: 16
attacks: 1108171292712
get_rook_attacks for square 0
occupancy after mask: 281474976776542
occupancy after magic mul: 15988837028354534336
occupancy after shift: 3550
attacks: 258
get_rook_attacks for square 7
occupancy after mask: 36028797027385438
occupancy after magic mul: 3400407213129346816
occupancy after shift: 755
attacks: 32832
get_bishop_attacks for square 3
occupancy after mask: 2098176
occupancy after magic mul: 6947942075482513408
occupancy after shift: 12
attacks: 2102272
get_rook_attacks for square 3
occupancy after mask: 2251799813687382
occupancy after magic mul: 9451328715305957462
occupancy after shift: 1049
attacks: 2068
get_bishop_attacks for square 52
occupancy after mask: 0
occupancy after magic mul: 0
occupancy after shift: 0
attacks: 2882348036221108224
get_bishop_attacks for square 58
occupancy after mask: 2814749767106560
occupancy after magic mul: 2328361007350546432
occupancy after shift: 4
attacks: 2814749767106560
get_rook_attacks for square 56
occupancy after mask: 6197234562238578944
occupancy after magic mul: 17834747450018103552
occupancy after shift: 3960
attacks: 144396663052566528
get_rook_attacks for square 63
occupancy after mask: 6232981884289187840
occupancy after magic mul: 6744858160569319424
occupancy after shift: 1497
attacks: 4647714815446351872
get_bishop_attacks for square 51
occupancy after mask: 0
occupancy after magic mul: 0
occupancy after shift: 0
attacks: 1441174018118909952
get_rook_attacks for square 51
occupancy after mask: 33214047251859456
occupancy after magic mul: 6593305313787772928
occupancy after shift: 366
attacks: 582099082425141248
Enter makemove
get_bishop_attacks for square 4
occupancy after mask: 272384
occupancy after magic mul: 12764626998232350720
occupancy after shift: 22
attacks: 10240
get_rook_attacks for square 4
occupancy after mask: 4503599895810126
occupancy after magic mul: 4857347432763256832
occupancy after shift: 539
attacks: 4200
get_bishop_attacks for square 2
occupancy after mask: 2560
occupancy after magic mul: 1175443006172430336
occupancy after shift: 2
attacks: 2560
get_bishop_attacks for square 12
occupancy after mask: 2097152
occupancy after magic mul: 9268548822156443648
occupancy after shift: 16
attacks: 1108171292712
get_rook_attacks for square 0
occupancy after mask: 281474976776542
occupancy after magic mul: 15988837028354534336
occupancy after shift: 3550
attacks: 258
get_rook_attacks for square 7
occupancy after mask: 36028797027385438
occupancy after magic mul: 3400407213129346816
occupancy after shift: 755
attacks: 32832
get_bishop_attacks for square 3
occupancy after mask: 2102272
occupancy after magic mul: 16216387500604694528
occupancy after shift: 28
attacks: 5120
get_rook_attacks for square 3
occupancy after mask: 2251799813687382
occupancy after magic mul: 9451328715305957462
occupancy after shift: 1049
attacks: 2068
get_bishop_attacks for square 52
occupancy after mask: 0
occupancy after magic mul: 0
occupancy after shift: 0
attacks: 2882348036221108224
get_bishop_attacks for square 58
occupancy after mask: 2814749767106560
occupancy after magic mul: 2328361007350546432
occupancy after shift: 4
attacks: 2814749767106560
get_rook_attacks for square 56
occupancy after mask: 6197234562238578944
occupancy after magic mul: 17834747450018103552
occupancy after shift: 3960
attacks: 144396663052566528
get_rook_attacks for square 63
occupancy after mask: 6232981884289187840
occupancy after magic mul: 6744858160569319424
occupancy after shift: 1497
attacks: 4647714815446351872
get_bishop_attacks for square 51
occupancy after mask: 0
occupancy after magic mul: 0
occupancy after shift: 0
attacks: 1441174018118909952
get_rook_attacks for square 51
occupancy after mask: 33214047251859456
occupancy after magic mul: 6593305313787772928
occupancy after shift: 366
attacks: 582099082425141248
Enter makemove
get_bishop_attacks for square 4
occupancy after mask: 272384
occupancy after magic mul: 12764626998232350720
occupancy after shift: 22
attacks: 10240
get_rook_attacks for square 4
occupancy after mask: 4503599895810126
occupancy after magic mul: 4857347432763256832
occupancy after shift: 539
attacks: 4200
get_bishop_attacks for square 2
occupancy after mask: 2560
occupancy after magic mul: 1175443006172430336
occupancy after shift: 2
attacks: 2560
get_bishop_attacks for square 12
occupancy after mask: 2097152
occupancy after magic mul: 9268548822156443648
occupancy after shift: 16
attacks: 1108171292712
get_rook_attacks for square 0
occupancy after mask: 281474976776542
occupancy after magic mul: 15988837028354534336
occupancy after shift: 3550
attacks: 258
get_rook_attacks for square 7
occupancy after mask: 36028797027385438
occupancy after magic mul: 3400407213129346816
occupancy after shift: 755
attacks: 32832
get_bishop_attacks for square 3
occupancy after mask: 2102272
occupancy after magic mul: 16216387500604694528
occupancy after shift: 28
attacks: 5120
get_rook_attacks for square 3
occupancy after mask: 2251799813687382
occupancy after magic mul: 9451328715305957462
occupancy after shift: 1049
attacks: 2068
get_bishop_attacks for square 52
occupancy after mask: 0
occupancy after magic mul: 0
occupancy after shift: 0
attacks: 2882348036221108224
get_bishop_attacks for square 58
occupancy after mask: 2814749767106560
occupancy after magic mul: 2328361007350546432
occupancy after shift: 4
attacks: 2814749767106560
get_rook_attacks for square 56
occupancy after mask: 6197234562238578944
occupancy after magic mul: 17834747450018103552
occupancy after shift: 3960
attacks: 144396663052566528
get_rook_attacks for square 63
occupancy after mask: 6232981884289187840
occupancy after magic mul: 6744858160569319424
occupancy after shift: 1497
attacks: 4647714815446351872
get_bishop_attacks for square 51
occupancy after mask: 0
occupancy after magic mul: 0
occupancy after shift: 0
attacks: 1441174018118909952
get_rook_attacks for square 51
occupancy after mask: 33214047251859456
occupancy after magic mul: 6593305313787772928
occupancy after shift: 366
attacks: 582099082425141248
Enter makemove
get_bishop_attacks for square 4
occupancy after mask: 272384
occupancy after magic mul: 12764626998232350720
occupancy after shift: 22
attacks: 10240
get_rook_attacks for square 4
occupancy after mask: 4503599627374670
occupancy after magic mul: 4839332484497960960
occupancy after shift: 537
attacks: 4200
get_bishop_attacks for square 2
occupancy after mask: 2560
occupancy after magic mul: 1175443006172430336
occupancy after shift: 2
attacks: 2560
get_bishop_attacks for square 12
occupancy after mask: 2097152
occupancy after magic mul: 9268548822156443648
occupancy after shift: 16
attacks: 1108171292712
get_rook_attacks for square 0
occupancy after mask: 281474976776542
occupancy after magic mul: 15988837028354534336
occupancy after shift: 3550
attacks: 258
get_rook_attacks for square 7
occupancy after mask: 36028797027385438
occupancy after magic mul: 3400407213129346816
occupancy after shift: 755
attacks: 32832
get_bishop_attacks for square 3
occupancy after mask: 2102272
occupancy after magic mul: 16216387500604694528
occupancy after shift: 28
attacks: 5120
get_rook_attacks for square 3
occupancy after mask: 2251799813687382
occupancy after magic mul: 9451328715305957462
occupancy after shift: 1049
attacks: 2068
get_bishop_attacks for square 52
occupancy after mask: 0
occupancy after magic mul: 0
occupancy after shift: 0
attacks: 2882348036221108224
get_bishop_attacks for square 58
occupancy after mask: 2814749767106560
occupancy after magic mul: 2328361007350546432
occupancy after shift: 4
attacks: 2814749767106560
get_rook_attacks for square 56
occupancy after mask: 6197234562238578944
occupancy after magic mul: 17834747450018103552
occupancy after shift: 3960
attacks: 144396663052566528
get_rook_attacks for square 63
occupancy after mask: 6232981884289187840
occupancy after magic mul: 6744858160569319424
occupancy after shift: 1497
attacks: 4647714815446351872
get_bishop_attacks for square 51
occupancy after mask: 0
occupancy after magic mul: 0
occupancy after shift: 0
attacks: 1441174018118909952
get_rook_attacks for square 51
occupancy after mask: 33214047251859456
occupancy after magic mul: 6593305313787772928
occupancy after shift: 366
attacks: 582099082425141248
Enter makemove
get_bishop_attacks for square 4
occupancy after mask: 272384
occupancy after magic mul: 12764626998232350720
occupancy after shift: 22
attacks: 10240
get_rook_attacks for square 4
occupancy after mask: 4503599627374670
occupancy after magic mul: 4839332484497960960
occupancy after shift: 537
attacks: 4200
get_bishop_attacks for square 2
occupancy after mask: 2560
occupancy after magic mul: 1175443006172430336
occupancy after shift: 2
attacks: 2560
get_bishop_attacks for square 12
occupancy after mask: 2097152
occupancy after magic mul: 9268548822156443648
occupancy after shift: 16
attacks: 1108171292712
get_rook_attacks for square 0
occupancy after mask: 281474976776542
occupancy after magic mul: 15988837028354534336
occupancy after shift: 3550
attacks: 258
get_rook_attacks for square 7
occupancy after mask: 36028797027385438
occupancy after magic mul: 3400407213129346816
occupancy after shift: 755
attacks: 32832
get_bishop_attacks for square 3
occupancy after mask: 2102272
occupancy after magic mul: 16216387500604694528
occupancy after shift: 28
attacks: 5120
get_rook_attacks for square 3
occupancy after mask: 2251799813687382
occupancy after magic mul: 9451328715305957462
occupancy after shift: 1049
attacks: 2068
get_bishop_attacks for square 52
occupancy after mask: 0
occupancy after magic mul: 0
occupancy after shift: 0
attacks: 2882348036221108224
get_bishop_attacks for square 58
occupancy after mask: 2814749767106560
occupancy after magic mul: 2328361007350546432
occupancy after shift: 4
attacks: 2814749767106560
get_rook_attacks for square 56
occupancy after mask: 6197234562238578944
occupancy after magic mul: 17834747450018103552
occupancy after shift: 3960
attacks: 144396663052566528
get_rook_attacks for square 63
occupancy after mask: 6232981884289187840
occupancy after magic mul: 6744858160569319424
occupancy after shift: 1497
attacks: 4647714815446351872
get_bishop_attacks for square 51
occupancy after mask: 0
occupancy after magic mul: 0
occupancy after shift: 0
attacks: 1441174018118909952
get_rook_attacks for square 51
occupancy after mask: 33214047251859456
occupancy after magic mul: 6593305313787772928
occupancy after shift: 366
attacks: 582099082425141248
Enter makemove
get_bishop_attacks for square 4
occupancy after mask: 272384
occupancy after magic mul: 12764626998232350720
occupancy after shift: 22
attacks: 10240
get_rook_attacks for square 4
occupancy after mask: 4503599895810126
occupancy after magic mul: 4857347432763256832
occupancy after shift: 539
attacks: 4200
get_bishop_attacks for square 2
occupancy after mask: 2560
occupancy after magic mul: 1175443006172430336
occupancy after shift: 2
attacks: 2560
get_bishop_attacks for square 12
occupancy after mask: 2097152
occupancy after magic mul: 9268548822156443648
occupancy after shift: 16
attacks: 1108171292712
get_rook_attacks for square 0
occupancy after mask: 281474976776542
occupancy after magic mul: 15988837028354534336
occupancy after shift: 3550
attacks: 258
get_rook_attacks for square 7
occupancy after mask: 36028797027385438
occupancy after magic mul: 3400407213129346816
occupancy after shift: 755
attacks: 32832
get_bishop_attacks for square 3
occupancy after mask: 2102272
occupancy after magic mul: 16216387500604694528
occupancy after shift: 28
attacks: 5120
get_rook_attacks for square 3
occupancy after mask: 2251799813687382
occupancy after magic mul: 9451328715305957462
occupancy after shift: 1049
attacks: 2068
get_bishop_attacks for square 52
occupancy after mask: 0
occupancy after magic mul: 0
occupancy after shift: 0
attacks: 2882348036221108224
get_bishop_attacks for square 58
occupancy after mask: 2814749767106560
occupancy after magic mul: 2328361007350546432
occupancy after shift: 4
attacks: 2814749767106560
get_rook_attacks for square 56
occupancy after mask: 6197234562238578944
occupancy after magic mul: 17834747450018103552
occupancy after shift: 3960
attacks: 144396663052566528
get_rook_attacks for square 63
occupancy after mask: 6232981884289187840
occupancy after magic mul: 6744858160569319424
occupancy after shift: 1497
attacks: 4647714815446351872
get_bishop_attacks for square 51
occupancy after mask: 0
occupancy after magic mul: 0
occupancy after shift: 0
attacks: 1441174018118909952
get_rook_attacks for square 51
occupancy after mask: 33214047251859456
occupancy after magic mul: 6593305313787772928
occupancy after shift: 366
attacks: 582099082425141248
Enter makemove
get_bishop_attacks for square 4
occupancy after mask: 272384
occupancy after magic mul: 12764626998232350720
occupancy after shift: 22
attacks: 10240
get_rook_attacks for square 4
occupancy after mask: 4503599895810126
occupancy after magic mul: 4857347432763256832
occupancy after shift: 539
attacks: 4200
get_bishop_attacks for square 2
occupancy after mask: 2560
occupancy after magic mul: 1175443006172430336
occupancy after shift: 2
attacks: 2560
get_bishop_attacks for square 12
occupancy after mask: 2097152
occupancy after magic mul: 9268548822156443648
occupancy after shift: 16
attacks: 1108171292712
get_rook_attacks for square 0
occupancy after mask: 281474976776542
occupancy after magic mul: 15988837028354534336
occupancy after shift: 3550
attacks: 258
get_rook_attacks for square 7
occupancy after mask: 36028797027385438
occupancy after magic mul: 3400407213129346816
occupancy after shift: 755
attacks: 32832
get_bishop_attacks for square 3
occupancy after mask: 2102272
occupancy after magic mul: 16216387500604694528
occupancy after shift: 28
attacks: 5120
get_rook_attacks for square 3
occupancy after mask: 2251799813687382
occupancy after magic mul: 9451328715305957462
occupancy after shift: 1049
attacks: 2068
get_bishop_attacks for square 52
occupancy after mask: 0
occupancy after magic mul: 0
occupancy after shift: 0
attacks: 2882348036221108224
get_bishop_attacks for square 58
occupancy after mask: 2814749767106560
occupancy after magic mul: 2328361007350546432
occupancy after shift: 4
attacks: 2814749767106560
get_rook_attacks for square 56
occupancy after mask: 6197234562238578944
occupancy after magic mul: 17834747450018103552
occupancy after shift: 3960
attacks: 144396663052566528
get_rook_attacks for square 63
occupancy after mask: 6232981884289187840
occupancy after magic mul: 6744858160569319424
occupancy after shift: 1497
attacks: 4647714815446351872
get_bishop_attacks for square 51
occupancy after mask: 0
occupancy after magic mul: 0
occupancy after shift: 0
attacks: 1441174018118909952
get_rook_attacks for square 51
occupancy after mask: 33214047251859456
occupancy after magic mul: 6593305313787772928
occupancy after shift: 366
attacks: 582099082425141248
Enter makemove
get_bishop_attacks for square 4
occupancy after mask: 272384
occupancy after magic mul: 12764626998232350720
occupancy after shift: 22
attacks: 10240
get_rook_attacks for square 4
occupancy after mask: 4503599895806030
occupancy after magic mul: 4846088158808535040
occupancy after shift: 538
attacks: 269488232
get_bishop_attacks for square 2
occupancy after mask: 2560
occupancy after magic mul: 1175443006172430336
occupancy after shift: 2
attacks: 2560
get_bishop_attacks for square 12
occupancy after mask: 2097152
occupancy after magic mul: 9268548822156443648
occupancy after shift: 16
attacks: 1108171292712
get_rook_attacks for square 0
occupancy after mask: 281474976776542
occupancy after magic mul: 15988837028354534336
occupancy after shift: 3550
attacks: 258
get_rook_attacks for square 7
occupancy after mask: 36028797027385438
occupancy after magic mul: 3400407213129346816
occupancy after shift: 755
attacks: 32832
get_bishop_attacks for square 3
occupancy after mask: 2098176
occupancy after magic mul: 6947942075482513408
occupancy after shift: 12
attacks: 2102272
get_rook_attacks for square 3
occupancy after mask: 2251799813687382
occupancy after magic mul: 9451328715305957462
occupancy after shift: 1049
attacks: 2068
get_bishop_attacks for square 52
occupancy after mask: 0
occupancy after magic mul: 0
occupancy after shift: 0
attacks: 2882348036221108224
get_bishop_attacks for square 58
occupancy after mask: 2814749767106560
occupancy after magic mul: 2328361007350546432
occupancy after shift: 4
attacks: 2814749767106560
get_rook_attacks for square 56
occupancy after mask: 6197234562238578944
occupancy after magic mul: 17834747450018103552
occupancy after shift: 3960
attacks: 144396663052566528
get_rook_attacks for square 63
occupancy after mask: 6232981884289187840
occupancy after magic mul: 6744858160569319424
occupancy after shift: 1497
attacks: 4647714815446351872
get_bishop_attacks for square 51
occupancy after mask: 0
occupancy after magic mul: 0
occupancy after shift: 0
attacks: 1441174018118909952
get_rook_attacks for square 51
occupancy after mask: 33214047251859456
occupancy after magic mul: 6593305313787772928
occupancy after shift: 366
attacks: 582099082425141248
Enter makemove
get_bishop_attacks for square 4
occupancy after mask: 272384
occupancy after magic mul: 12764626998232350720
occupancy after shift: 22
attacks: 10240
get_rook_attacks for square 4
occupancy after mask: 4503599895810126
occupancy after magic mul: 4857347432763256832
occupancy after shift: 539
attacks: 4200
get_bishop_attacks for square 2
occupancy after mask: 2560
occupancy after magic mul: 1175443006172430336
occupancy after shift: 2
attacks: 2560
get_bishop_attacks for square 12
occupancy after mask: 2097152
occupancy after magic mul: 9268548822156443648
occupancy after shift: 16
attacks: 1108171292712
get_rook_attacks for square 1
occupancy after mask: 562949953421916
occupancy after magic mul: 3243345838848311900
occupancy after shift: 360
attacks: 517
get_rook_attacks for square 7
occupancy after mask: 36028797027385438
occupancy after magic mul: 3400407213129346816
occupancy after shift: 755
attacks: 32832
get_bishop_attacks for square 3
occupancy after mask: 2102272
occupancy after magic mul: 16216387500604694528
occupancy after shift: 28
attacks: 5120
get_rook_attacks for square 3
occupancy after mask: 2251799813687382
occupancy after magic mul: 9451328715305957462
occupancy after shift: 1049
attacks: 2068
get_bishop_attacks for square 52
occupancy after mask: 0
occupancy after magic mul: 0
occupancy after shift: 0
attacks: 2882348036221108224
get_bishop_attacks for square 58
occupancy after mask: 2814749767106560
occupancy after magic mul: 2328361007350546432
occupancy after shift: 4
attacks: 2814749767106560
get_rook_attacks for square 56
occupancy after mask: 6197234562238578944
occupancy after magic mul: 17834747450018103552
occupancy after shift: 3960
attacks: 144396663052566528
get_rook_attacks for square 63
occupancy after mask: 6232981884289187840
occupancy after magic mul: 6744858160569319424
occupancy after shift: 1497
attacks: 4647714815446351872
get_bishop_attacks for square 51
occupancy after mask: 0
occupancy after magic mul: 0
occupancy after shift: 0
attacks: 1441174018118909952
get_rook_attacks for square 51
occupancy after mask: 33214047251859456
occupancy after magic mul: 6593305313787772928
occupancy after shift: 366
attacks: 582099082425141248
Enter makemove
get_bishop_attacks for square 4
occupancy after mask: 272384
occupancy after magic mul: 12764626998232350720
occupancy after shift: 22
attacks: 10240
get_rook_attacks for square 4
occupancy after mask: 4503599895810126
occupancy after magic mul: 4857347432763256832
occupancy after shift: 539
attacks: 4200
get_bishop_attacks for square 2
occupancy after mask: 2560
occupancy after magic mul: 1175443006172430336
occupancy after shift: 2
attacks: 2560
get_bishop_attacks for square 12
occupancy after mask: 2097152
occupancy after magic mul: 9268548822156443648
occupancy after shift: 16
attacks: 1108171292712
get_rook_attacks for square 7
occupancy after mask: 36028797027385438
occupancy after magic mul: 3400407213129346816
occupancy after shift: 755
attacks: 32832
get_rook_attacks for square 8
occupancy after mask: 281474976808448
occupancy after magic mul: 13777847576928557056
occupancy after shift: 1529
attacks: 66049
get_bishop_attacks for square 3
occupancy after mask: 2102272
occupancy after magic mul: 16216387500604694528
occupancy after shift: 28
attacks: 5120
get_rook_attacks for square 3
occupancy after mask: 2251799813687382
occupancy after magic mul: 9451328715305957462
occupancy after shift: 1049
attacks: 2068
get_bishop_attacks for square 52
occupancy after mask: 0
occupancy after magic mul: 0
occupancy after shift: 0
attacks: 2882348036221108224
get_bishop_attacks for square 58
occupancy after mask: 2814749767106560
occupancy after magic mul: 2328361007350546432
occupancy after shift: 4
attacks: 2814749767106560
get_rook_attacks for square 56
occupancy after mask: 6197234562238578944
occupancy after magic mul: 17834747450018103552
occupancy after shift: 3960
attacks: 144396663052566528
get_rook_attacks for square 63
occupancy after mask: 6232981884289187840
occupancy after magic mul: 6744858160569319424
occupancy after shift: 1497
attacks: 4647714815446351872
get_bishop_attacks for square 51
occupancy after mask: 0
occupancy after magic mul: 0
occupancy after shift: 0
attacks: 1441174018118909952
get_rook_attacks for square 51
occupancy after mask: 33214047251859456
occupancy after magic mul: 6593305313787772928
occupancy after shift: 366
attacks: 582099082425141248
Enter makemove
get_bishop_attacks for square 4
occupancy after mask: 272384
occupancy after magic mul: 12764626998232350720
occupancy after shift: 22
attacks: 10240
get_rook_attacks for square 4
occupancy after mask: 4503599895810126
occupancy after magic mul: 4857347432763256832
occupancy after shift: 539
attacks: 4200
get_bishop_attacks for square 2
occupancy after mask: 2560
occupancy after magic mul: 1175443006172430336
occupancy after shift: 2
attacks: 2560
get_bishop_attacks for square 12
occupancy after mask: 2097152
occupancy after magic mul: 9268548822156443648
occupancy after shift: 16
attacks: 1108171292712
get_rook_attacks for square 0
occupancy after mask: 281474976776542
occupancy after magic mul: 15988837028354534336
occupancy after shift: 3550
attacks: 258
get_rook_attacks for square 6
occupancy after mask: 18014398509498398
occupancy after magic mul: 7746257605225475840
occupancy after shift: 860
attacks: 16560
get_bishop_attacks for square 3
occupancy after mask: 2102272
occupancy after magic mul: 16216387500604694528
occupancy after shift: 28
attacks: 5120
get_rook_attacks for square 3
occupancy after mask: 2251799813687382
occupancy after magic mul: 9451328715305957462
occupancy after shift: 1049
attacks: 2068
get_bishop_attacks for square 52
occupancy after mask: 0
occupancy after magic mul: 0
occupancy after shift: 0
attacks: 2882348036221108224
get_bishop_attacks for square 58
occupancy after mask: 2814749767106560
occupancy after magic mul: 2328361007350546432
occupancy after shift: 4
attacks: 2814749767106560
get_rook_attacks for square 56
occupancy after mask: 6197234562238578944
occupancy after magic mul: 17834747450018103552
occupancy after shift: 3960
attacks: 144396663052566528
get_rook_attacks for square 63
occupancy after mask: 6232981884289187840
occupancy after magic mul: 6744858160569319424
occupancy after shift: 1497
attacks: 4647714815446351872
get_bishop_attacks for square 51
occupancy after mask: 0
occupancy after magic mul: 0
occupancy after shift: 0
attacks: 1441174018118909952
get_rook_attacks for square 51
occupancy after mask: 33214047251859456
occupancy after magic mul: 6593305313787772928
occupancy after shift: 366
attacks: 582099082425141248
Enter makemove
get_bishop_attacks for square 4
occupancy after mask: 272384
occupancy after magic mul: 12764626998232350720
occupancy after shift: 22
attacks: 10240
get_rook_attacks for square 4
occupancy after mask: 4503599895810126
occupancy after magic mul: 4857347432763256832
occupancy after shift: 539
attacks: 4200
get_bishop_attacks for square 2
occupancy after mask: 2560
occupancy after magic mul: 1175443006172430336
occupancy after shift: 2
attacks: 2560
get_bishop_attacks for square 12
occupancy after mask: 2097152
occupancy after magic mul: 9268548822156443648
occupancy after shift: 16
attacks: 1108171292712
get_rook_attacks for square 0
occupancy after mask: 281474976776542
occupancy after magic mul: 15988837028354534336
occupancy after shift: 3550
attacks: 258
get_rook_attacks for square 15
occupancy after mask: 36028797027384832
occupancy after magic mul: 14956522671280487424
occupancy after shift: 1660
attacks: 8405120
get_bishop_attacks for square 3
occupancy after mask: 2102272
occupancy after magic mul: 16216387500604694528
occupancy after shift: 28
attacks: 5120
get_rook_attacks for square 3
occupancy after mask: 2251799813687382
occupancy after magic mul: 9451328715305957462
occupancy after shift: 1049
attacks: 2068
get_bishop_attacks for square 52
occupancy after mask: 0
occupancy after magic mul: 0
occupancy after shift: 0
attacks: 2882348036221108224
get_bishop_attacks for square 58
occupancy after mask: 2814749767106560
occupancy after magic mul: 2328361007350546432
occupancy after shift: 4
attacks: 2814749767106560
get_rook_attacks for square 56
occupancy after mask: 6197234562238578944
occupancy after magic mul: 17834747450018103552
occupancy after shift: 3960
attacks: 144396663052566528
get_rook_attacks for square 63
occupancy after mask: 6232981884289187840
occupancy after magic mul: 6744858160569319424
occupancy after shift: 1497
attacks: 4647714815446351872
get_bishop_attacks for square 51
occupancy after mask: 0
occupancy after magic mul: 0
occupancy after shift: 0
attacks: 1441174018118909952
get_rook_attacks for square 51
occupancy after mask: 33214047251859456
occupancy after magic mul: 6593305313787772928
occupancy after shift: 366
attacks: 582099082425141248
Enter makemove
get_bishop_attacks for square 4
occupancy after mask: 272384
occupancy after magic mul: 12764626998232350720
occupancy after shift: 22
attacks: 10240
get_rook_attacks for square 4
occupancy after mask: 4503599895810118
occupancy after magic mul: 3416173561235255296
occupancy after shift: 379
attacks: 4204
get_bishop_attacks for square 2
occupancy after mask: 2560
occupancy after magic mul: 1175443006172430336
occupancy after shift: 2
attacks: 2560
get_bishop_attacks for square 12
occupancy after mask: 2097152
occupancy after magic mul: 9268548822156443648
occupancy after shift: 16
attacks: 1108171292712
get_rook_attacks for square 0
occupancy after mask: 281474976776534
occupancy after magic mul: 9935974939904125632
occupancy after shift: 2206
attacks: 258
get_rook_attacks for square 7
occupancy after mask: 36028797027385430
occupancy after magic mul: 16947233784024017664
occupancy after shift: 3763
attacks: 32832
get_bishop_attacks for square 2
occupancy after mask: 2560
occupancy after magic mul: 1175443006172430336
occupancy after shift: 2
attacks: 2560
get_rook_attacks for square 2
occupancy after mask: 1125899907105874
occupancy after magic mul: 15243137078454850688
occupancy after shift: 1692
attacks: 1050
get_bishop_attacks for square 52
occupancy after mask: 0
occupancy after magic mul: 0
occupancy after shift: 0
attacks: 2882348036221108224
get_bishop_attacks for square 58
occupancy after mask: 2814749767106560
occupancy after magic mul: 2328361007350546432
occupancy after shift: 4
attacks: 2814749767106560
get_rook_attacks for square 56
occupancy after mask: 6197234562238578944
occupancy after magic mul: 17834747450018103552
occupancy after shift: 3960
attacks: 144396663052566528
get_rook_attacks for square 63
occupancy after mask: 6232981884289187840
occupancy after magic mul: 6744858160569319424
occupancy after shift: 1497
attacks: 4647714815446351872
get_bishop_attacks for square 51
occupancy after mask: 0
occupancy after magic mul: 0
occupancy after shift: 0
attacks: 1441174018118909952
get_rook_attacks for square 51
occupancy after mask: 33214047251859456
occupancy after magic mul: 6593305313787772928
occupancy after shift: 366
attacks: 582099082425141248
Enter makemove
get_bishop_attacks for square 4
occupancy after mask: 272384
occupancy after magic mul: 12764626998232350720
occupancy after shift: 22
attacks: 10240
get_rook_attacks for square 4
occupancy after mask: 4503599895810118
occupancy after magic mul: 3416173561235255296
occupancy after shift: 379
attacks: 4204
get_bishop_attacks for square 2
occupancy after mask: 2560
occupancy after magic mul: 1175443006172430336
occupancy after shift: 2
attacks: 2560
get_bishop_attacks for square 12
occupancy after mask: 2097152
occupancy after magic mul: 9268548822156443648
occupancy after shift: 16
attacks: 1108171292712
get_rook_attacks for square 0
occupancy after mask: 281474976776534
occupancy after magic mul: 9935974939904125632
occupancy after shift: 2206
attacks: 258
get_rook_attacks for square 7
occupancy after mask: 36028797027385430
occupancy after magic mul: 16947233784024017664
occupancy after shift: 3763
attacks: 32832
get_bishop_attacks for square 4
occupancy after mask: 272384
occupancy after magic mul: 12764626998232350720
occupancy after shift: 22
attacks: 10240
get_rook_attacks for square 4
occupancy after mask: 4503599895810118
occupancy after magic mul: 3416173561235255296
occupancy after shift: 379
attacks: 4204
get_bishop_attacks for square 52
occupancy after mask: 0
occupancy after magic mul: 0
occupancy after shift: 0
attacks: 2882348036221108224
get_bishop_attacks for square 58
occupancy after mask: 2814749767106560
occupancy after magic mul: 2328361007350546432
occupancy after shift: 4
attacks: 2814749767106560
get_rook_attacks for square 56
occupancy after mask: 6197234562238578944
occupancy after magic mul: 17834747450018103552
occupancy after shift: 3960
attacks: 144396663052566528
get_rook_attacks for square 63
occupancy after mask: 6232981884289187840
occupancy after magic mul: 6744858160569319424
occupancy after shift: 1497
attacks: 4647714815446351872
get_bishop_attacks for square 51
occupancy after mask: 0
occupancy after magic mul: 0
occupancy after shift: 0
attacks: 1441174018118909952
get_rook_attacks for square 51
occupancy after mask: 33214047251859456
occupancy after magic mul: 6593305313787772928
occupancy after shift: 366
attacks: 582099082425141248
Enter makemove
get_bishop_attacks for square 4
occupancy after mask: 272384
occupancy after magic mul: 12764626998232350720
occupancy after shift: 22
attacks: 10240
get_rook_attacks for square 4
occupancy after mask: 4503599895810118
occupancy after magic mul: 3416173561235255296
occupancy after shift: 379
attacks: 4204
get_bishop_attacks for square 2
occupancy after mask: 2560
occupancy after magic mul: 1175443006172430336
occupancy after shift: 2
attacks: 2560
get_bishop_attacks for square 12
occupancy after mask: 2097152
occupancy after magic mul: 9268548822156443648
occupancy after shift: 16
attacks: 1108171292712
get_rook_attacks for square 0
occupancy after mask: 281474976776534
occupancy after magic mul: 9935974939904125632
occupancy after shift: 2206
attacks: 258
get_rook_attacks for square 7
occupancy after mask: 36028797027385430
occupancy after magic mul: 16947233784024017664
occupancy after shift: 3763
attacks: 32832
get_bishop_attacks for square 10
occupancy after mask: 268435456
occupancy after magic mul: 653197872124133376
occupancy after shift: 1
attacks: 285868042
get_rook_attacks for square 10
occupancy after mask: 1125899907136000
occupancy after magic mul: 2130013667861725184
occupancy after shift: 118
attacks: 264708
get_bishop_attacks for square 52
occupancy after mask: 0
occupancy after magic mul: 0
occupancy after shift: 0
attacks: 2882348036221108224
get_bishop_attacks for square 58
occupancy after mask: 2814749767106560
occupancy after magic mul: 2328361007350546432
occupancy after shift: 4
attacks: 2814749767106560
get_rook_attacks for square 56
occupancy after mask: 6197234562238578944
occupancy after magic mul: 17834747450018103552
occupancy after shift: 3960
attacks: 144396663052566528
get_rook_attacks for square 63
occupancy after mask: 6232981884289187840
occupancy after magic mul: 6744858160569319424
occupancy after shift: 1497
attacks: 4647714815446351872
get_bishop_attacks for square 51
occupancy after mask: 0
occupancy after magic mul: 0
occupancy after shift: 0
attacks: 1441174018118909952
get_rook_attacks for square 51
occupancy after mask: 33214047251859456
occupancy after magic mul: 6593305313787772928
occupancy after shift: 366
attacks: 582099082425141248
Enter makemove
get_bishop_attacks for square 4
occupancy after mask: 272384
occupancy after magic mul: 12764626998232350720
occupancy after shift: 22
attacks: 10240
get_rook_attacks for square 4
occupancy after mask: 4503599895810118
occupancy after magic mul: 3416173561235255296
occupancy after shift: 379
attacks: 4204
get_bishop_attacks for square 2
occupancy after mask: 2560
occupancy after magic mul: 1175443006172430336
occupancy after shift: 2
attacks: 2560
get_bishop_attacks for square 12
occupancy after mask: 2097152
occupancy after magic mul: 9268548822156443648
occupancy after shift: 16
attacks: 1108171292712
get_rook_attacks for square 0
occupancy after mask: 281474976776534
occupancy after magic mul: 9935974939904125632
occupancy after shift: 2206
attacks: 258
get_rook_attacks for square 7
occupancy after mask: 36028797027385430
occupancy after magic mul: 16947233784024017664
occupancy after shift: 3763
attacks: 32832
get_bishop_attacks for square 11
occupancy after mask: 262144
occupancy after magic mul: 2342435374686535680
occupancy after shift: 4
attacks: 141012904443924
get_rook_attacks for square 11
occupancy after mask: 2251799813715456
occupancy after magic mul: 15494069400667865088
occupancy after shift: 860
attacks: 2260630401192968
get_bishop_attacks for square 52
occupancy after mask: 0
occupancy after magic mul: 0
occupancy after shift: 0
attacks: 2882348036221108224
get_bishop_attacks for square 58
occupancy after mask: 2814749767106560
occupancy after magic mul: 2328361007350546432
occupancy after shift: 4
attacks: 2814749767106560
get_rook_attacks for square 56
occupancy after mask: 6197234562238578944
occupancy after magic mul: 17834747450018103552
occupancy after shift: 3960
attacks: 144396663052566528
get_rook_attacks for square 63
occupancy after mask: 6232981884289187840
occupancy after magic mul: 6744858160569319424
occupancy after shift: 1497
attacks: 4647714815446351872
get_bishop_attacks for square 51
occupancy after mask: 0
occupancy after magic mul: 0
occupancy after shift: 0
attacks: 1441174018118909952
get_rook_attacks for square 51
occupancy after mask: 33214047251859456
occupancy after magic mul: 6593305313787772928
occupancy after shift: 366
attacks: 582099082425141248
get_bishop_attacks for square 52
occupancy after mask: 0
occupancy after magic mul: 0
occupancy after shift: 0
attacks: 2882348036221108224
get_bishop_attacks for square 58
occupancy after mask: 2814749767106560
occupancy after magic mul: 2328361007350546432
occupancy after shift: 4
attacks: 2814749767106560
get_rook_attacks for square 56
occupancy after mask: 6197234562238578944
occupancy after magic mul: 17834747450018103552
occupancy after shift: 3960
attacks: 144396663052566528
get_rook_attacks for square 63
occupancy after mask: 6232981884289187840
occupancy after magic mul: 6744858160569319424
occupancy after shift: 1497
attacks: 4647714815446351872
get_rook_attacks for square 51
occupancy after mask: 33214047251859456
occupancy after magic mul: 6593305313787772928
occupancy after shift: 366
attacks: 582099082425141248
get_bishop_attacks for square 51
occupancy after mask: 0
occupancy after magic mul: 0
occupancy after shift: 0
attacks: 1441174018118909952
Enter makemove
get_bishop_attacks for square 60
occupancy after mask: 11258999068426240
occupancy after magic mul: 2938598756859248640
occupancy after shift: 5
attacks: 11258999068426240
get_rook_attacks for square 60
occupancy after mask: 5048535182550765568
occupancy after magic mul: 17087362057205981184
occupancy after shift: 1897
attacks: 7786723755723587584
get_bishop_attacks for square 2
occupancy after mask: 2560
occupancy after magic mul: 1175443006172430336
occupancy after shift: 2
attacks: 2560
get_bishop_attacks for square 12
occupancy after mask: 2097152
occupancy after magic mul: 9268548822156443648
occupancy after shift: 16
attacks: 1108171292712
get_rook_attacks for square 0
occupancy after mask: 281474976776534
occupancy after magic mul: 9935974939904125632
occupancy after shift: 2206
attacks: 258
get_rook_attacks for square 7
occupancy after mask: 36028797027385430
occupancy after magic mul: 16947233784024017664
occupancy after shift: 3763
attacks: 32832
get_bishop_attacks for square 11
occupancy after mask: 262144
occupancy after magic mul: 2342435374686535680
occupancy after shift: 4
attacks: 141012904443924
get_rook_attacks for square 11
occupancy after mask: 2251799813715456
occupancy after magic mul: 15494069400667865088
occupancy after shift: 860
attacks: 2260630401192968
get_bishop_attacks for square 52
occupancy after mask: 0
occupancy after magic mul: 0
occupancy after shift: 0
attacks: 2882348036221108224
get_bishop_attacks for square 58
occupancy after mask: 2814749767106560
occupancy after magic mul: 2328361007350546432
occupancy after shift: 4
attacks: 2814749767106560
get_rook_attacks for square 57
occupancy after mask: 6053400849139368448
occupancy after magic mul: 1009440736925057536
occupancy after shift: 112
attacks: 360850920143060992
get_rook_attacks for square 63
occupancy after mask: 6232981884289187840
occupancy after magic mul: 6744858160569319424
occupancy after shift: 1497
attacks: 4647714815446351872
get_bishop_attacks for square 51
occupancy after mask: 0
occupancy after magic mul: 0
occupancy after shift: 0
attacks: 1441174018118909952
get_rook_attacks for square 51
occupancy after mask: 33214047251859456
occupancy after magic mul: 6593305313787772928
occupancy after shift: 366
attacks: 582099082425141248
get_bishop_attacks for square 2
occupancy after mask: 2560
occupancy after magic mul: 1175443006172430336
occupancy after shift: 2
attacks: 2560
get_bishop_attacks for square 12
occupancy after mask: 2097152
occupancy after magic mul: 9268548822156443648
occupancy after shift: 16
attacks: 1108171292712
get_rook_attacks for square 0
occupancy after mask: 281474976776534
occupancy after magic mul: 9935974939904125632
occupancy after shift: 2206
attacks: 258
get_rook_attacks for square 7
occupancy after mask: 36028797027385430
occupancy after magic mul: 16947233784024017664
occupancy after shift: 3763
attacks: 32832
get_rook_attacks for square 11
occupancy after mask: 2251799813715456
occupancy after magic mul: 15494069400667865088
occupancy after shift: 860
attacks: 2260630401192968
get_bishop_attacks for square 11
occupancy after mask: 262144
occupancy after magic mul: 2342435374686535680
occupancy after shift: 4
attacks: 141012904443924
Enter makemove
get_bishop_attacks for square 4
occupancy after mask: 272384
occupancy after magic mul: 12764626998232350720
occupancy after shift: 22
attacks: 10240
get_rook_attacks for square 4
occupancy after mask: 4503599895810118
occupancy after magic mul: 3416173561235255296
occupancy after shift: 379
attacks: 4204
get_bishop_attacks for square 2
occupancy after mask: 2560
occupancy after magic mul: 1175443006172430336
occupancy after shift: 2
attacks: 2560
get_bishop_attacks for square 12
occupancy after mask: 2097152
occupancy after magic mul: 9268548822156443648
occupancy after shift: 16
attacks: 1108171292712
get_rook_attacks for square 0
occupancy after mask: 281474976776534
occupancy after magic mul: 9935974939904125632
occupancy after shift: 2206
attacks: 258
get_rook_attacks for square 7
occupancy after mask: 36028797027385430
occupancy after magic mul: 16947233784024017664
occupancy after shift: 3763
attacks: 32832
get_bishop_attacks for square 11
occupancy after mask: 262144
occupancy after magic mul: 2342435374686535680
occupancy after shift: 4
attacks: 141012904443924
get_rook_attacks for square 11
occupancy after mask: 2251799813715456
occupancy after magic mul: 15494069400667865088
occupancy after shift: 860
attacks: 2260630401192968
get_bishop_attacks for square 52
occupancy after mask: 0
occupancy after magic mul: 0
occupancy after shift: 0
attacks: 2882348036221108224
get_bishop_attacks for square 58
occupancy after mask: 2814749767106560
occupancy after magic mul: 2328361007350546432
occupancy after shift: 4
attacks: 2814749767106560
get_rook_attacks for square 57
occupancy after mask: 6053400849139368448
occupancy after magic mul: 1009440736925057536
occupancy after shift: 112
attacks: 360850920143060992
get_rook_attacks for square 63
occupancy after mask: 6232981884289187840
occupancy after magic mul: 6744858160569319424
occupancy after shift: 1497
attacks: 4647714815446351872
get_bishop_attacks for square 51
occupancy after mask: 0
occupancy after magic mul: 0
occupancy after shift: 0
attacks: 1441174018118909952
get_rook_attacks for square 51
occupancy after mask: 33214047251859456
occupancy after magic mul: 6593305313787772928
occupancy after shift: 366
attacks: 582099082425141248
Enter makemove
get_bishop_attacks for square 4
occupancy after mask: 272384
occupancy after magic mul: 12764626998232350720
occupancy after shift: 22
attacks: 10240
get_rook_attacks for square 4
occupancy after mask: 4503599895810118
occupancy after magic mul: 3416173561235255296
occupancy after shift: 379
attacks: 4204
get_bishop_attacks for square 2
occupancy after mask: 2560
occupancy after magic mul: 1175443006172430336
occupancy after shift: 2
attacks: 2560
get_bishop_attacks for square 12
occupancy after mask: 2097152
occupancy after magic mul: 9268548822156443648
occupancy after shift: 16
attacks: 1108171292712
get_rook_attacks for square 0
occupancy after mask: 281474976776534
occupancy after magic mul: 9935974939904125632
occupancy after shift: 2206
attacks: 258
get_rook_attacks for square 7
occupancy after mask: 36028797027385430
occupancy after magic mul: 16947233784024017664
occupancy after shift: 3763
attacks: 32832
get_bishop_attacks for square 11
occupancy after mask: 262144
occupancy after magic mul: 2342435374686535680
occupancy after shift: 4
attacks: 141012904443924
get_rook_attacks for square 11
occupancy after mask: 2251799813715456
occupancy after magic mul: 15494069400667865088
occupancy after shift: 860
attacks: 2260630401192968
get_bishop_attacks for square 52
occupancy after mask: 0
occupancy after magic mul: 0
occupancy after shift: 0
attacks: 2882348036221108224
get_bishop_attacks for square 58
occupancy after mask: 2814749767106560
occupancy after magic mul: 2328361007350546432
occupancy after shift: 4
attacks: 2814749767106560
get_rook_attacks for square 57
occupancy after mask: 6053400849139368448
occupancy after magic mul: 1009440736925057536
occupancy after shift: 112
attacks: 360850920143060992
get_rook_attacks for square 63
occupancy after mask: 6232981884289187840
occupancy after magic mul: 6744858160569319424
occupancy after shift: 1497
attacks: 4647714815446351872
get_bishop_attacks for square 51
occupancy after mask: 0
occupancy after magic mul: 0
occupancy after shift: 0
attacks: 1441174018118909952
get_rook_attacks for square 51
occupancy after mask: 33214047251859456
occupancy after magic mul: 6593305313787772928
occupancy after shift: 366
attacks: 582099082425141248
Enter makemove
get_bishop_attacks for square 4
occupancy after mask: 272384
occupancy after magic mul: 12764626998232350720
occupancy after shift: 22
attacks: 10240
get_rook_attacks for square 4
occupancy after mask: 4503599895810118
occupancy after magic mul: 3416173561235255296
occupancy after shift: 379
attacks: 4204
get_bishop_attacks for square 2
occupancy after mask: 2560
occupancy after magic mul: 1175443006172430336
occupancy after shift: 2
attacks: 2560
get_bishop_attacks for square 12
occupancy after mask: 2097152
occupancy after magic mul: 9268548822156443648
occupancy after shift: 16
attacks: 1108171292712
get_rook_attacks for square 0
occupancy after mask: 281474976776534
occupancy after magic mul: 9935974939904125632
occupancy after shift: 2206
attacks: 258
get_rook_attacks for square 7
occupancy after mask: 36028797027385430
occupancy after magic mul: 16947233784024017664
occupancy after shift: 3763
attacks: 32832
get_bishop_attacks for square 11
occupancy after mask: 262144
occupancy after magic mul: 2342435374686535680
occupancy after shift: 4
attacks: 141012904443924
get_rook_attacks for square 11
occupancy after mask: 2251799813715456
occupancy after magic mul: 15494069400667865088
occupancy after shift: 860
attacks: 2260630401192968
get_bishop_attacks for square 52
occupancy after mask: 0
occupancy after magic mul: 0
occupancy after shift: 0
attacks: 2882348036221108224
get_bishop_attacks for square 58
occupancy after mask: 2814749767106560
occupancy after magic mul: 2328361007350546432
occupancy after shift: 4
attacks: 2814749767106560
get_rook_attacks for square 57
occupancy after mask: 6053400849139368448
occupancy after magic mul: 1009440736925057536
occupancy after shift: 112
attacks: 360850920143060992
get_rook_attacks for square 63
occupancy after mask: 6232981884289187840
occupancy after magic mul: 6744858160569319424
occupancy after shift: 1497
attacks: 4647714815446351872
get_bishop_attacks for square 51
occupancy after mask: 0
occupancy after magic mul: 0
occupancy after shift: 0
attacks: 1441174018118909952
get_rook_attacks for square 51
occupancy after mask: 33214047251859456
occupancy after magic mul: 6593305313787772928
occupancy after shift: 366
attacks: 582099082425141248
Enter makemove
get_bishop_attacks for square 4
occupancy after mask: 272384
occupancy after magic mul: 12764626998232350720
occupancy after shift: 22
attacks: 10240
get_rook_attacks for square 4
occupancy after mask: 4503599895810118
occupancy after magic mul: 3416173561235255296
occupancy after shift: 379
attacks: 4204
get_bishop_attacks for square 2
occupancy after mask: 2560
occupancy after magic mul: 1175443006172430336
occupancy after shift: 2
attacks: 2560
get_bishop_attacks for square 12
occupancy after mask: 2097152
occupancy after magic mul: 9268548822156443648
occupancy after shift: 16
attacks: 1108171292712
get_rook_attacks for square 0
occupancy after mask: 281474976776534
occupancy after magic mul: 9935974939904125632
occupancy after shift: 2206
attacks: 258
get_rook_attacks for square 7
occupancy after mask: 36028797027385430
occupancy after magic mul: 16947233784024017664
occupancy after shift: 3763
attacks: 32832
get_bishop_attacks for square 11
occupancy after mask: 262144
occupancy after magic mul: 2342435374686535680
occupancy after shift: 4
attacks: 141012904443924
get_rook_attacks for square 11
occupancy after mask: 2251799813715456
occupancy after magic mul: 15494069400667865088
occupancy after shift: 860
attacks: 2260630401192968
get_bishop_attacks for square 52
occupancy after mask: 0
occupancy after magic mul: 0
occupancy after shift: 0
attacks: 2882348036221108224
get_bishop_attacks for square 58
occupancy after mask: 2814749767106560
occupancy after magic mul: 2328361007350546432
occupancy after shift: 4
attacks: 2814749767106560
get_rook_attacks for square 57
occupancy after mask: 6053400849139368448
occupancy after magic mul: 1009440736925057536
occupancy after shift: 112
attacks: 360850920143060992
get_rook_attacks for square 63
occupancy after mask: 6232981884289187840
occupancy after magic mul: 6744858160569319424
occupancy after shift: 1497
attacks: 4647714815446351872
get_bishop_attacks for square 51
occupancy after mask: 0
occupancy after magic mul: 0
occupancy after shift: 0
attacks: 1441174018118909952
get_rook_attacks for square 51
occupancy after mask: 33214047251859456
occupancy after magic mul: 6593305313787772928
occupancy after shift: 366
attacks: 582099082425141248
Enter makemove
get_bishop_attacks for square 4
occupancy after mask: 272384
occupancy after magic mul: 12764626998232350720
occupancy after shift: 22
attacks: 10240
get_rook_attacks for square 4
occupancy after mask: 4503599895810118
occupancy after magic mul: 3416173561235255296
occupancy after shift: 379
attacks: 4204
get_bishop_attacks for square 2
occupancy after mask: 2560
occupancy after magic mul: 1175443006172430336
occupancy after shift: 2
attacks: 2560
get_bishop_attacks for square 12
occupancy after mask: 2097152
occupancy after magic mul: 9268548822156443648
occupancy after shift: 16
attacks: 1108171292712
get_rook_attacks for square 0
occupancy after mask: 281474976776534
occupancy after magic mul: 9935974939904125632
occupancy after shift: 2206
attacks: 258
get_rook_attacks for square 7
occupancy after mask: 36028797027385430
occupancy after magic mul: 16947233784024017664
occupancy after shift: 3763
attacks: 32832
get_bishop_attacks for square 11
occupancy after mask: 262144
occupancy after magic mul: 2342435374686535680
occupancy after shift: 4
attacks: 141012904443924
get_rook_attacks for square 11
occupancy after mask: 2251799813715456
occupancy after magic mul: 15494069400667865088
occupancy after shift: 860
attacks: 2260630401192968
get_bishop_attacks for square 52
occupancy after mask: 0
occupancy after magic mul: 0
occupancy after shift: 0
attacks: 2882348036221108224
get_bishop_attacks for square 58
occupancy after mask: 2814749767106560
occupancy after magic mul: 2328361007350546432
occupancy after shift: 4
attacks: 2814749767106560
get_rook_attacks for square 57
occupancy after mask: 6053400849139368448
occupancy after magic mul: 1009440736925057536
occupancy after shift: 112
attacks: 360850920143060992
get_rook_attacks for square 63
occupancy after mask: 6232981884289187840
occupancy after magic mul: 6744858160569319424
occupancy after shift: 1497
attacks: 4647714815446351872
get_bishop_attacks for square 51
occupancy after mask: 0
occupancy after magic mul: 0
occupancy after shift: 0
attacks: 1441174018118909952
get_rook_attacks for square 51
occupancy after mask: 33214047251859456
occupancy after magic mul: 6593305313787772928
occupancy after shift: 366
attacks: 582099082425141248
Enter makemove
get_bishop_attacks for square 4
occupancy after mask: 272384
occupancy after magic mul: 12764626998232350720
occupancy after shift: 22
attacks: 10240
get_rook_attacks for square 4
occupancy after mask: 4503599895810118
occupancy after magic mul: 3416173561235255296
occupancy after shift: 379
attacks: 4204
get_bishop_attacks for square 2
occupancy after mask: 2560
occupancy after magic mul: 1175443006172430336
occupancy after shift: 2
attacks: 2560
get_bishop_attacks for square 12
occupancy after mask: 2097152
occupancy after magic mul: 9268548822156443648
occupancy after shift: 16
attacks: 1108171292712
get_rook_attacks for square 0
occupancy after mask: 281474976776534
occupancy after magic mul: 9935974939904125632
occupancy after shift: 2206
attacks: 258
get_rook_attacks for square 7
occupancy after mask: 36028797027385430
occupancy after magic mul: 16947233784024017664
occupancy after shift: 3763
attacks: 32832
get_bishop_attacks for square 11
occupancy after mask: 262144
occupancy after magic mul: 2342435374686535680
occupancy after shift: 4
attacks: 141012904443924
get_rook_attacks for square 11
occupancy after mask: 2251799813715456
occupancy after magic mul: 15494069400667865088
occupancy after shift: 860
attacks: 2260630401192968
get_bishop_attacks for square 52
occupancy after mask: 0
occupancy after magic mul: 0
occupancy after shift: 0
attacks: 2882348036221108224
get_bishop_attacks for square 58
occupancy after mask: 2814749767106560
occupancy after magic mul: 2328361007350546432
occupancy after shift: 4
attacks: 2814749767106560
get_rook_attacks for square 57
occupancy after mask: 6053400849139368448
occupancy after magic mul: 1009440736925057536
occupancy after shift: 112
attacks: 360850920143060992
get_rook_attacks for square 63
occupancy after mask: 6232981884289187840
occupancy after magic mul: 6744858160569319424
occupancy after shift: 1497
attacks: 4647714815446351872
get_bishop_attacks for square 51
occupancy after mask: 0
occupancy after magic mul: 0
occupancy after shift: 0
attacks: 1441174018118909952
get_rook_attacks for square 51
occupancy after mask: 33214047251859456
occupancy after magic mul: 6593305313787772928
occupancy after shift: 366
attacks: 582099082425141248
get_bishop_attacks for square 52
occupancy after mask: 0
occupancy after magic mul: 0
occupancy after shift: 0
attacks: 2882348036221108224
get_bishop_attacks for square 58
occupancy after mask: 2814749767106560
occupancy after magic mul: 2328361007350546432
occupancy after shift: 4
attacks: 2814749767106560
get_rook_attacks for square 57
occupancy after mask: 6053400849139368448
occupancy after magic mul: 1009440736925057536
occupancy after shift: 112
attacks: 360850920143060992
get_rook_attacks for square 63
occupancy after mask: 6232981884289187840
occupancy after magic mul: 6744858160569319424
occupancy after shift: 1497
attacks: 4647714815446351872
get_rook_attacks for square 51
occupancy after mask: 33214047251859456
occupancy after magic mul: 6593305313787772928
occupancy after shift: 366
attacks: 582099082425141248
get_bishop_attacks for square 51
occupancy after mask: 0
occupancy after magic mul: 0
occupancy after shift: 0
attacks: 1441174018118909952
Enter makemove
get_bishop_attacks for square 60
occupancy after mask: 11258999068426240
occupancy after magic mul: 2938598756859248640
occupancy after shift: 5
attacks: 11258999068426240
get_rook_attacks for square 60
occupancy after mask: 4904419994474909696
occupancy after magic mul: 16799131681054269440
occupancy after shift: 1865
attacks: 7786723755723587584
get_bishop_attacks for square 2
occupancy after mask: 2560
occupancy after magic mul: 1175443006172430336
occupancy after shift: 2
attacks: 2560
get_bishop_attacks for square 12
occupancy after mask: 2097152
occupancy after magic mul: 9268548822156443648
occupancy after shift: 16
attacks: 1108171292712
get_rook_attacks for square 0
occupancy after mask: 281474976776534
occupancy after magic mul: 9935974939904125632
occupancy after shift: 2206
attacks: 258
get_rook_attacks for square 7
occupancy after mask: 36028797027385430
occupancy after magic mul: 16947233784024017664
occupancy after shift: 3763
attacks: 32832
get_bishop_attacks for square 11
occupancy after mask: 262144
occupancy after magic mul: 2342435374686535680
occupancy after shift: 4
attacks: 141012904443924
get_rook_attacks for square 11
occupancy after mask: 2251799813715456
occupancy after magic mul: 15494069400667865088
occupancy after shift: 860
attacks: 2260630401192968
get_bishop_attacks for square 52
occupancy after mask: 0
occupancy after magic mul: 0
occupancy after shift: 0
attacks: 2882348036221108224
get_bishop_attacks for square 58
occupancy after mask: 2814749767106560
occupancy after magic mul: 2328361007350546432
occupancy after shift: 4
attacks: 2814749767106560
get_rook_attacks for square 57
occupancy after mask: 6053400849139368448
occupancy after magic mul: 1009440736925057536
occupancy after shift: 112
attacks: 360850920143060992
get_rook_attacks for square 63
occupancy after mask: 6088866696213331968
occupancy after magic mul: 15679999821272383488
occupancy after shift: 3481
attacks: 4647714815446351872
get_bishop_attacks for square 51
occupancy after mask: 0
occupancy after magic mul: 0
occupancy after shift: 0
attacks: 1441174018118909952
get_rook_attacks for square 51
occupancy after mask: 33214047251859456
occupancy after magic mul: 6593305313787772928
occupancy after shift: 366
attacks: 582099082425141248
Enter makemove
get_bishop_attacks for square 60
occupancy after mask: 11258999068426240
occupancy after magic mul: 2938598756859248640
occupancy after shift: 5
attacks: 11258999068426240
get_rook_attacks for square 60
occupancy after mask: 5048535182550765568
occupancy after magic mul: 17087362057205981184
occupancy after shift: 1897
attacks: 7786723755723587584
get_bishop_attacks for square 2
occupancy after mask: 2560
occupancy after magic mul: 1175443006172430336
occupancy after shift: 2
attacks: 2560
get_bishop_attacks for square 12
occupancy after mask: 2097152
occupancy after magic mul: 9268548822156443648
occupancy after shift: 16
attacks: 1108171292712
get_rook_attacks for square 0
occupancy after mask: 281474976776534
occupancy after magic mul: 9935974939904125632
occupancy after shift: 2206
attacks: 258
get_rook_attacks for square 7
occupancy after mask: 36028797027385430
occupancy after magic mul: 16947233784024017664
occupancy after shift: 3763
attacks: 32832
get_bishop_attacks for square 11
occupancy after mask: 262144
occupancy after magic mul: 2342435374686535680
occupancy after shift: 4
attacks: 141012904443924
get_rook_attacks for square 11
occupancy after mask: 2251799813715456
occupancy after magic mul: 15494069400667865088
occupancy after shift: 860
attacks: 2260630401192968
get_bishop_attacks for square 52
occupancy after mask: 0
occupancy after magic mul: 0
occupancy after shift: 0
attacks: 2882348036221108224
get_bishop_attacks for square 58
occupancy after mask: 2814749767106560
occupancy after magic mul: 2328361007350546432
occupancy after shift: 4
attacks: 2814749767106560
get_rook_attacks for square 57
occupancy after mask: 6053400849139368448
occupancy after magic mul: 1009440736925057536
occupancy after shift: 112
attacks: 360850920143060992
get_rook_attacks for square 62
occupancy after mask: 1603281467343912960
occupancy after magic mul: 8738111378178506752
occupancy after shift: 970
attacks: 12700150949184798720
get_bishop_attacks for square 51
occupancy after mask: 0
occupancy after magic mul: 0
occupancy after shift: 0
attacks: 1441174018118909952
get_rook_attacks for square 51
occupancy after mask: 33214047251859456
occupancy after magic mul: 6593305313787772928
occupancy after shift: 366
attacks: 582099082425141248
Enter makemove
get_bishop_attacks for square 60
occupancy after mask: 9007199254740992
occupancy after magic mul: 2350879005487398912
occupancy after shift: 4
attacks: 11263405721649152
get_rook_attacks for square 60
occupancy after mask: 5048535182550765568
occupancy after magic mul: 17087362057205981184
occupancy after shift: 1897
attacks: 7786723755723587584
get_bishop_attacks for square 2
occupancy after mask: 2560
occupancy after magic mul: 1175443006172430336
occupancy after shift: 2
attacks: 2560
get_bishop_attacks for square 12
occupancy after mask: 2097152
occupancy after magic mul: 9268548822156443648
occupancy after shift: 16
attacks: 1108171292712
get_rook_attacks for square 0
occupancy after mask: 281474976776534
occupancy after magic mul: 9935974939904125632
occupancy after shift: 2206
attacks: 258
get_rook_attacks for square 7
occupancy after mask: 36028797027385430
occupancy after magic mul: 16947233784024017664
occupancy after shift: 3763
attacks: 32832
get_bishop_attacks for square 11
occupancy after mask: 262144
occupancy after magic mul: 2342435374686535680
occupancy after shift: 4
attacks: 141012904443924
get_rook_attacks for square 11
occupancy after mask: 30208
occupancy after magic mul: 15422011806629937152
occupancy after shift: 856
attacks: 578721382704616456
get_bishop_attacks for square 52
occupancy after mask: 0
occupancy after magic mul: 0
occupancy after shift: 0
attacks: 2882348036221108224
get_bishop_attacks for square 58
occupancy after mask: 562949953421312
occupancy after magic mul: 11533718645695840256
occupancy after shift: 20
attacks: 2832480474234880
get_rook_attacks for square 57
occupancy after mask: 6053400849139368448
occupancy after magic mul: 1009440736925057536
occupancy after shift: 112
attacks: 360850920143060992
get_rook_attacks for square 63
occupancy after mask: 6232981884289187840
occupancy after magic mul: 6744858160569319424
occupancy after shift: 1497
attacks: 4647714815446351872
get_bishop_attacks for square 51
occupancy after mask: 0
occupancy after magic mul: 0
occupancy after shift: 0
attacks: 1441174018118909952
get_rook_attacks for square 51
occupancy after mask: 33214047251859456
occupancy after magic mul: 6593305313787772928
occupancy after shift: 366
attacks: 582099082425141248
Enter makemove
get_bishop_attacks for square 60
occupancy after mask: 9007199254740992
occupancy after magic mul: 2350879005487398912
occupancy after shift: 4
attacks: 11263405721649152
get_rook_attacks for square 60
occupancy after mask: 5048535182550765568
occupancy after magic mul: 17087362057205981184
occupancy after shift: 1897
attacks: 7786723755723587584
get_bishop_attacks for square 2
occupancy after mask: 2560
occupancy after magic mul: 1175443006172430336
occupancy after shift: 2
attacks: 2560
get_bishop_attacks for square 12
occupancy after mask: 2097152
occupancy after magic mul: 9268548822156443648
occupancy after shift: 16
attacks: 1108171292712
get_rook_attacks for square 0
occupancy after mask: 281474976776534
occupancy after magic mul: 9935974939904125632
occupancy after shift: 2206
attacks: 258
get_rook_attacks for square 7
occupancy after mask: 36028797027385430
occupancy after magic mul: 16947233784024017664
occupancy after shift: 3763
attacks: 32832
get_bishop_attacks for square 11
occupancy after mask: 262144
occupancy after magic mul: 2342435374686535680
occupancy after shift: 4
attacks: 141012904443924
get_rook_attacks for square 11
occupancy after mask: 30208
occupancy after magic mul: 15422011806629937152
occupancy after shift: 856
attacks: 578721382704616456
get_bishop_attacks for square 52
occupancy after mask: 0
occupancy after magic mul: 0
occupancy after shift: 0
attacks: 2882348036221108224
get_bishop_attacks for square 58
occupancy after mask: 562949953421312
occupancy after magic mul: 11533718645695840256
occupancy after shift: 20
attacks: 2832480474234880
get_rook_attacks for square 57
occupancy after mask: 6053400849139368448
occupancy after magic mul: 1009440736925057536
occupancy after shift: 112
attacks: 360850920143060992
get_rook_attacks for square 63
occupancy after mask: 6232981884289187840
occupancy after magic mul: 6744858160569319424
occupancy after shift: 1497
attacks: 4647714815446351872
get_bishop_attacks for square 51
occupancy after mask: 0
occupancy after magic mul: 0
occupancy after shift: 0
attacks: 1441174018118909952
get_rook_attacks for square 51
occupancy after mask: 33214047251859456
occupancy after magic mul: 6593305313787772928
occupancy after shift: 366
attacks: 582099082425141248
Enter makemove
get_bishop_attacks for square 60
occupancy after mask: 9007199254740992
occupancy after magic mul: 2350879005487398912
occupancy after shift: 4
attacks: 11263405721649152
get_rook_attacks for square 60
occupancy after mask: 5048535182550765568
occupancy after magic mul: 17087362057205981184
occupancy after shift: 1897
attacks: 7786723755723587584
get_bishop_attacks for square 2
occupancy after mask: 2560
occupancy after magic mul: 1175443006172430336
occupancy after shift: 2
attacks: 2560
get_bishop_attacks for square 12
occupancy after mask: 2097152
occupancy after magic mul: 9268548822156443648
occupancy after shift: 16
attacks: 1108171292712
get_rook_attacks for square 0
occupancy after mask: 281474976776534
occupancy after magic mul: 9935974939904125632
occupancy after shift: 2206
attacks: 258
get_rook_attacks for square 7
occupancy after mask: 36028797027385430
occupancy after magic mul: 16947233784024017664
occupancy after shift: 3763
attacks: 32832
get_bishop_attacks for square 11
occupancy after mask: 262144
occupancy after magic mul: 2342435374686535680
occupancy after shift: 4
attacks: 141012904443924
get_rook_attacks for square 11
occupancy after mask: 30208
occupancy after magic mul: 15422011806629937152
occupancy after shift: 856
attacks: 578721382704616456
get_bishop_attacks for square 52
occupancy after mask: 0
occupancy after magic mul: 0
occupancy after shift: 0
attacks: 2882348036221108224
get_bishop_attacks for square 58
occupancy after mask: 562949953421312
occupancy after magic mul: 11533718645695840256
occupancy after shift: 20
attacks: 2832480474234880
get_rook_attacks for square 57
occupancy after mask: 6053400849139368448
occupancy after magic mul: 1009440736925057536
occupancy after shift: 112
attacks: 360850920143060992
get_rook_attacks for square 63
occupancy after mask: 6232981884289187840
occupancy after magic mul: 6744858160569319424
occupancy after shift: 1497
attacks: 4647714815446351872
get_bishop_attacks for square 51
occupancy after mask: 0
occupancy after magic mul: 0
occupancy after shift: 0
attacks: 1441174018118909952
get_rook_attacks for square 51
occupancy after mask: 33214047251859456
occupancy after magic mul: 6593305313787772928
occupancy after shift: 366
attacks: 582099082425141248
Enter makemove
get_bishop_attacks for square 60
occupancy after mask: 11258999068426240
occupancy after magic mul: 2938598756859248640
occupancy after shift: 5
attacks: 11258999068426240
get_rook_attacks for square 60
occupancy after mask: 5048535182550765568
occupancy after magic mul: 17087362057205981184
occupancy after shift: 1897
attacks: 7786723755723587584
get_bishop_attacks for square 2
occupancy after mask: 2560
occupancy after magic mul: 1175443006172430336
occupancy after shift: 2
attacks: 2560
get_bishop_attacks for square 12
occupancy after mask: 2097152
occupancy after magic mul: 9268548822156443648
occupancy after shift: 16
attacks: 1108171292712
get_rook_attacks for square 0
occupancy after mask: 281474976776534
occupancy after magic mul: 9935974939904125632
occupancy after shift: 2206
attacks: 258
get_rook_attacks for square 7
occupancy after mask: 36028797027385430
occupancy after magic mul: 16947233784024017664
occupancy after shift: 3763
attacks: 32832
get_bishop_attacks for square 11
occupancy after mask: 262144
occupancy after magic mul: 2342435374686535680
occupancy after shift: 4
attacks: 141012904443924
get_rook_attacks for square 11
occupancy after mask: 2251799813715456
occupancy after magic mul: 15494069400667865088
occupancy after shift: 860
attacks: 2260630401192968
get_bishop_attacks for square 52
occupancy after mask: 0
occupancy after magic mul: 0
occupancy after shift: 0
attacks: 2882348036221108224
get_bishop_attacks for square 58
occupancy after mask: 2814749767106560
occupancy after magic mul: 2328361007350546432
occupancy after shift: 4
attacks: 2814749767106560
get_rook_attacks for square 56
occupancy after mask: 6197234562238578944
occupancy after magic mul: 17834747450018103552
occupancy after shift: 3960
attacks: 144396663052566528
get_rook_attacks for square 62
occupancy after mask: 1603281467343912960
occupancy after magic mul: 8738111378178506752
occupancy after shift: 970
attacks: 12700150949184798720
get_bishop_attacks for square 51
occupancy after mask: 0
occupancy after magic mul: 0
occupancy after shift: 0
attacks: 1441174018118909952
get_rook_attacks for square 51
occupancy after mask: 33214047251859456
occupancy after magic mul: 6593305313787772928
occupancy after shift: 366
attacks: 582099082425141248
get_bishop_attacks for square 2
occupancy after mask: 2560
occupancy after magic mul: 1175443006172430336
occupancy after shift: 2
attacks: 2560
get_bishop_attacks for square 12
occupancy after mask: 2097152
occupancy after magic mul: 9268548822156443648
occupancy after shift: 16
attacks: 1108171292712
get_rook_attacks for square 0
occupancy after mask: 281474976776534
occupancy after magic mul: 9935974939904125632
occupancy after shift: 2206
attacks: 258
get_rook_attacks for square 7
occupancy after mask: 36028797027385430
occupancy after magic mul: 16947233784024017664
occupancy after shift: 3763
attacks: 32832
get_rook_attacks for square 11
occupancy after mask: 2251799813715456
occupancy after magic mul: 15494069400667865088
occupancy after shift: 860
attacks: 2260630401192968
get_bishop_attacks for square 11
occupancy after mask: 262144
occupancy after magic mul: 2342435374686535680
occupancy after shift: 4
attacks: 141012904443924
Enter makemove
Enter makemove
Enter makemove
Enter makemove
Enter makemove
Enter makemove
Enter makemove
Enter makemove
Enter makemove
Enter makemove
Enter makemove
Enter makemove
Enter makemove
Enter makemove
Enter makemove
Enter makemove
Enter makemove
Enter makemove
Enter makemove
Enter makemove
Enter makemove
Enter makemove
Enter makemove
Enter makemove
Enter makemove
Enter makemove
Enter makemove
Enter makemove
Enter makemove
Enter makemove
Enter makemove
Enter makemove
Undoing move: d8d7
Searching move 11: c8b7
Enter makemove
Searching move 12: f8g7
Enter makemove
Searching move 13: a8a7
Enter makemove
Searching move 14: h8h7
Enter makemove
Searching move 15: d8c7
Enter makemove
Searching move 16: h7h6
Enter makemove
Searching move 17: b8a6
Enter makemove
Searching move 18: b8c6
Enter makemove
Searching move 19: d7d6
Enter makemove
Searching move 20: g8f6
Enter makemove
Searching move 21: g8h6
Enter makemove
Searching move 22: c7c5
Enter makemove
Searching move 23: f7f5
Enter makemove
Searching move 24: e7e5
Enter makemove
Searching move 25: c7c6
Enter makemove
Searching move 26: f7f6
Enter makemove
Searching move 27: g7g5
Enter makemove
Searching move 28: b7b5
Enter makemove
Searching move 29: g7g6
Enter makemove
Searching move 30: b7b6
Enter makemove
Searching move 31: h7h5
Enter makemove
Searching move 32: e7e6
Enter makemove
Searching move 33: d7d5
Enter makemove
Searching move 34: a7a6
Enter makemove
Searching move 35: a7a5
Enter makemove
Undoing move: e2e4
Searching move 2: b2b4
Enter makemove
Searching move 3: d2d3
Enter makemove
Searching move 4: e2e3
Enter makemove
Searching move 5: b2b3
Enter makemove
Searching move 6: g2g3
Enter makemove
Searching move 7: g2g4
Enter makemove
Searching move 8: a3a4
Enter makemove
Searching move 9: b3b4
Enter makemove
Searching move 10: c3c4
Enter makemove
Searching move 11: d3d4
Enter makemove
Searching move 12: e3e4
Enter makemove
Searching move 13: f3f4
Enter makemove
Searching move 14: g3g4
Enter makemove
Searching move 15: h3h4
Enter makemove
Searching move 16: b1a2
Enter makemove
Searching move 17: c1b2
Enter makemove
Searching move 18: c1d2
Enter makemove
Searching move 19: e1d2
Enter makemove
Searching move 20: g1h2
Enter makemove
Searching move 21: b2a3
Enter makemove
Searching move 22: b2c3
Enter makemove
Searching move 23: d2c3
Enter makemove
Searching move 24: g2h3
Enter makemove
Searching move 25: c1b2
Enter makemove
Searching move 26: c1d2
Enter makemove
Searching move 27: d1d2
Enter makemove
Searching move 28: e2f3
Enter makemove
Searching move 29: g2f3
Enter makemove
Searching move 30: d2d4
Enter makemove
Searching move 31: b1c2
Enter makemove
Searching move 32: a1b1
Enter makemove
Searching move 33: h1g1
Enter makemove
Searching move 34: d1c1
Enter makemove
Searching move 35: d1e1
Enter makemove
Searching move 36: f1e2
Enter makemove
Searching move 37: f1g2
Enter makemove
Searching move 38: d1e2
Enter makemove
Searching move 39: a1a2
Enter makemove
Searching move 40: h1h2
Enter makemove
Searching move 41: d1c2
Enter makemove
Searching move 42: h4h5
Enter makemove
Searching move 43: g4g5
Enter makemove
Searching move 44: d4d5
Enter makemove
Searching move 45: b4b5
Enter makemove
Searching move 46: c4c5
Enter makemove
Searching move 47: f4f5
Enter makemove
Searching move 48: a4a5
Enter makemove
Searching move 49: e4e5
Enter makemove
tt.probe called with key = 14183000919105160113, num_entries = 18350080
calculated index = 1917873
Accessing table[index].key
Enter makemove
tt.probe called with key = 6172005723082967652, num_entries = 18350080
calculated index = 17418852
Accessing table[index].key
Enter makemove
Engine finished.
